CREATE DATABASE  IF NOT EXISTS `db_tafebuddy` /*!40100 DEFAULT CHARACTER SET latin1 */;
USE `db_tafebuddy`;
-- MySQL dump 10.13  Distrib 8.0.15, for Win64 (x86_64)
--
-- Host: localhost    Database: db_tafebuddy
-- ------------------------------------------------------
-- Server version	8.0.15

/*!40101 SET @OLD_CHARACTER_SET_CLIENT=@@CHARACTER_SET_CLIENT */;
/*!40101 SET @OLD_CHARACTER_SET_RESULTS=@@CHARACTER_SET_RESULTS */;
/*!40101 SET @OLD_COLLATION_CONNECTION=@@COLLATION_CONNECTION */;
 SET NAMES utf8 ;
/*!40103 SET @OLD_TIME_ZONE=@@TIME_ZONE */;
/*!40103 SET TIME_ZONE='+00:00' */;
/*!40014 SET @OLD_UNIQUE_CHECKS=@@UNIQUE_CHECKS, UNIQUE_CHECKS=0 */;
/*!40014 SET @OLD_FOREIGN_KEY_CHECKS=@@FOREIGN_KEY_CHECKS, FOREIGN_KEY_CHECKS=0 */;
/*!40101 SET @OLD_SQL_MODE=@@SQL_MODE, SQL_MODE='NO_AUTO_VALUE_ON_ZERO' */;
/*!40111 SET @OLD_SQL_NOTES=@@SQL_NOTES, SQL_NOTES=0 */;

--
-- Table structure for table `campus`
--

DROP TABLE IF EXISTS `campus`;
/*!40101 SET @saved_cs_client     = @@character_set_client */;
 SET character_set_client = utf8mb4 ;
CREATE TABLE `campus` (
  `CampusCode` char(3) NOT NULL,
  `CampusName` varchar(32) NOT NULL,
  PRIMARY KEY (`CampusCode`)
) ENGINE=InnoDB DEFAULT CHARSET=utf8mb4 COLLATE=utf8mb4_0900_ai_ci;
/*!40101 SET character_set_client = @saved_cs_client */;

--
-- Dumping data for table `campus`
--

LOCK TABLES `campus` WRITE;
/*!40000 ALTER TABLE `campus` DISABLE KEYS */;
INSERT INTO `campus` VALUES ('ADL','Adelaide City'),('BER','Berri'),('BVA','Barossa Valley'),('ELZ','Elizabeth'),('GIL','Gilles Plains'),('MTB','Mount Barker'),('MTG','Mount Gambier'),('NOA','Noarlunga'),('PAD','Port Adelaide'),('PPI','Port Pirie'),('WHY','Whyalla');
/*!40000 ALTER TABLE `campus` ENABLE KEYS */;
UNLOCK TABLES;

--
-- Table structure for table `competency`
--

DROP TABLE IF EXISTS `competency`;
/*!40101 SET @saved_cs_client     = @@character_set_client */;
 SET character_set_client = utf8mb4 ;
CREATE TABLE `competency` (
  `TafeCompCode` varchar(10) NOT NULL,
  `NationalCompCode` varchar(20) NOT NULL,
  `CompetencyName` varchar(128) NOT NULL,
  `Hours` int(11) NOT NULL,
  PRIMARY KEY (`TafeCompCode`),
  KEY `NationalCompCode` (`NationalCompCode`)
) ENGINE=InnoDB DEFAULT CHARSET=utf8mb4 COLLATE=utf8mb4_0900_ai_ci;
/*!40101 SET character_set_client = @saved_cs_client */;

--
-- Dumping data for table `competency`
--

LOCK TABLES `competency` WRITE;
/*!40000 ALTER TABLE `competency` DISABLE KEYS */;
INSERT INTO `competency` VALUES ('','BSBEBU501A','Investigate and design e business solutions',50),('AABEM','ICADMT403A','Produce and edit digital images',40),('AABEN','ICAGAM301A','Apply simple modelling techniques',50),('AABES','ICAGAM403A','Create design documents for interactive games',30),('AABET','ICAGAM409A','Create 3-D characters for interactive games',40),('AABEX','ICAGAM413A','Design and create 3-D digital models',50),('AABEY','ICAGAM501A','Create design concepts for digital games and 3-D media',30),('AABEZ','ICAGAM503A','Create a complex 3-D interactive computer game',60),('AABFA','ICAGAM512A','Create and implement designs for a 3-D games environment',50),('AABFB','ICAGAM518A','Animate physical attributes of models and elements',30),('AABFD','ICAGAM520A','Create and combine 3-D digital games and components',30),('AABFE','ICAGAM521A','Create interactive 3-D environments for digital games',30),('AABFF','ICAGAM523A','Collaborate in the design of 3-D game levels and environments',40),('AABFG','ICAGAM525A','Apply digital texturing for the 3-D environment in digital games',30),('AABFH','ICAGAM526A','Create complex 3-D characters for games',60),('AABFK','ICAICT418A','Contribute to copyright ethics and privacy in an IT environment',40),('AABFL','ICAICT419A','Work effectively in the digital media industry',30),('AABPM','ICAPRG301A','Apply introductory programming techniques',40),('AABPN','ICAPRG405A','Automate processes',40),('AABXT','ICADBS403A','Create basic databases',40),('AACBG','ICAICT403A','Apply software development methodologies',20),('AACBH','ICAPRG506A','Design application architecture',40),('AACBK','ICAPRG603A','Create cloud computing services',60),('AACBL','ICASAD505A','Develop technical requirements for business solutions',30),('AACBM','ICAPMG609A','Plan and direct complex IT projects',80),('AACSY','ICAICT421A','Connect maintain and configure hardware components',40),('AACSZ','ICASAS410A','Identify and resolve client IT problems',40),('AACTA','ICASAS412A','Action change requests',40),('AACTB','ICASAS414A','Evaluate system status',20),('AACTC','ICASAS416A','Implement maintenance procedures',10),('AACTE','ICASAS601A','Implement change-management processes',30),('AACWG','ICPMM321C','Capture a digital image',40),('AADLA','ICAPRG507A','Implement security for applications',50),('AAGBP','ICTTEN5217A','Plan a wireless mesh network',60),('AAGBR','ICTTEN6172A','Design and configure an IP-MPLS network with virtual private network tunnelling',80),('AAHCY','AAHCY','Cyber Security',0),('AAHME','AAHME','TBA',0),('AAHSP','RIICOM301D','Communicate information',30),('BAACW','ICADBS502A','Design a database',50),('BAACX','ICADBS504A','Integrate database with a website',25),('BAACY','ICADMT401A','Create visual design components for digital media',40),('BAACZ','ICADMT402A','Produce interactive animation',60),('BAADA','ICADMT501A','Incorporate and edit digital video',50),('BAADB','ICAGAM504A','Manage interactive media production',40),('BAADC','ICAGAM516A','Animate a 3-D character for digital games',40),('BAADD','ICAGAM517A','Produce a digital animation sequence',60),('BAADE','ICAICT101A','Operate a personal computer',30),('BAADF','ICAICT102A','Operate word processing applications',30),('BAADG','ICAICT103A','Use communicate and search securely on the internet',50),('BAADH','ICAICT104A','Use digital devices',30),('BAADK','ICAICT105A','Operate spreadsheet applications',30),('BAADL','ICAICT106A','Operate presentation packages',25),('BAADM','ICAICT107A','Use personal productivity tools',20),('BAADN','ICAICT108A','Use digital literacy skills to access the internet',20),('BAADP','ICAICT201A','Use computer operating systems and hardware',60),('BAADR','ICAICT202A','Work and communicate effectively in an IT environment',40),('BAADS','ICAICT204A','Operate a digital media technology package',40),('BAADT','ICAICT203A','Operate application software packages',60),('BAADW','ICAICT206A','Install software applications',20),('BAADX','ICAICT207A','Integrate commercial computing packages',60),('BAAEA','ICAICT210A','Operate database applications',40),('BAAEC','ICAICT301A','Create user documentation',20),('BAAED','ICAICT302A','Install and optimise operating system software',20),('BAAEE','ICAICT303A','Connect internal hardware components',20),('BAAEF','ICAICT304A','Implement system software changes',40),('BAAEG','ICAICT305A','Identify and use current industry-specific technologies',60),('BAAEH','ICAICT307A','Customise packaged software applications for clients',80),('BAAEK','ICAICT308A','Use advanced features of computer applications',40),('BAAEL','ICAICT401A','Determine and confirm client business requirements',40),('BAAEM','ICAICT404A','Use online learning tools',30),('BAAEN','ICAICT406A','Build a graphical user interface',20),('BAAEP','ICAICT408A','Create technical documentation',20),('BAAER','ICAICT409A','Develop macros and templates for clients using standard products',60),('BAAEW','ICAICT511A','Match IT needs with the strategic direction of the enterprise',50),('BAAEX','ICAICT514A','Identify and manage the implementation of current industry-specific technologies',60),('BAAEZ','ICAICT515A','Verify client business requirements',40),('BAAFA','ICANWK301A','Provide network systems administration',60),('BAAFB','ICANWK302A','Determine and action network problems',50),('BAAFC','ICANWK303A','Configure and administer a network operating system',70),('BAAFD','ICANWK304A','Administer network peripherals',20),('BAAFE','ICANWK305A','Install and manage network protocols',40),('BAAFF','ICANWK401A','Install and manage a server',40),('BAAFG','ICANWK402A','Install and configure virtual machines for sustainable ICT',50),('BAAFH','ICANWK403A','Manage network and data integrity',40),('BAAFK','ICANWK404A','Install operate and troubleshoot a small enterprise branch network',60),('BAAFL','ICANWK405A','Build a small wireless local area network',20),('BAAFM','ICANWK406A','Install configure and test network security',50),('BAAFN','ICANWK408A','Configure a desktop environment',40),('BAAFP','ICANWK411A','Deploy software to networked computers',40),('BAAFR','ICANWK501A','Plan implement and test enterprise communication solutions',80),('BAAFS','ICANWK502A','Implement secure encryption technologies',20),('BAAFT','ICANWK503A','Install and maintain valid authentication processes',25),('BAAFW','ICANWK504A','Design and implement an integrated server solution',50),('BAAFX','ICANWK505A','Design build and test a network server',50),('BAAFY','ICANWK506A','Configure verify and troubleshoot WAN links and IP services in a medium enterprise network',90),('BAAFZ','ICANWK507A','Install operate and troubleshoot medium enterprise routers',120),('BAAGA','ICANWK508A','Install operate and troubleshoot medium enterprise switches',90),('BAAGB','ICANWK509A','Design and implement a security perimeter for ICT networks',60),('BAAGC','ICANWK511A','Manage network security',80),('BAAGD','ICANWK518A','Design an enterprise wireless local area network',30),('BAAGE','ICANWK525B','Configure an enterprise virtual computing environment',60),('BAAGF','ICANWK535A','Install an enterprise virtual computing environment',60),('BAAGG','ICANWK527B','Manage an enterprise virtual computing environment',60),('BAAGH','ICANWK529A','Install and manage complex ICT networks',100),('BAAGK','ICANWK601A','Design and implement a security system',90),('BAAGL','ICANWK602A','Plan configure and test advanced server based security',80),('BAAGM','ICANWK604A','Plan and configure advanced internetwork switching solutions',120),('BAAGN','ICANWK605A','Design and configure secure integrated wireless systems',40),('BAAGP','ICANWK606A','Implement voice applications over secure wireless networks',40),('BAAGR','ICANWK607A','Design and implement wireless network security',60),('BAAGS','ICANWK609A','Configure and manage intrusion prevention system on network sensors',40),('BAAGT','ICANWK612A','Plan and manage troubleshooting advanced integrated IP networks',120),('BAAGW','ICAPMG401A','Support small scale IT projects',60),('BAAGX','ICAPMG501A','Manage IT projects',80),('BAAGY','ICAPRG402A','Apply query language',60),('BAAGZ','ICAPRG403A','Develop data-driven applications',60),('BAAHA','ICAPRG404A','Test applications',50),('BAAHB','ICAPRG406A','Apply introductory object-oriented language skills',60),('BAAHC','ICAPRG410A','Build a user interface',50),('BAAHD','ICAPRG413A','Use a library or pre-existing components',40),('BAAHE','ICAPRG414A','Apply introductory programming skills in another language',60),('BAAHF','ICAPRG415A','Apply skills in object-oriented design',40),('BAAHG','ICAPRG418A','Apply intermediate programming skills in another language',80),('BAAHH','ICAPRG419A','Analyse software requirements',60),('BAAHL','ICAPRG501A','Apply advanced object-oriented language skills',80),('BAAHM','ICAPRG502A','Manage a project using software management tools',60),('BAAHN','ICAPRG503A','Debug and monitor applications',40),('BAAHP','ICAPRG504A','Deploy an application to a production environment',40),('BAAHR','ICAPRG505A','Build advanced user interface',60),('BAAHS','ICAPRG520A','Validate an application design against specifications',40),('BAAHT','ICAPRG523A','Apply advanced programming skills in another language',80),('BAAHW','ICAPRG527A','Apply intermediate object-oriented language skills',60),('BAAHX','ICAPRG529A','Apply testing techniques for software development',40),('BAAHY','ICAPRG601A','Develop advanced mobile multi-touch applications',80),('BAAKA','ICASAS202A','Apply problem solving techniques to routine IT malfunctions',20),('BAAKB','ICASAS203A','Connect hardware peripherals',20),('BAAKC','ICASAS206A','Detect and protect from spam and destructive software',10),('BAAKD','ICASAS207A','Protect and secure information assets',20),('BAAKE','ICASAS209A','Connect and use a home based local wireless network',30),('BAAKF','ICASAS301A','Run standard diagnostic tests',20),('BAAKG','ICASAS303A','Care for computer hardware',20),('BAAKH','ICASAS304A','Provide basic system administration',20),('BAAKK','ICASAS305A','Provide IT advice to clients',40),('BAAKL','ICASAS306A','Maintain equipment and software',20),('BAAKM','ICASAS307A','Install, configure and secure a small office home office network',50),('BAAKR','ICASAS421A','Support users and troubleshoot desktop applications',20),('BAAKS','ICASAS424A','Support different operating systems',40),('BAAKT','ICASAS425A','Configure and troubleshoot operating system software',40),('BAAKW','ICASAS426A','Locate and troubleshoot IT equipment system and software faults',40),('BAAKY','ICASAS503A','Perform systems tests',30),('BAAKZ','ICASAS504A','Develop and conduct client acceptance test',20),('BAALA','ICAWEB201A','Use social media web tools for collaboration and engagement',20),('BAALB','ICAWEB301A','Create a simple markup language document',30),('BAALC','ICAWEB302A','Build simple websites using commercial programs',40),('BAALD','ICAWEB303A','Produce digital images for the web',30),('BAALE','ICAWEB401A','Design a website to meet technical requirements',40),('BAALF','ICAWEB402A','Confirm accessibility of websites for people with special needs',10),('BAALG','ICAWEB403A','Transfer content to a website using commercial packages',20),('BAALH','ICAWEB409A','Develop cascading style sheets',20),('BAALK','ICAWEB410A','Apply web authoring tool to convert client data for websites',20),('BAALL','ICAWEB411A','Produce basic client-side script for dynamic web pages',40),('BAALM','ICAWEB413A','Optimise search engines',50),('BAALN','ICAWEB414A','Design simple web page layouts',50),('BAALP','ICAWEB415A','Produce server-side script for dynamic web pages',60),('BAALS','ICAWEB422A','Ensure website access and useability',15),('BAALT','ICAWEB424A','Evaluate and select a web hosting service',15),('BAALW','ICAWEB425A','Apply structured query language to extract and manipulate data',60),('BAALX','ICAWEB429A','Create a markup language document to specification',20),('BAALY','ICAWEB501A','Build a dynamic website',60),('BAALZ','ICAWEB502A','Create dynamic web pages',40),('BAAMA','ICAWEB503A','Create web-based programs',60),('BAAMB','ICAWEB504A','Build a document using eXtensible markup language',30),('BAAMC','ICAWEB505A','Develop complex web page layouts',40),('BAAMD','ICAWEB506A','Develop complex cascading style sheets',40),('BAAME','ICAWEB508A','Develop website information architecture',30),('BAAMF','ICAWEB509A','Use site server tools for transaction management',20),('BAAMG','ICAWEB510A','Analyse information and assign meta-tags',20),('BAAMH','ICAWEB516A','Research and apply emerging web technology trends',80),('BAAMK','ICTPMG8143A','Manage a telecommunications project',50),('BAAML','ICTSUS5187A','Implement server virtualisation for a sustainable ICT system',80),('BAAMM','ICTSUS6233A','Integrate sustainability in ICT planning and design projects',55),('BAAMN','ICTSUS6234A','Establish a business case for sustainability and competitive advantage in ICT projects',55),('BAAMP','ICTTEN4198A','Install configure and test an internet protocol network',50),('BAAMR','ICTTEN4199A','Install configure and test a router',60),('BAAMS','ICTTEN5201A','Install configure and test a server',60),('BAAMT','ICTTEN6206A','Produce an ICT network architecture design',60),('BAAMW','CPPSEC5004A','Prepare security risk management plan',40),('BAAMX','ICAICT205A','Design basic organisational documents using computing packages',40),('BABGG','ICAPMG608A','Manage IT project systems implementation',40),('BABLG','ICAICT609A','Lead the evaluation and implementation of current industry-specific technologies',80),('BABNA','BSBWHS304A','Participate effectively in WHS Communication and Consultative Processes',30),('BABNM','ICANWK608A','Configure network devices for a secure network infrastructure',40),('BABNN','ICANWK616A','Manage security privacy and compliance of cloud service deployment',40),('CABRE','CUAPPM407','Create storyboards',40),('CABRF','CUADIG301','Prepare video assets',30),('DAAKR','CUACAM301','Shoot material for screen productions',60),('DAAKZ','CUADIG401','Author interactive media',50),('DAAMW','CUAPOS401','Edit screen content for fast turnaround',30),('DAASN','CUADIG405','Produce innovative digital images',50),('DAATB','CUAPHI504','Employ specialised imaging technologies',80),('DFNW','CUVVSP14B','Apply techniques to produce drawings',50),('DXCP1','DXC_Prep1','DXC Preparation Session 1',0),('EAACE','CUVPHI519A','Investigate and exploit innovative imaging options',80),('EDPX','CUFDIG304A','Create visual design components',30),('EDPY','CUFDIG401A','Author interactive media',50),('ENGG','ENGG','Learning Support Activities (General)',0),('FABNX','BSBWHS201','Contribute to health and safety of self and others',20),('FABRH','BSBCRT401','Articulate  present and debate ideas',40),('FABRK','BSBCRT501','Originate and develop concepts',30),('FABRL','BSBSUS201','Participate in environmentally sustainable work practices',20),('FABRM','BSBSUS301','Implement and monitor environmentally sustainable work practices',40),('FABRP','BSBWHS304','Participate effectively in WHS communication and consultation processes',30),('FABRS','BSBWHS501','Ensure a safe workplace',60),('FABXA','BSBRES401','Analyse and present research information',40),('FABXC','BSBEBU401','Review and maintain a website',50),('FABZM','BSBWHS401','Implement and monitor WHS policies, procedures and programs to meet legislative requirements',50),('FACAK','BSBWOR404','Develop work priorities',40),('FACBW','BSBCUS402','Address Customer Needs',50),('FACHP','BSBMGT403','Implement continuous improvement',40),('FACNL','BSBSUS401','Implement and monitor environmentally sustainable work practices',40),('FTMB','BSBOHS201A','Participate in OHS processes',20),('FTML','BSBOHS509A','Ensure a safe workplace',60),('FTNE','BSBCMM101A','Apply basic communication skills',40),('FTPD','BSBITU304A','Produce Spreadsheet',35),('FTPN','BSBSUS201A','Participate in environmentally sustainable work practices',20),('FTPP','BSBSUS301A','Implement and monitor environmentally sustainable work practices',40),('FTXA','BSBEBU401A','Review and maintain a website',50),('FWFN','BSBOHS302B','Participate effectively in OHS communication and consultative processes',30),('FWFP','BSBCRT501A','Originate and develop concepts',30),('HFME','CUFANM301A','Create 2D digital animations',35),('HFMF','CUFANM302A','Create 3D digital animations',75),('HFMG','CUFANM303A','Create 3D digital models',75),('HFMK','CUFANM402A','Create digital visual effects',70),('HFMR','CUFCAM201A','Assist with a basic camera shoot',30),('HFMS','CUFCAM301A','Shoot material for screen productions',60),('HFNA','CUFDIG301A','Prepare video assets',30),('HFNB','CUFDIG302A','Author interactive sequences',40),('HFNC','CUFDIG303A','Produce and prepare photo images',20),('HFPS','CUFPOS401A','Edit screen content for fast turnaround',30),('HFRA','CUFPPM404A','Create storyboards',40),('MBGG','BSBOHS402B','Contribute to the implementation of the OHS consultation process',40),('MBMZ','BSBCRT401A','Articulate present and debate ideas',40),('NONAAHCS','NONAAHCS','Linux For Beginners',0),('TAAAM','ICTDBS504','Integrate database with a website',25),('TAAAS','ICTGAM504','Manage interactive media production',40),('TAAAW','ICTICT101','Operate a personal computer',30),('TAAAX','ICTICT102','Operate word-processing applications',30),('TAAAY','ICTICT103','Use communicate and search securely on the internet',50),('TAAAZ','ICTICT104','Use digital devices',30),('TAABA','ICTICT201','Use computer operating systems and hardware',60),('TAABB','ICTICT202','Work and communicate effectively in an ICT environment',40),('TAABC','ICTICT203','Operate application software packages',60),('TAABD','ICTICT204','Operate a digital media technology package',40),('TAABE','ICTICT301','Create user documentation',20),('TAABF','ICTICT302','Install and optimise operating system software',20),('TAABG','ICTICT401','Determine and confirm client business requirements',40),('TAABH','ICTICT404','Use online learning tools',30),('TAABK','ICTICT408','Create technical documentation',20),('TAABL','ICTICT418','Contribute to copyright  ethics and privacy in an ICT environment',40),('TAABM','ICTICT419','Work effectively in the digital media industry',30),('TAABN','ICTICT421','Connect  maintain and configure hardware components',40),('TAABR','ICTICT511','Match ICT needs with the strategic direction of the enterprise',50),('TAABS','ICTICT515','Verify client business requirements',40),('TAABX','ICTNWK401','Install and manage a server',40),('TAABY','ICTNWK402','Install and configure virtual machines for sustainable ICT',50),('TAABZ','ICTNWK403','Manage network and data integrity',40),('TAACA','ICTNWK404','Install  operate and troubleshoot a small enterprise branch network',60),('TAACB','ICTNWK405','Build a small wireless local area network',20),('TAACC','ICTNWK502','Implement secure encryption technologies',20),('TAACD','ICTNWK506','Configure  verify and troubleshoot WAN links and IP services in a medium enterprise network',90),('TAACE','ICTNWK507','Install  operate and troubleshoot medium enterprise routers',120),('TAACF','ICTNWK508','Install  operate and troubleshoot medium enterprise switches',90),('TAACG','ICTNWK509','Design and implement a security perimeter for ICT networks',60),('TAACK','ICTNWK529','Install and manage complex ICT networks',100),('TAACL','ICTNWK601','Design and implement a security system',90),('TAACM','ICTNWK602','Plan  configure and test advanced server based security',80),('TAACN','ICTNWK607','Design and implement wireless network security',60),('TAACP','ICTPMG401','Support small scale ICT projects',60),('TAACR','ICTPMG501','Manage ICT Projects',80),('TAACS','ICTPMG608','Manage ICT project systems implementation',40),('TAACT','ICTPMG609','Plan and direct complex ICT projects',80),('TAACW','ICTPRG402','Apply query language',60),('TAACX','ICTPRG403','Develop data-driven applications',60),('TAACY','ICTPRG404','Test applications',50),('TAACZ','ICTPRG405','Automate processes',40),('TAADA','ICTPRG406','Apply introductory object-oriented language skills',60),('TAADB','ICTPRG410','Build a user interface',50),('TAADC','ICTPRG414','Apply introductory programming skills in another language',60),('TAADD','ICTPRG415','Apply skills in object-oriented design',40),('TAADE','ICTPRG418','Apply intermediate programming skills in another language',80),('TAADF','ICTPRG419','Analyse software requirements',60),('TAADG','ICTPRG501','Apply advanced object-oriented language skills',80),('TAADH','ICTPRG502','Manage a project using software management tools',60),('TAADK','ICTPRG503','Debug and monitor applications',40),('TAADL','ICTPRG504','Deploy an application to a production environment',40),('TAADM','ICTPRG520','Validate an application design against specifications',40),('TAADN','ICTPRG523','Apply advanced programming skills in another language',80),('TAADP','ICTPRG527','Apply intermediate object-oriented language skills',60),('TAADR','ICTPRG529','Apply testing techniques for software development',40),('TAADS','ICTSAS301','Run standard diagnostic tests',20),('TAADT','ICTSAS307','Install  configure and secure a small office or home office network',50),('TAADX','ICTSAS410','Identify and resolve client ICT problems',40),('TAADY','ICTSAS412','Action change requests',40),('TAADZ','ICTSAS425','Configure and troubleshoot operating system software',40),('TAAEA','ICTSAS426','Locate and troubleshoot ICT equipment  system and software faults',40),('TAAEF','ICTWEB201','Use social media tools for collaboration and engagement',20),('TAAEG','ICTWEB401','Design a website to meet technical requirements',40),('TAAEH','ICTWEB402','Confirm accessibility of websites for people with special needs',10),('TAAEK','ICTWEB403','Transfer content to a website using commercial packages',20),('TAAEL','ICTWEB411','Produce basic client-side script for dynamic web pages',40),('TAAEM','ICTWEB424','Evaluate and select a web hosting service',15),('TAAEN','ICTWEB429','Create a markup language document to specification',20),('TAAEP','ICTWEB501','Build a dynamic website',60),('TAAER','ICTWEB502','Create dynamic web pages',40),('TAAES','ICTWEB503','Create web-based programs',60),('TAAET','ICTWEB516','Research and apply emerging web technology trends',80),('TAAEW','ICTICT303','Connect internal hardware components',20),('TAAEX','ICTSAS305','Provide ICT advice to clients',40),('TAAEY','ICTSAS306','Maintain equipment and software',20),('TAAFA','ICTDBS403','Create basic databases',40),('TAAFB','ICTDMT401','Create visual design components for digital media',40),('TAAFC','ICTDMT402','Produce interactive animation',60),('TAAFD','ICTDMT403','Produce and edit digital images',40),('TAAFE','ICTGAM413','Design and create 3-D digital models',50),('TAAFF','ICTICT106','Operate presentation packages',25),('TAAFG','ICTICT107','Use personal productivity tools',20),('TAAFH','ICTICT108','Use digital literacy skills to access the internet',20),('TAAFK','ICTICT205','Design basic organisational documents using computing packages',40),('TAAFL','ICTICT206','Install software applications',20),('TAAFM','ICTICT210','Operate database applications',40),('TAAFN','ICTICT304','Implement system software changes',40),('TAAFP','ICTICT307','Customise packaged software applications for clients',80),('TAAFR','ICTICT308','Use advanced features of computer applications',40),('TAAFS','ICTICT403','Apply software development methodologies',20),('TAAFT','ICTICT409','Develop macros and templates for clients using standard products',60),('TAAFW','ICTNWK303','Configure and administer a network operating system',70),('TAAFX','ICTNWK304','Administer network peripherals',20),('TAAFY','ICTNWK305','Install and manage network protocols',40),('TAAFZ','ICTNWK406','Install  configure and test network security',50),('TAAGA','ICTNWK408','Configure a desktop environment',40),('TAAGB','ICTNWK411','Deploy software to networked computers',40),('TAAGC','ICTPRG301','Apply introductory programming techniques',40),('TAAGD','ICTPRG413','Use a library or pre-existing components',40),('TAAGE','ICTSAS202','Apply problem-solving techniques to routine ICT malfunctions',20),('TAAGF','ICTSAS203','Connect hardware peripherals',20),('TAAGG','ICTSAS206','Detect and protect from spam and destructive software',10),('TAAGH','ICTSAS207','Protect and secure information assets',20),('TAAGK','ICTSAS209','Connect and use a home based local wireless network',30),('TAAGL','ICTSAS303','Care for computer hardware',20),('TAAGM','ICTSAS304','Provide basic system administration',20),('TAAGN','ICTWEB301','Create a simple markup language document',30),('TAAGP','ICTWEB302','Build simple websites using commercial programs',40),('TAAGR','ICTWEB303','Produce digital images for the web',30),('TAAGS','ICTWEB409','Develop cascading style sheets',20),('TAAGT','ICTWEB410','Apply web authoring tool to convert client data for websites',20),('TAAGW','ICTWEB413','Optimise search engines',50),('TAAGX','ICTWEB414','Design simple web page layouts',50),('TAAGY','ICTWEB415','Produce server-side script for dynamic web pages',60),('TAAGZ','ICTWEB422','Ensure website access and useability',15),('TAAHA','ICTWEB425','Apply structured query language to extract and manipulate data',60),('TAAHB','ICTWEB510','Analyse information and assign meta tags',20),('TAAHC','ICTDBS502','Design a database',50),('TAAHD','ICTDMT501','Incorporate and edit digital video',50),('TAAHE','ICTGAM516','Animate a 3-D character for digital games',40),('TAAHF','ICTGAM517','Produce a digital animation sequence',60),('TAAHG','ICTICT406','Build a graphical user interface',20),('TAAHH','ICTICT514','Identify and manage the implementation of current industry specific technologies',60),('TAAHK','ICTICT609','Lead the evaluation and implementation of current industry specific technologies',80),('TAAHL','ICTNWK501','Plan  implement and test enterprise communication solutions',80),('TAAHM','ICTNWK504','Design and implement an integrated server solution',50),('TAAHN','ICTNWK505','Design build and test a network server',50),('TAAHP','ICTNWK525','Configure an enterprise virtual computing environment',60),('TAAHR','ICTNWK527','Manage an enterprise virtual computing environment',60),('TAAHS','ICTNWK535','Install an enterprise virtual computing environment',60),('TAAHT','ICTNWK605','Design and configure secure integrated wireless systems',40),('TAAHW','ICTNWK608','Configure network devices for a secure network infrastructure',40),('TAAHX','ICTNWK616','Manage security  privacy and compliance of cloud service deployment',40),('TAAHY','ICTPRG505','Build advanced user interface',60),('TAAHZ','ICTPRG506','Design application architecture',40),('TAAKA','ICTPRG604','Create cloud computing services',60),('TAAKB','ICTSAS503','Perform systems tests',30),('TAAKC','ICTSAS504','Develop and conduct client acceptance test',20),('TAAKD','ICTWEB504','Build a document using eXtensible markup language',30),('TAAKE','ICTWEB505','Develop complex web page layouts',40),('TAAKF','ICTWEB506','Develop complex cascading style sheets',40),('TAAKG','ICTWEB508','Develop website information architecture',30),('TAAKH','ICTWEB509','Use site server tools for transaction management',20),('TAAKK','ICTNWK518','Design an enterprise wireless local area network',30),('TAAKL','ICTSAD505','Develop technical requirements for business solutions',30),('TAAKM','ICTICT105','Operate Spreadsheet Applications',30),('TAAMC','ICTTEN514','Install configure and test a server',60),('TAAMD','ICTTEN417','Install configure and test a router',60),('TAAME','ICTTEN416','Install configure and test an internet protocol network',50),('TAAMF','ICTTEN611','Produce an ICT network architecture design',60),('TAAMG','ICTSUS501','Implement server virtualisation for a sustainable ICT system',80),('TAAMH','ICTTEN517','Plan a wireless mesh network',60),('TAAMK','ICTTEN610','Design and configure an IP-MPLS network with virtual private network tunnelling',80),('TAAML','ICTSUS601','Integrate sustainability in ICT planning and design projects',55),('TABBY','ICTNWK306','Evaluate characteristics of cloud computing solutions and services',40),('TABDN','ICTWEB416','Customise content management system',80),('TABEE','ICTTEN422','Configure and troubleshoot advanced network switching',80),('TABEF','ICTNWK613','Develop plans to manage structured troubleshooting process of enterprise networks',40),('TABEG','VU21988','Utilise basic network concepts and protocols required in cyber security',80),('TABEH','VU21989','Test concepts and procedures for cyber security',60),('TABEK','VU21990','Recognise the need for cyber security in an organisation',60),('TABEL','VU21991','Implement network security infrastructure for an organisation',80),('TABEM','VU21992','Develop a cyber security industry project',120),('TABEN','VU21993','Secure a networked personal computer',60),('TABEP','VU21994','Perform basic cyber security data analysis',20),('TABER','VU21995','Manage the security infrastructure for the organisation',80),('TABES','VU21996','Evaluate and test an incident response plan for an enterprise',40),('TABET','VU21997','Expose website security vulnerabilities',40),('TABEW','ICTPRG407','Write script for software applications',40),('TABFA','ICTSAS420','Provide first-level remote help-desk support',30),('TABFB','ICTSAS421','Support users and troubleshoot desktop applications',20),('TABFC','ICTNWK407','Install and configure client-server applications and services',40),('TABFD','ICTICT415','Provide one-to-one instruction',20),('TABFE','ICTSAS518','Install and upgrade operating systems',50),('TABFF','ICTPRG412','Configure and maintain databases',50),('TABFG','ICTICT422','Participate in ICT services',20),('TABFH','ICTNWK409','Create scripts for networking',60),('TABFK','ICTSAS409','Manage risks involving ICT systems and technology',20),('UNKOWN','ICAGAM406A','Create visual design components for interactive games',40);
/*!40000 ALTER TABLE `competency` ENABLE KEYS */;
UNLOCK TABLES;

--
-- Table structure for table `competency_qualification`
--

DROP TABLE IF EXISTS `competency_qualification`;
/*!40101 SET @saved_cs_client     = @@character_set_client */;
 SET character_set_client = utf8mb4 ;
CREATE TABLE `competency_qualification` (
  `QualCode` varchar(20) NOT NULL,
  `NationalCompCode` varchar(20) NOT NULL,
  `CompTypeCode` varchar(5) NOT NULL,
  PRIMARY KEY (`QualCode`,`NationalCompCode`),
  KEY `fk_competency_qualification_competency_type1_idx` (`CompTypeCode`),
  KEY `fk_competency_qualification_competency1_idx` (`NationalCompCode`),
  CONSTRAINT `fk_competency_qualification_competency1` FOREIGN KEY (`NationalCompCode`) REFERENCES `competency` (`NationalCompCode`),
  CONSTRAINT `fk_competency_qualification_competency_type1` FOREIGN KEY (`CompTypeCode`) REFERENCES `competency_type` (`CompTypeCode`)
) ENGINE=InnoDB DEFAULT CHARSET=utf8mb4 COLLATE=utf8mb4_0900_ai_ci;
/*!40101 SET character_set_client = @saved_cs_client */;

--
-- Dumping data for table `competency_qualification`
--

LOCK TABLES `competency_qualification` WRITE;
/*!40000 ALTER TABLE `competency_qualification` DISABLE KEYS */;
INSERT INTO `competency_qualification` VALUES ('AD_CST11','ICANWK506A','C'),('AD_CST11','ICANWK507A','C'),('AD_CST11','ICANWK508A','C'),('AD_CST11','ICANWK509A','C'),('AD_CST11','ICANWK529A','C'),('AD_CST11','ICANWK602A','C'),('AD_CST11','ICANWK607A','C'),('AD_CST11','ICAPMG608A','C'),('AD_CST11','ICAPMG609A','C'),('AD_CST11','ICAPRG527A','C'),('AD_CST11','ICAWEB501A','C'),('AD_CST11','ICAWEB502A','C'),('AD_CST15','ICTNWK506','C'),('AD_CST15','ICTNWK507','C'),('AD_CST15','ICTNWK508','C'),('AD_CST15','ICTNWK509','C'),('AD_CST15','ICTNWK529','C'),('AD_CST15','ICTNWK602','C'),('AD_CST15','ICTNWK607','C'),('AD_CST15','ICTPMG608','C'),('AD_CST15','ICTPMG609','C'),('AD_CST15','ICTPRG527','C'),('AD_CST15','ICTWEB501','C'),('AD_CST15','ICTWEB502','C'),('AD_NETSEC11','ICANWK502A','C'),('AD_NETSEC11','ICANWK509A','C'),('AD_NETSEC11','ICANWK601A','C'),('AD_NETSEC11','ICANWK602A','C'),('AD_NETSEC11','ICTSUS6233A','C'),('AD_NETSEC15','ICTNWK502','C'),('AD_NETSEC15','ICTNWK509','C'),('AD_NETSEC15','ICTNWK601','C'),('AD_NETSEC15','ICTNWK602','C'),('AD_NETSEC15','ICTSUS601','C'),('C1_IDM11','ICAICT101A','C'),('C1_IDM11','ICAICT102A','C'),('C1_IDM11','ICAICT103A','C'),('C1_IDM11','ICAICT104A','C'),('C1_IDM15','ICTICT101','C'),('C1_IDM15','ICTICT102','C'),('C1_IDM15','ICTICT103','C'),('C1_IDM15','ICTICT104','C'),('C2_IDM11','BSBOHS201A','C'),('C2_IDM11','BSBSUS201A','C'),('C2_IDM11','ICAICT201A','C'),('C2_IDM11','ICAICT202A','C'),('C2_IDM11','ICAICT203A','C'),('C2_IDM11','ICAICT204A','C'),('C2_IDM11','ICAWEB201A','C'),('C2_IDM15','BSBSUS201','C'),('C2_IDM15','BSBWHS201','C'),('C2_IDM15','ICTICT201','C'),('C2_IDM15','ICTICT202','C'),('C2_IDM15','ICTICT203','C'),('C2_IDM15','ICTICT204','C'),('C2_IDM15','ICTWEB201','C'),('C3_IDM11_APP','BSBSUS301A','C'),('C3_IDM11_APP','BSBWHS304A','C'),('C3_IDM11_APP','ICAICT202A','C'),('C3_IDM11_APP','ICAICT301A','C'),('C3_IDM11_APP','ICAICT302A','C'),('C3_IDM11_APP','ICASAS301A','C'),('C3_IDM11_DM','BSBSUS301A','C'),('C3_IDM11_DM','BSBWHS304A','C'),('C3_IDM11_DM','ICAICT202A','C'),('C3_IDM11_DM','ICAICT301A','C'),('C3_IDM11_DM','ICAICT302A','C'),('C3_IDM11_DM','ICASAS301A','C'),('C3_IDM11_GEN','BSBSUS301A','C'),('C3_IDM11_GEN','BSBWHS304A','C'),('C3_IDM11_GEN','ICAICT202A','C'),('C3_IDM11_GEN','ICAICT301A','C'),('C3_IDM11_GEN','ICAICT302A','C'),('C3_IDM11_GEN','ICASAS301A','C'),('C3_IDM11_NET','BSBSUS301A','C'),('C3_IDM11_NET','BSBWHS304A','C'),('C3_IDM11_NET','ICAICT202A','C'),('C3_IDM11_NET','ICAICT301A','C'),('C3_IDM11_NET','ICAICT302A','C'),('C3_IDM11_NET','ICASAS301A','C'),('C3_IDM11_PRG','BSBSUS301A','C'),('C3_IDM11_PRG','BSBWHS304A','C'),('C3_IDM11_PRG','ICAICT202A','C'),('C3_IDM11_PRG','ICAICT301A','C'),('C3_IDM11_PRG','ICAICT302A','C'),('C3_IDM11_PRG','ICASAS301A','C'),('C3_IDM11_WEB','BSBSUS301A','C'),('C3_IDM11_WEB','BSBWHS304A','C'),('C3_IDM11_WEB','ICAICT202A','C'),('C3_IDM11_WEB','ICAICT301A','C'),('C3_IDM11_WEB','ICAICT302A','C'),('C3_IDM11_WEB','ICASAS301A','C'),('C3_IDM15','BSBSUS401','C'),('C3_IDM15','BSBWHS304','C'),('C3_IDM15','ICTICT202','C'),('C3_IDM15','ICTICT301','C'),('C3_IDM15','ICTICT302','C'),('C3_IDM15','ICTSAS301','C'),('C3_IDM15_APP','BSBSUS401','C'),('C3_IDM15_APP','BSBWHS304','C'),('C3_IDM15_APP','ICTICT202','C'),('C3_IDM15_APP','ICTICT301','C'),('C3_IDM15_APP','ICTICT302','C'),('C3_IDM15_APP','ICTSAS301','C'),('C3_IDM15_DM','BSBSUS401','C'),('C3_IDM15_DM','BSBWHS304','C'),('C3_IDM15_DM','ICTICT202','C'),('C3_IDM15_DM','ICTICT301','C'),('C3_IDM15_DM','ICTICT302','C'),('C3_IDM15_DM','ICTSAS301','C'),('C3_IDM15_GEN','BSBSUS401','C'),('C3_IDM15_GEN','BSBWHS304','C'),('C3_IDM15_GEN','ICTICT202','C'),('C3_IDM15_GEN','ICTICT301','C'),('C3_IDM15_GEN','ICTICT302','C'),('C3_IDM15_GEN','ICTSAS301','C'),('C3_IDM15_NET','BSBSUS401','C'),('C3_IDM15_NET','BSBWHS304','C'),('C3_IDM15_NET','ICTICT202','C'),('C3_IDM15_NET','ICTICT301','C'),('C3_IDM15_NET','ICTICT302','C'),('C3_IDM15_NET','ICTSAS301','C'),('C3_IDM15_PRG','BSBSUS401','C'),('C3_IDM15_PRG','BSBWHS304','C'),('C3_IDM15_PRG','ICTICT202','C'),('C3_IDM15_PRG','ICTICT301','C'),('C3_IDM15_PRG','ICTICT302','C'),('C3_IDM15_PRG','ICTSAS301','C'),('C3_IDM15_WEB','BSBSUS401','C'),('C3_IDM15_WEB','BSBWHS304','C'),('C3_IDM15_WEB','ICTICT202','C'),('C3_IDM15_WEB','ICTICT301','C'),('C3_IDM15_WEB','ICTICT302','C'),('C3_IDM15_WEB','ICTSAS301','C'),('C4_CST11','BSBSUS301A','C'),('C4_CST11','BSBWHS304A','C'),('C4_CST11','ICAICT401A','C'),('C4_CST11','ICAICT418A','C'),('C4_CST11','ICAICT421A','C'),('C4_CST11','ICANWK404A','C'),('C4_CST11','ICANWK405A','C'),('C4_CST11','ICAPRG414A','C'),('C4_CST11','ICASAS425A','C'),('C4_CST11','ICASAS426A','C'),('C4_CST11','ICAWEB411A','C'),('C4_CST11','ICTTEN4199A','C'),('C4_CST15','BSBSUS301','C'),('C4_CST15','BSBWHS304','C'),('C4_CST15','ICTICT401','C'),('C4_CST15','ICTICT418','C'),('C4_CST15','ICTICT421','C'),('C4_CST15','ICTNWK404','C'),('C4_CST15','ICTNWK405','C'),('C4_CST15','ICTPRG414','C'),('C4_CST15','ICTSAS425','C'),('C4_CST15','ICTSAS426','C'),('C4_CST15','ICTTEN417','C'),('C4_CST15','ICTTEN4199A','C'),('C4_CST15','ICTWEB411','C'),('C4_CySec18','BSBRES401','C'),('C4_CySec18','BSBWHS401','C'),('C4_CySec18','ICTICT418','C'),('C4_CySec18','ICTPRG407','C'),('C4_CySec18','RIICOM301D','C'),('C4_CySec18','VU21988','C'),('C4_CySec18','VU21989','C'),('C4_CySec18','VU21990','C'),('C4_CySec18','VU21991','C'),('C4_CySec18','VU21992','C'),('C4_DM11','BSBCRT401A','C'),('C4_DM11','BSBOHS302B','C'),('C4_DM11','BSBWHS304A','C'),('C4_DM11','CUFDIG401A','C'),('C4_DM11','ICAICT404A','C'),('C4_DM11','ICAICT418A','C'),('C4_DM11','ICAICT419A','C'),('C4_DM11','ICAICT4I8A','C'),('C4_DM11','ICAPMG401A','C'),('C4_DM15','BSBCRT401','C'),('C4_DM15','BSBWHS304','C'),('C4_DM15','CUADIG401','C'),('C4_DM15','ICTICT404','C'),('C4_DM15','ICTICT418','C'),('C4_DM15','ICTICT419','C'),('C4_DM15','ICTPMG401','C'),('C4_IT11','BSBSUS301A','C'),('C4_IT11','BSBWHS304A','C'),('C4_IT11','ICAICT202A','C'),('C4_IT11','ICAICT401A','C'),('C4_IT11','ICAICT418A','C'),('C4_IT15','BSBSUS401','C'),('C4_IT15','BSBWHS304','C'),('C4_IT15','ICTICT202','C'),('C4_IT15','ICTICT401','C'),('C4_IT15','ICTICT418','C'),('C4_NET11','BSBWHS304A','C'),('C4_NET11','ICAICT401A','C'),('C4_NET11','ICAICT418A','C'),('C4_NET11','ICANWK401A','C'),('C4_NET11','ICANWK402A','C'),('C4_NET11','ICANWK403A','C'),('C4_NET11','ICANWK404A','C'),('C4_NET11','ICTTEN4198A','C'),('C4_NET15','BSBWHS304','C'),('C4_NET15','ICTICT401','C'),('C4_NET15','ICTICT418','C'),('C4_NET15','ICTNWK401','C'),('C4_NET15','ICTNWK402','C'),('C4_NET15','ICTNWK403','C'),('C4_NET15','ICTNWK404','C'),('C4_NET15','ICTTEN416','C'),('C4_PRG11','ICAICT418A','C'),('C4_PRG11','ICAPRG402A','C'),('C4_PRG11','ICAPRG403A','C'),('C4_PRG11','ICAPRG404A','C'),('C4_PRG11','ICAPRG405A','C'),('C4_PRG11','ICAPRG406A','C'),('C4_PRG11','ICAPRG410A','C'),('C4_PRG11','ICAPRG414A','C'),('C4_PRG11','ICAPRG415A','C'),('C4_PRG11','ICAPRG419A','C'),('C4_PRG15','ICTICT418','C'),('C4_PRG15','ICTPRG402','C'),('C4_PRG15','ICTPRG403','C'),('C4_PRG15','ICTPRG404','C'),('C4_PRG15','ICTPRG405','C'),('C4_PRG15','ICTPRG406','C'),('C4_PRG15','ICTPRG410','C'),('C4_PRG15','ICTPRG414','C'),('C4_PRG15','ICTPRG415','C'),('C4_PRG15','ICTPRG419','C'),('C4_WBT11','BSBWHS304A','C'),('C4_WBT11','ICAICT401A','C'),('C4_WBT11','ICAICT418A','C'),('C4_WBT11','ICAWEB401A','C'),('C4_WBT11','ICAWEB402A','C'),('C4_WBT11','ICAWEB403A','C'),('C4_WBT11','ICAWEB424A','C'),('C4_WBT11','ICAWEB429A','C'),('C4_WBT15','BSBWHS304','C'),('C4_WBT15','ICTICT401','C'),('C4_WBT15','ICTICT418','C'),('C4_WBT15','ICTWEB401','C'),('C4_WBT15','ICTWEB402','C'),('C4_WBT15','ICTWEB403','C'),('C4_WBT15','ICTWEB424','C'),('C4_WBT15','ICTWEB429','C'),('D_DM11','BSBCRT501A','C'),('D_DM11','BSBOHS509A','C'),('D_DM11','BSBWHS501A','C'),('D_DM11','ICAGAM504A','C'),('D_DM11','ICAICT418A','C'),('D_DM11','ICAICT419A','C'),('D_DM11','ICAICT515A','C'),('D_DM11','ICAPMG501A','C'),('D_DM15','BSBCRT501','C'),('D_DM15','BSBWHS501','C'),('D_DM15','ICTGAM504','C'),('D_DM15','ICTICT418','C'),('D_DM15','ICTICT419','C'),('D_DM15','ICTICT515','C'),('D_DM15','ICTPMG501','C'),('D_NET11','ICAICT418A','C'),('D_NET11','ICAICT511A','C'),('D_NET11','ICANWK529A','C'),('D_NET11','ICTSUS5187A','C'),('D_NET11','ICTTEN6206A','C'),('D_NET15','ICTICT418','C'),('D_NET15','ICTICT511','C'),('D_NET15','ICTNWK529','C'),('D_NET15','ICTSUS501','C'),('D_NET15','ICTTEN611','C'),('D_SD11','ICAICT418A','C'),('D_SD11','ICAPRG418A','C'),('D_SD11','ICAPRG501A','C'),('D_SD11','ICAPRG502A','C'),('D_SD11','ICAPRG503A','C'),('D_SD11','ICAPRG504A','C'),('D_SD11','ICAPRG520A','C'),('D_SD11','ICAPRG523A','C'),('D_SD11','ICAPRG527A','C'),('D_SD11','ICAPRG529A','C'),('D_SD15','ICTICT418','C'),('D_SD15','ICTPRG418','C'),('D_SD15','ICTPRG501','C'),('D_SD15','ICTPRG502','C'),('D_SD15','ICTPRG503','C'),('D_SD15','ICTPRG504','C'),('D_SD15','ICTPRG520','C'),('D_SD15','ICTPRG523','C'),('D_SD15','ICTPRG527','C'),('D_SD15','ICTPRG529','C'),('D_WEB11','BSBOHS509A','C'),('D_WEB11','BSBWHS304A','C'),('D_WEB11','ICADBS504A','C'),('D_WEB11','ICAICT418A','C'),('D_WEB11','ICAICT515A','C'),('D_WEB11','ICAWEB501A','C'),('D_WEB11','ICAWEB502A','C'),('D_WEB11','ICAWEB503A','C'),('D_WEB11','ICAWEB516A','C'),('D_WEB15','BSBWHS304','C'),('D_WEB15','BSBWHS501','C'),('D_WEB15','ICTDBS504','C'),('D_WEB15','ICTICT418','C'),('D_WEB15','ICTICT515','C'),('D_WEB15','ICTWEB501','C'),('D_WEB15','ICTWEB502','C'),('D_WEB15','ICTWEB503','C'),('D_WEB15','ICTWEB516','C'),('SS_HWTech11','ICAICT302A','C'),('SS_HWTech11','ICAICT303A','C'),('SS_HWTech11','ICASAS305A','C'),('SS_HWTech11','ICASAS306A','C'),('SS_HWTech11','ICASAS307A','C'),('SS_HWTech15','ICTICT302','C'),('SS_HWTech15','ICTICT303','C'),('SS_HWTech15','ICTSAS301','C'),('SS_HWTech15','ICTSAS305','C'),('SS_HWTech15','ICTSAS306','C'),('SS_HWTech15','ICTSAS307','C'),('C3_IDM11_APP','ICAICT203A','C_APP'),('C3_IDM11_APP','ICAICT304A','C_APP'),('C3_IDM11_APP','ICAICT307A','C_APP'),('C3_IDM11_APP','ICAICT308A','C_APP'),('C3_IDM11_APP','ICAICT409A','C_APP'),('C3_IDM15_APP','ICTICT203','C_APP'),('C3_IDM15_APP','ICTICT304','C_APP'),('C3_IDM15_APP','ICTICT307','C_APP'),('C3_IDM15_APP','ICTICT308','C_APP'),('C3_IDM15_APP','ICTICT409','C_APP'),('C4_WBT11','ICADBS403A','C_DD'),('C4_WBT11','ICAWEB409A','C_DD'),('C4_WBT11','ICAWEB411A','C_DD'),('C4_WBT11','ICAWEB415A','C_DD'),('C4_WBT11','ICAWEB425A','C_DD'),('C4_WBT15','ICTDBS403','C_DD'),('C4_WBT15','ICTWEB409','C_DD'),('C4_WBT15','ICTWEB411','C_DD'),('C4_WBT15','ICTWEB415','C_DD'),('C4_WBT15','ICTWEB425','C_DD'),('C4_DM11','CUFCAM301A','C_IM'),('C4_DM11','ICADMT401A','C_IM'),('C4_DM11','ICADMT402A','C_IM'),('C4_DM11','ICADMT403A','C_IM'),('C4_DM11','ICAGAM413A','C_IM'),('C4_DM15','CUACAM301','C_IM'),('C4_DM15','CUAPPM407','C_IM'),('C4_DM15','CUFCAM301A','C_IM'),('C4_DM15','CUFPPM404A','C_IM'),('C4_DM15','ICTDMT401','C_IM'),('C4_DM15','ICTDMT403','C_IM'),('C4_DM15','ICTGAM413','C_IM'),('C3_IDM11_GEN','ICAICT303A','C_SUP'),('C3_IDM11_GEN','ICASAS303A','C_SUP'),('C3_IDM11_GEN','ICASAS304A','C_SUP'),('C3_IDM11_GEN','ICASAS305A','C_SUP'),('C3_IDM11_GEN','ICASAS306A','C_SUP'),('C3_IDM11_NET','ICAICT303A','C_SUP'),('C3_IDM11_NET','ICASAS303A','C_SUP'),('C3_IDM11_NET','ICASAS304A','C_SUP'),('C3_IDM11_NET','ICASAS305A','C_SUP'),('C3_IDM11_NET','ICASAS306A','C_SUP'),('C3_IDM11_PRG','ICAICT303A','C_SUP'),('C3_IDM11_PRG','ICASAS303A','C_SUP'),('C3_IDM11_PRG','ICASAS304A','C_SUP'),('C3_IDM11_PRG','ICASAS305A','C_SUP'),('C3_IDM11_PRG','ICASAS306A','C_SUP'),('C3_IDM15','ICTICT303','C_SUP'),('C3_IDM15','ICTSAS303','C_SUP'),('C3_IDM15','ICTSAS304','C_SUP'),('C3_IDM15','ICTSAS305','C_SUP'),('C3_IDM15','ICTSAS306','C_SUP'),('C3_IDM15_GEN','ICTICT303','C_SUP'),('C3_IDM15_GEN','ICTSAS303','C_SUP'),('C3_IDM15_GEN','ICTSAS304','C_SUP'),('C3_IDM15_GEN','ICTSAS305','C_SUP'),('C3_IDM15_GEN','ICTSAS306','C_SUP'),('C3_IDM15_NET','ICTICT303','C_SUP'),('C3_IDM15_NET','ICTSAS303','C_SUP'),('C3_IDM15_NET','ICTSAS304','C_SUP'),('C3_IDM15_NET','ICTSAS305','C_SUP'),('C3_IDM15_NET','ICTSAS306','C_SUP'),('C3_IDM15_PRG','ICTICT303','C_SUP'),('C3_IDM15_PRG','ICTSAS303','C_SUP'),('C3_IDM15_PRG','ICTSAS304','C_SUP'),('C3_IDM15_PRG','ICTSAS305','C_SUP'),('C3_IDM15_PRG','ICTSAS306','C_SUP'),('C3_IDM11_DM','BSBEBU401A','C_WEB'),('C3_IDM11_DM','ICAWEB201A','C_WEB'),('C3_IDM11_DM','ICAWEB301A','C_WEB'),('C3_IDM11_DM','ICAWEB302A','C_WEB'),('C3_IDM11_DM','ICAWEB303A','C_WEB'),('C3_IDM11_WEB','BSBEBU401A','C_WEB'),('C3_IDM11_WEB','ICAWEB201A','C_WEB'),('C3_IDM11_WEB','ICAWEB301A','C_WEB'),('C3_IDM11_WEB','ICAWEB302A','C_WEB'),('C3_IDM11_WEB','ICAWEB303A','C_WEB'),('C3_IDM15_DM','BSBEBU401','C_WEB'),('C3_IDM15_DM','ICTWEB201','C_WEB'),('C3_IDM15_DM','ICTWEB301','C_WEB'),('C3_IDM15_DM','ICTWEB302','C_WEB'),('C3_IDM15_DM','ICTWEB303','C_WEB'),('C3_IDM15_WEB','BSBEBU401','C_WEB'),('C3_IDM15_WEB','ICTWEB201','C_WEB'),('C3_IDM15_WEB','ICTWEB301','C_WEB'),('C3_IDM15_WEB','ICTWEB302','C_WEB'),('C3_IDM15_WEB','ICTWEB303','C_WEB'),('AD_CST11','ICAICT514A','E'),('AD_CST11','ICAWEB506A','E'),('AD_CST11','ICAWEB516A','E'),('AD_CST15','ICTPRG406','E'),('AD_CST15','ICTTEN514','E'),('AD_CST15','ICTWEB411','E'),('AD_NETSEC11','ICAICT511A','E'),('AD_NETSEC11','ICANWK501A','E'),('AD_NETSEC11','ICANWK504A','E'),('AD_NETSEC11','ICANWK505A','E'),('AD_NETSEC11','ICANWK506A','E'),('AD_NETSEC11','ICANWK507A','E'),('AD_NETSEC11','ICANWK508A','E'),('AD_NETSEC11','ICANWK518A','E'),('AD_NETSEC11','ICANWK525B','E'),('AD_NETSEC11','ICANWK527B','E'),('AD_NETSEC11','ICANWK529A','E'),('AD_NETSEC11','ICANWK535A','E'),('AD_NETSEC11','ICTSUS5187A','E'),('AD_NETSEC11','ICTTEN5217A','E'),('AD_NETSEC11','ICTTEN6172A','E'),('AD_NETSEC11','ICTTEN6206A','E'),('AD_NETSEC15','ICTICT511','E'),('AD_NETSEC15','ICTNWK504','E'),('AD_NETSEC15','ICTNWK508','E'),('AD_NETSEC15','ICTNWK525','E'),('AD_NETSEC15','ICTNWK527','E'),('AD_NETSEC15','ICTSUS501','E'),('C2_IDM11','BSBOHS302B','E'),('C2_IDM11','BSBSUS301A','E'),('C2_IDM11','BSBWHS304A','E'),('C2_IDM11','ICAWEB301A','E'),('C2_IDM11','ICAWEB303A','E'),('C2_IDM15','BSBSUS301','E'),('C2_IDM15','BSBWHS304','E'),('C2_IDM15','ICTWEB301','E'),('C2_IDM15','ICTWEB303','E'),('C3_IDM11_APP','ICAICT206A','E'),('C3_IDM11_APP','ICAPRG405A','E'),('C3_IDM11_APP','ICAWEB409A','E'),('C3_IDM11_APP','ICAWEB429A','E'),('C3_IDM11_DM','ICAPRG405A','E'),('C3_IDM11_DM','ICAWEB409A','E'),('C3_IDM11_DM','ICAWEB429A','E'),('C3_IDM11_GEN','ICAICT418A','E'),('C3_IDM11_GEN','ICANWK405A','E'),('C3_IDM11_GEN','ICAWEB429A','E'),('C3_IDM11_NET','ICANWK304A','E'),('C3_IDM11_NET','ICANWK402A','E'),('C3_IDM11_NET','ICANWK405A','E'),('C3_IDM11_PRG','ICAICT401A','E'),('C3_IDM11_PRG','ICAICT418A','E'),('C3_IDM11_PRG','ICAPRG405A','E'),('C3_IDM11_PRG','ICAWEB429A','E'),('C3_IDM11_WEB','ICAPRG405A','E'),('C3_IDM11_WEB','ICAWEB409A','E'),('C3_IDM11_WEB','ICAWEB429A','E'),('C3_IDM15','ICTNWK402','E'),('C3_IDM15','ICTNWK405','E'),('C3_IDM15','ICTPRG405','E'),('C3_IDM15','ICTWEB409','E'),('C3_IDM15_APP','ICTICT206','E'),('C3_IDM15_APP','ICTPRG405','E'),('C3_IDM15_APP','ICTWEB409','E'),('C3_IDM15_APP','ICTWEB429','E'),('C3_IDM15_DM','ICTPRG405','E'),('C3_IDM15_DM','ICTWEB409','E'),('C3_IDM15_DM','ICTWEB429','E'),('C3_IDM15_GEN','ICTNWK405','E'),('C3_IDM15_GEN','ICTWEB301','E'),('C3_IDM15_GEN','ICTWEB429','E'),('C3_IDM15_NET','ICTNWK304','E'),('C3_IDM15_NET','ICTNWK402','E'),('C3_IDM15_NET','ICTNWK405','E'),('C3_IDM15_PRG','ICTICT401','E'),('C3_IDM15_PRG','ICTICT418','E'),('C3_IDM15_PRG','ICTPRG405','E'),('C3_IDM15_PRG','ICTWEB429','E'),('C3_IDM15_WEB','ICTPRG405','E'),('C3_IDM15_WEB','ICTWEB409','E'),('C3_IDM15_WEB','ICTWEB429','E'),('C4_CST11','ICANWK411A','E'),('C4_CST11','ICAPRG410A','E'),('C4_CST11','ICAWEB410A','E'),('C4_CST15','ICTNWK411','E'),('C4_CST15','ICTPRG410','E'),('C4_CST15','ICTTEN514','E'),('C4_CST15','ICTWEB410','E'),('C4_DM11','BSBEBU401A','E'),('C4_DM11','ICAWEB409A','E'),('C4_DM11','ICAWEB429A','E'),('C4_DM15','ICTWEB409','E'),('C4_DM15','ICTWEB416','E'),('C4_IT11','ICAPRG301A','E'),('C4_IT11','ICASAS426A','E'),('C4_IT11','ICTTEN4198A','E'),('C4_IT11','ICTTEN4199A','E'),('C4_IT15','BSBCUS402','E'),('C4_IT15','BSBMGT403','E'),('C4_IT15','BSBWOR404','E'),('C4_IT15','ICTICT409','E'),('C4_IT15','ICTICT422','E'),('C4_IT15','ICTSAS426','E'),('C4_IT15','ICTTEN416','E'),('C4_IT15','ICTTEN417','E'),('C4_IT15','VU21990','E'),('C4_IT15','VU21993','E'),('C4_NET11','ICTTEN5201A','E'),('C4_NET15','ICTICT422','E'),('C4_NET15','ICTPRG412','E'),('C4_NET15','ICTSAS518','E'),('C4_PRG11','ICADBS504A','E'),('C4_PRG11','ICAICT403A','E'),('C4_PRG11','ICAWEB502A','E'),('C4_PRG15','ICTDBS504','E'),('C4_PRG15','ICTICT403','E'),('C4_PRG15','ICTWEB502','E'),('C4_WBT11','BSBEBU401A','E'),('C4_WBT11','CUFDIG401A','E'),('C4_WBT11','ICADBS504A','E'),('C4_WBT11','ICADMT402A','E'),('C4_WBT11','ICADMT403A','E'),('C4_WBT11','ICAWEB422A','E'),('C4_WBT11','ICAWEB510A','E'),('C4_WBT15','ICTDBS504','E'),('C4_WBT15','ICTDMT401','E'),('C4_WBT15','ICTDMT403','E'),('C4_WBT15','ICTWEB422','E'),('C4_WBT15','ICTWEB510','E'),('D_DM11','ICAGAM516A','E'),('D_DM11','ICAGAM517A','E'),('D_DM15','CUADIG405','E'),('D_DM15','CUAPPM407','E'),('D_DM15','CUFPPM404A','E'),('D_DM15','ICTGAM517','E'),('D_DM15','ICTWEB505','E'),('D_NET11','ICANWK518A','E'),('D_NET11','ICANWK535A','E'),('D_NET11','ICTNWK403','E'),('D_NET11','ICTTEN5217A','E'),('D_NET11','ICTTEN6172A','E'),('D_NET15','ICTICT401','E'),('D_NET15','ICTNWK406','E'),('D_NET15','ICTNWK613','E'),('D_NET15','ICTSAS518','E'),('D_SD11','ICADBS502A','E'),('D_SD11','ICAPMG609A','E'),('D_SD11','ICASAD505A','E'),('D_SD15','ICTDBS502','E'),('D_SD15','ICTPMG501','E'),('D_SD15','ICTSAD505','E'),('D_WEB11','BSBCRT501A','E'),('D_WEB11','BSBSUS301A','E'),('D_WEB11','CUVPHI504A','E'),('D_WEB11','ICADMT501A','E'),('D_WEB11','ICAGAM504A','E'),('D_WEB15','BSBSUS301','E'),('D_WEB15','BSBSUS401','E'),('D_WEB15','CUADIG405','E'),('D_WEB15','CUVPHI519A','E'),('D_WEB15','ICTDMT501','E'),('D_WEB15','ICTWEB411','E'),('D_WEB15','ICTWEB510','E'),('C4_IT11','ICANWK402A','E_NET'),('C4_IT11','ICANWK404A','E_NET'),('C4_IT11','ICANWK405A','E_NET'),('C4_IT11','ICASAS307A','E_NET'),('C4_IT15','ICTNWK401','E_NET'),('C4_IT15','ICTNWK402','E_NET'),('C4_IT15','ICTNWK404','E_NET'),('C4_IT15','ICTNWK405','E_NET'),('C4_IT15','ICTNWK407','E_NET'),('C4_IT15','ICTNWK408','E_NET'),('C4_IT15','ICTNWK411','E_NET'),('C4_IT15','ICTSAS307','E_NET'),('C4_IT11','ICAPRG402A','E_PRG'),('C4_IT11','ICAPRG405A','E_PRG'),('C4_IT11','ICAPRG406A','E_PRG'),('C4_IT11','ICAPRG413A','E_PRG'),('C4_IT15','ICTPRG402','E_PRG'),('C4_IT15','ICTPRG405','E_PRG'),('C4_IT15','ICTPRG406','E_PRG'),('C4_IT15','ICTICT415','E_SUP'),('C4_IT15','ICTSAS410','E_SUP'),('C4_IT15','ICTSAS412','E_SUP'),('C4_IT15','ICTSAS420','E_SUP'),('C4_IT15','ICTSAS421','E_SUP'),('C4_IT11','ICAWEB409A','E_WEB'),('C4_IT11','ICAWEB410A','E_WEB'),('C4_IT11','ICAWEB411A','E_WEB'),('C4_IT11','ICAWEB429A','E_WEB'),('C4_IT15','ICTWEB409','E_WEB'),('C4_IT15','ICTWEB410','E_WEB'),('C4_IT15','ICTWEB411','E_WEB'),('C4_IT15','ICTWEB429','E_WEB'),('AD_CST11','ICADBS504A','LE'),('AD_CST11','ICAWEB503A','LE'),('AD_CST11','ICAWEB505A','LE'),('AD_CST15','ICTDBS504','LE'),('AD_CST15','ICTWEB503','LE'),('AD_CST15','ICTWEB505','LE'),('AD_NETSEC11','ICAICT609A','LE'),('AD_NETSEC11','ICANWK605A','LE'),('AD_NETSEC11','ICANWK607A','LE'),('AD_NETSEC11','ICANWK608A','LE'),('AD_NETSEC11','ICANWK616A','LE'),('AD_NETSEC15','ICTICT609','LE'),('AD_NETSEC15','ICTNWK605','LE'),('AD_NETSEC15','ICTNWK607','LE'),('AD_NETSEC15','ICTNWK608','LE'),('AD_NETSEC15','ICTNWK616','LE'),('C1_IDM11','ICAICT105A','LE'),('C1_IDM11','ICAICT106A','LE'),('C1_IDM11','ICAICT107A','LE'),('C1_IDM15','ICTICT105','LE'),('C1_IDM15','ICTICT106','LE'),('C1_IDM15','ICTICT107','LE'),('C2_IDM11','ICAICT205A','LE'),('C2_IDM11','ICAICT206A','LE'),('C2_IDM11','ICAICT207A','LE'),('C2_IDM11','ICAICT210A','LE'),('C2_IDM11','ICASAS202A','LE'),('C2_IDM11','ICASAS203A','LE'),('C2_IDM11','ICASAS206A','LE'),('C2_IDM11','ICASAS207A','LE'),('C2_IDM11','ICASAS209A','LE'),('C2_IDM15','ICTICT205','LE'),('C2_IDM15','ICTICT206','LE'),('C2_IDM15','ICTICT210','LE'),('C2_IDM15','ICTSAS202','LE'),('C2_IDM15','ICTSAS203','LE'),('C2_IDM15','ICTSAS206','LE'),('C2_IDM15','ICTSAS207','LE'),('C2_IDM15','ICTSAS209','LE'),('C3_IDM11_APP','ICAPRG301A','LE'),('C3_IDM11_APP','ICASAS303A','LE'),('C3_IDM11_APP','ICAWEB301A','LE'),('C3_IDM11_DM','CUFDIG301A','LE'),('C3_IDM11_DM','ICAPRG301A','LE'),('C3_IDM11_DM','ICASAS303A','LE'),('C3_IDM11_GEN','ICANWK305A','LE'),('C3_IDM11_GEN','ICAPRG301A','LE'),('C3_IDM11_GEN','ICASAS307A','LE'),('C3_IDM11_NET','ICANWK303A','LE'),('C3_IDM11_NET','ICANWK305A','LE'),('C3_IDM11_NET','ICASAS307A','LE'),('C3_IDM11_PRG','ICAPRG301A','LE'),('C3_IDM11_PRG','ICAWEB301A','LE'),('C3_IDM11_PRG','ICAWEB302A','LE'),('C3_IDM11_WEB','CUFDIG301A','LE'),('C3_IDM11_WEB','ICAPRG301A','LE'),('C3_IDM11_WEB','ICASAS303A','LE'),('C3_IDM15','ICTICT203','LE'),('C3_IDM15','ICTICT308','LE'),('C3_IDM15','ICTNWK305','LE'),('C3_IDM15','ICTNWK306','LE'),('C3_IDM15','ICTPRG301','LE'),('C3_IDM15','ICTSAS307','LE'),('C3_IDM15','ICTWEB301','LE'),('C3_IDM15_APP','ICTPRG301','LE'),('C3_IDM15_APP','ICTSAS303','LE'),('C3_IDM15_APP','ICTWEB301','LE'),('C3_IDM15_DM','CUADIG301','LE'),('C3_IDM15_DM','CUFDIG301A','LE'),('C3_IDM15_DM','ICTPRG301','LE'),('C3_IDM15_DM','ICTSAS303','LE'),('C3_IDM15_GEN','ICTNWK305','LE'),('C3_IDM15_GEN','ICTPRG301','LE'),('C3_IDM15_GEN','ICTSAS307','LE'),('C3_IDM15_NET','ICTNWK303','LE'),('C3_IDM15_NET','ICTNWK305','LE'),('C3_IDM15_NET','ICTSAS307','LE'),('C3_IDM15_PRG','ICTPRG301','LE'),('C3_IDM15_PRG','ICTWEB301','LE'),('C3_IDM15_PRG','ICTWEB302','LE'),('C3_IDM15_WEB','CUADIG301','LE'),('C3_IDM15_WEB','CUFDIG301A','LE'),('C3_IDM15_WEB','ICTPRG301','LE'),('C3_IDM15_WEB','ICTSAS303','LE'),('C4_CST11','ICANWK401A','LE'),('C4_CST11','ICANWK402A','LE'),('C4_CST11','ICANWK408A','LE'),('C4_CST11','ICASAS307A','LE'),('C4_CST11','ICTTEN4198A','LE'),('C4_CST15','ICTNWK401','LE'),('C4_CST15','ICTNWK402','LE'),('C4_CST15','ICTNWK408','LE'),('C4_CST15','ICTPRG405','LE'),('C4_CST15','ICTSAS307','LE'),('C4_CST15','ICTTEN416','LE'),('C4_CST15','ICTTEN4198A','LE'),('C4_CySec18','ICTSAS409','LE'),('C4_CySec18','VU21993','LE'),('C4_CySec18','VU21994','LE'),('C4_CySec18','VU21995','LE'),('C4_CySec18','VU21996','LE'),('C4_CySec18','VU21997','LE'),('C4_DM11','CUFPPM404A','LE'),('C4_DM11','ICAPRG405A','LE'),('C4_DM15','ICTPRG301','LE'),('C4_DM15','ICTPRG405','LE'),('C4_DM15','ICTWEB301','LE'),('C4_IT15','ICTPRG404','LE'),('C4_IT15','ICTPRG410','LE'),('C4_IT15','ICTPRG414','LE'),('C4_IT15','ICTWEB416','LE'),('C4_NET11','ICANWK305A','LE'),('C4_NET11','ICANWK405A','LE'),('C4_NET11','ICANWK406A','LE'),('C4_NET11','ICANWK408A','LE'),('C4_NET11','ICANWK411A','LE'),('C4_NET11','ICANWK504A','LE'),('C4_NET11','ICANWK505A','LE'),('C4_NET11','ICASAS307A','LE'),('C4_NET11','ICASAS426A','LE'),('C4_NET11','ICTTEN4199A','LE'),('C4_NET15','ICTNWK405','LE'),('C4_NET15','ICTNWK407','LE'),('C4_NET15','ICTNWK408','LE'),('C4_NET15','ICTNWK409','LE'),('C4_NET15','ICTNWK411','LE'),('C4_NET15','ICTSAS426','LE'),('C4_PRG11','BSBOHS302B','LE'),('C4_PRG11','BSBWHS304A','LE'),('C4_PRG11','ICADBS403A','LE'),('C4_PRG11','ICAICT408A','LE'),('C4_PRG11','ICAPRG413A','LE'),('C4_PRG11','ICAPRG418A','LE'),('C4_PRG15','BSBWHS304','LE'),('C4_PRG15','ICTDBS403','LE'),('C4_PRG15','ICTICT408','LE'),('C4_PRG15','ICTPRG413','LE'),('C4_PRG15','ICTPRG418','LE'),('C4_WBT11','BSBSUS301A','LE'),('C4_WBT11','CUFPPM404A','LE'),('C4_WBT11','ICAPRG405A','LE'),('C4_WBT11','ICAWEB410A','LE'),('C4_WBT11','ICAWEB413A','LE'),('C4_WBT11','ICAWEB414A','LE'),('C4_WBT11','ICAWEB421A','LE'),('C4_WBT15','BSBSUS301','LE'),('C4_WBT15','BSBSUS401','LE'),('C4_WBT15','CUAPPM407','LE'),('C4_WBT15','CUFPPM404A','LE'),('C4_WBT15','ICTPRG405','LE'),('C4_WBT15','ICTWEB410','LE'),('C4_WBT15','ICTWEB413','LE'),('C4_WBT15','ICTWEB414','LE'),('C4_WBT15','ICTWEB416','LE'),('D_DM11','CUFPOS401A','LE'),('D_DM11','CUVPHI504A','LE'),('D_DM11','CUVPHI519A','LE'),('D_DM11','ICADBS504A','LE'),('D_DM11','ICADMT501A','LE'),('D_DM11','ICAICT406A','LE'),('D_DM11','ICAICT514A','LE'),('D_DM11','ICAWEB429A','LE'),('D_DM11','ICAWEB501A','LE'),('D_DM11','ICAWEB503A','LE'),('D_DM11','ICAWEB516A','LE'),('D_DM15','CUAPOS401','LE'),('D_DM15','CUFPOS401A','LE'),('D_DM15','CUVPHI519A','LE'),('D_DM15','ICTDBS504','LE'),('D_DM15','ICTDMT501','LE'),('D_DM15','ICTICT514','LE'),('D_DM15','ICTPRG418','LE'),('D_DM15','ICTWEB429','LE'),('D_DM15','ICTWEB501','LE'),('D_DM15','ICTWEB516','LE'),('D_NET11','ICAICT401A','LE'),('D_NET11','ICANWK401A','LE'),('D_NET11','ICANWK501A','LE'),('D_NET11','ICANWK504A','LE'),('D_NET11','ICANWK505A','LE'),('D_NET11','ICANWK506A','LE'),('D_NET11','ICANWK507A','LE'),('D_NET11','ICANWK508A','LE'),('D_NET11','ICANWK525B','LE'),('D_NET11','ICANWK526A','LE'),('D_NET11','ICANWK527B','LE'),('D_NET11','ICTTEN5201A','LE'),('D_NET15','ICTNWK501','LE'),('D_NET15','ICTNWK505','LE'),('D_NET15','ICTNWK506','LE'),('D_NET15','ICTNWK507','LE'),('D_NET15','ICTNWK508','LE'),('D_NET15','ICTNWK525','LE'),('D_NET15','ICTTEN422','LE'),('D_NET15','ICTTEN514','LE'),('D_SD11','ICAPRG505A','LE'),('D_SD11','ICAPRG506A','LE'),('D_SD11','ICAPRG603A','LE'),('D_SD15','ICTPRG505','LE'),('D_SD15','ICTPRG506','LE'),('D_SD15','ICTPRG604','LE'),('D_WEB11','ICAICT406A','LE'),('D_WEB11','ICAICT503A','LE'),('D_WEB11','ICAICT514A','LE'),('D_WEB11','ICAPMG501A','LE'),('D_WEB11','ICAPRG425A','LE'),('D_WEB11','ICASAS503A','LE'),('D_WEB11','ICASAS504A','LE'),('D_WEB11','ICAWEB504A','LE'),('D_WEB11','ICAWEB505A','LE'),('D_WEB11','ICAWEB506A','LE'),('D_WEB11','ICAWEB508A','LE'),('D_WEB11','ICAWEB509A','LE'),('D_WEB11','ICAWEB510A','LE'),('D_WEB15','ICTICT514','LE'),('D_WEB15','ICTPMG501','LE'),('D_WEB15','ICTPRG418','LE'),('D_WEB15','ICTSAS503','LE'),('D_WEB15','ICTSAS504','LE'),('D_WEB15','ICTWEB505','LE'),('D_WEB15','ICTWEB506','LE'),('D_WEB15','ICTWEB508','LE'),('D_WEB15','ICTWEB509','LE');
/*!40000 ALTER TABLE `competency_qualification` ENABLE KEYS */;
UNLOCK TABLES;

--
-- Table structure for table `competency_type`
--

DROP TABLE IF EXISTS `competency_type`;
/*!40101 SET @saved_cs_client     = @@character_set_client */;
 SET character_set_client = utf8mb4 ;
CREATE TABLE `competency_type` (
  `CompTypeCode` varchar(5) NOT NULL,
  `CompTypeDescription` varchar(128) NOT NULL,
  PRIMARY KEY (`CompTypeCode`)
) ENGINE=InnoDB DEFAULT CHARSET=utf8mb4 COLLATE=utf8mb4_0900_ai_ci;
/*!40101 SET character_set_client = @saved_cs_client */;

--
-- Dumping data for table `competency_type`
--

LOCK TABLES `competency_type` WRITE;
/*!40000 ALTER TABLE `competency_type` DISABLE KEYS */;
INSERT INTO `competency_type` VALUES ('C','Core'),('C_APP','Core for App Stream in C3'),('C_SUP','Core for Support'),('E','Elective'),('LE','Listed Elective'),('VP','Vocational Placement');
/*!40000 ALTER TABLE `competency_type` ENABLE KEYS */;
UNLOCK TABLES;

--
-- Table structure for table `crn_detail`
--

DROP TABLE IF EXISTS `crn_detail`;
/*!40101 SET @saved_cs_client     = @@character_set_client */;
 SET character_set_client = utf8mb4 ;
CREATE TABLE `crn_detail` (
  `CRN` varchar(32) NOT NULL,
  `TafeCompCode` varchar(10) NOT NULL,
  `TermCodeStart` int(1) NOT NULL,
  `TermYearStart` int(4) NOT NULL,
  `TermCodeEnd` int(1) NOT NULL,
  `TermYearEnd` int(4) NOT NULL,
  `SubjectCode` varchar(32) NOT NULL,
  `CampusCode` char(3) NOT NULL,
  `LecturerID` char(9) NOT NULL,
  `DepartmentCode` varchar(10) NOT NULL,
  `FreezeDate` date NOT NULL,
  `DateCreated` date NOT NULL,
  PRIMARY KEY (`CRN`,`TermCodeStart`,`TermYearStart`),
  KEY `FK_CRNDetail_SubjectCode` (`SubjectCode`),
  KEY `FK_CRNDetail_TafeCompCode` (`TafeCompCode`),
  KEY `FK_CRNDetail_TermStart` (`TermCodeStart`,`TermYearStart`),
  KEY `FK_CRNDetail_CampusCode` (`CampusCode`),
  KEY `FK_CRNDetail_LecturerID` (`LecturerID`),
  KEY `FK_CRNDetail_DepartmentCode` (`DepartmentCode`),
  CONSTRAINT `FK_CRNDetail_CampusCode` FOREIGN KEY (`CampusCode`) REFERENCES `campus` (`CampusCode`) ON UPDATE CASCADE,
  CONSTRAINT `FK_CRNDetail_DepartmentCode` FOREIGN KEY (`DepartmentCode`) REFERENCES `department` (`DepartmentCode`) ON UPDATE CASCADE,
  CONSTRAINT `FK_CRNDetail_LecturerID` FOREIGN KEY (`LecturerID`) REFERENCES `lecturer` (`LecturerID`) ON UPDATE CASCADE,
  CONSTRAINT `FK_CRNDetail_SubjectCode` FOREIGN KEY (`SubjectCode`) REFERENCES `subject` (`SubjectCode`) ON UPDATE CASCADE,
  CONSTRAINT `FK_CRNDetail_TafeCompCode` FOREIGN KEY (`TafeCompCode`) REFERENCES `competency` (`TafeCompCode`) ON UPDATE CASCADE,
  CONSTRAINT `FK_CRNDetail_TermStart` FOREIGN KEY (`TermCodeStart`, `TermYearStart`) REFERENCES `term_datetime` (`TermCode`, `TermYear`) ON UPDATE CASCADE
) ENGINE=InnoDB DEFAULT CHARSET=utf8mb4 COLLATE=utf8mb4_0900_ai_ci;
/*!40101 SET character_set_client = @saved_cs_client */;

--
-- Dumping data for table `crn_detail`
--

LOCK TABLES `crn_detail` WRITE;
/*!40000 ALTER TABLE `crn_detail` DISABLE KEYS */;
INSERT INTO `crn_detail` VALUES ('12361','TABFK',3,2019,3,2019,'4CYMIR','ADL','000013268','KJ','2019-08-01','2019-08-15'),('14578','TABFG',1,2019,1,2019,'4PICTS','ADL','000857816','KJ','2019-01-01','2019-01-01'),('14622','TAAGA',1,2019,1,2019,'4CDE','ADL','000010581','KJ','2019-01-01','2019-01-01'),('14637','TAAEA',2,2019,2,2019,'LTSF','ADL','000010581','KJ','2019-01-01','2019-01-01'),('17313','TAADL',1,2019,2,2019,'5TSD','ADL','000010581','KJ','2019-11-02','2019-01-01'),('18331','ENGG',3,2019,3,2019,'IT_Prac','ADL','000013015','KJ','2019-08-07','2019-08-15'),('18788','TAAEW',1,2019,2,2019,'3CIHW','ADL','000012974','KJ','2019-12-02','2019-01-01'),('18791','TAABF',1,2019,2,2019,'3IOOS','ADL','000012974','KJ','2019-12-02','2019-01-01'),('18796','TAADS',1,2019,2,2019,'3RSDT','ADL','000012974','KJ','2019-12-02','2019-01-01'),('18799','TAAFY',1,2019,2,2019,'3WNF','ADL','000012974','KJ','2019-12-02','2019-01-01'),('18800','TAADT',1,2019,2,2019,'3WNF','ADL','000012974','KJ','2019-12-02','2019-01-01'),('18802','TAACB',1,2019,2,2019,'4BSWN','ADL','000012974','KJ','2019-12-02','2019-01-01'),('18804','FABRP',1,2019,2,2019,'3WHS','ADL','000012974','KJ','2019-12-02','2019-01-01'),('18806','FACNL',1,2019,2,2019,'4SWP','ADL','000012974','KJ','2019-12-02','2019-01-01'),('18808','TAABB',1,2019,2,2019,'2WIT','ADL','000012974','KJ','2019-12-02','2019-01-01'),('18811','TAABE',1,2019,2,2019,'3CUD','ADL','000012974','KJ','2019-12-02','2019-01-01'),('18816','TAAGN',1,2019,2,2019,'4HTML5','ADL','000012974','KJ','2019-12-02','2019-01-01'),('18818','TAAGS',1,2019,2,2019,'4HTML5','ADL','000012974','KJ','2019-12-02','2019-01-01'),('18819','TAAGC',1,2019,2,2019,'3PRB','ADL','000012974','KJ','2019-12-02','2019-01-01'),('19087','TAACD',3,2019,3,2019,'5CCN6','ADL','000013490','KJ','2019-07-29','2019-08-15'),('19091','TABEF',3,2019,3,2019,'5CCN6','ADL','000013490','KJ','2019-07-29','2019-08-15'),('19110','TAAHN',3,2019,3,2019,'5LXN','ADL','000012085','KJ','2019-08-01','2019-08-15'),('19287','TAAEN',3,2019,3,2019,'4HTML5','ADL','000011942','KJ','2019-07-31','2019-08-15'),('19288','TAAHB',3,2019,3,2019,'4SEO','ADL','000011942','KJ','2019-07-31','2019-08-15'),('19291','TAABL',3,2019,3,2019,'4CEP','ADL','000928152','KJ','2019-07-31','2019-08-15'),('19294','TAACZ',3,2019,3,2019,'4JSB','ADL','000010546','KJ','2019-08-03','2019-08-15'),('19296','FABRS',3,2019,3,2019,'5WHSM','ADL','000013605','KJ','2019-08-03','2019-08-15'),('19851','TABDN',1,2019,1,2019,'4CMS','ADL','000010581','KJ','2019-02-22','2019-01-01'),('19960','TAACB',2,2019,2,2019,'4BSWN','ADL','000012974','KJ','2019-04-12','2019-01-01'),('19962','TABFG',1,2019,1,2019,'4PICTS','ADL','000010581','KJ','2019-12-02','2019-01-01'),('20327','TAAGL',1,2019,2,2019,'3CFCH','ADL','000012974','KJ','2019-12-02','2019-01-01'),('20328','TAAEY',1,2019,2,2019,'3MEAS','ADL','000012974','KJ','2019-12-02','2019-01-01'),('20329','TAAGM',1,2019,2,2019,'3BSA','ADL','000012974','KJ','2019-12-02','2019-01-01'),('20370','TAAKL',1,2019,2,2019,'5SDA','ADL','000010581','KJ','2019-12-02','2019-01-01'),('20417','TAAHC',1,2019,2,2019,'5DD','ADL','000010581','KJ','2019-11-02','2019-01-01'),('20454','TAACR',1,2019,2,2019,'5MITP','ADL','000010581','KJ','2019-02-13','2019-01-01'),('20516','TAACD',1,2019,1,2019,'5CCN6','ADL','000010581','KJ','2019-11-02','2019-01-01'),('20518','TABEF',1,2019,1,2019,'5CCN6','ADL','000010581','KJ','2019-11-02','2019-01-01'),('20784','TAAGC',2,2019,2,2019,'3PRB','ADL','000011123','KJ','2019-01-01','2019-01-01'),('21126','TAABR',1,2019,1,2019,'5ECS','ADL','000010581','KJ','2019-12-02','2019-01-01'),('21128','TAAHL',1,2019,1,2019,'5ECS','ADL','000010581','KJ','2019-12-02','2019-01-01'),('21129','TAAFZ',1,2019,1,2019,'4AWS','ADL','000010581','KJ','2019-11-02','2019-01-01'),('21164','TAACE',1,2019,1,2019,'5CRS6','ADL','000010581','KJ','2019-02-13','2019-01-01'),('21165','TABEE',1,2019,1,2019,'5CRS6','ADL','000010581','KJ','2019-02-13','2019-01-01'),('21314','TAAKF',1,2019,2,2019,'5MWD','ADL','000010581','KJ','2019-11-02','2019-01-01'),('21315','TAAKB',1,2019,1,2019,'5AWT','ADL','000010581','KJ','2019-02-13','2019-01-01'),('21317','TAAKC',1,2019,1,2019,'5AWT','ADL','000010581','KJ','2019-02-13','2019-01-01'),('21338','TAABL',1,2019,1,2019,'4CEP','ADL','000010581','KJ','2019-02-13','2019-01-01'),('21428','TAAHZ',1,2019,2,2019,'5SDA','ADL','000010581','KJ','2019-12-02','2019-01-01'),('21429','TAAKL',1,2019,2,2019,'5SDA','ADL','000010581','KJ','2019-12-02','2019-01-01'),('21543','TAABL',1,2019,1,2019,'4CEP','ADL','000010581','KJ','2019-11-02','2019-01-01'),('21546','TAABR',1,2019,1,2019,'5ECS','ADL','000010581','KJ','2019-12-02','2019-01-01'),('21548','TAAHL',1,2019,1,2019,'5ECS','ADL','000010581','KJ','2019-12-02','2019-01-01'),('21986','TAAMD',2,2019,2,2019,'4CIN','ADL','000010581','KJ','2019-03-13','2019-01-01'),('21987','TAAEA',2,2019,2,2019,'4LTSF','ADL','000010581','KJ','2019-03-13','2019-01-01'),('21988','TAAME',2,2019,2,2019,'4CIN','ADL','000010581','KJ','2019-03-13','2019-01-01'),('21989','TAACW',2,2019,2,2019,'4DBB','ADL','000010581','KJ','2019-03-13','2019-01-01'),('21993','TAADT',2,2019,2,2019,'4DBB','ADL','000010581','KJ','2019-03-13','2019-01-01'),('21996','TAACB',2,2019,2,2019,'4BSWN','ADL','000010581','KJ','2019-03-13','2019-01-01'),('22257','TAABL',2,2019,2,2019,'4CEP','ADL','000010581','KJ','2019-04-10','2019-01-01'),('22258','TABEN',2,2019,2,2019,'4CYBCS','ADL','000010581','KJ','2019-04-09','2019-01-01'),('22259','TABEK',2,2019,2,2019,'4CYCSF','ADL','000010581','KJ','2019-04-10','2019-01-01'),('22260','TABEW',2,2019,2,2019,'4CYITS','ADL','000010581','KJ','2019-04-09','2019-01-01'),('22261','TABEG',2,2019,2,2019,'4CYNET','ADL','000010581','KJ','2019-04-08','2019-01-01'),('2992','FABRS',3,2019,3,2019,'5WHSM','ADL','000013605','KJ','2019-07-29','2019-05-17'),('2994','FABRS',3,2019,3,2019,'5WHSM','ADL','000013605','KJ','2019-07-29','2019-05-17'),('3094','FABZM',3,2019,3,2019,'4CYWHS','ADL','000013605','KJ','2019-07-29','2019-05-17'),('3096','FABZM',3,2019,3,2019,'4CYWHS','ADL','000013605','KJ','2019-07-29','2019-05-17'),('5526','TAACK',3,2019,3,2019,'5CNW','ADL','000013221','KJ','2019-08-03','2019-08-15'),('5528','TAAHC',3,2019,3,2019,'5DD','ADL','000010849','KJ','2019-08-03','2019-08-15'),('5529','DAASN',3,2019,3,2019,'5DIW','ADL','000011369','KJ','2019-08-03','2019-08-15'),('5531','TAAFD',3,2019,3,2019,'5DIW','ADL','000011369','KJ','2019-08-03','2019-08-15'),('5532','TAABR',3,2019,3,2019,'5ECS','ADL','000013221','KJ','2019-08-03','2019-08-15'),('5534','TAAHL',3,2019,3,2019,'5ECS','ADL','000013221','KJ','2019-08-03','2019-08-15'),('5537','TAAHY',3,2019,3,2019,'5IOSMD','ADL','000010901','KJ','2019-08-03','2019-08-15'),('5539','TABFE',3,2019,3,2019,'5IUOS','ADL','000857816','KJ','2019-08-03','2019-08-15'),('5542','TAAHZ',3,2019,3,2019,'5SDA','ADL','000013514','KJ','2019-08-03','2019-08-15'),('5545','TAAKL',3,2019,3,2019,'5SDA','ADL','000013514','KJ','2019-08-03','2019-08-15'),('5547','TAADH',3,2019,4,2019,'5TSD','ADL','000010849','KJ','2019-08-03','2019-08-15'),('5551','TAADL',3,2019,4,2019,'5TSD','ADL','000010849','KJ','2019-08-03','2019-08-15'),('5554','TAAKA',3,2019,3,2019,'6CLP','ADL','000013514','KJ','2019-08-03','2019-08-15'),('5556','ENGG',3,2019,3,2019,'IT_Prac','ADL','001114726','KJ','2019-07-29','2019-08-15'),('5557','ENGG',4,2019,4,2019,'IT_Prac','ADL','001038996','KJ','2019-10-16','2019-08-15'),('5560','ENGG',3,2019,3,2019,'IT_Prac','ADL','000011942','KJ','2019-07-29','2019-08-15'),('5563','ENGG',4,2019,4,2019,'IT_Prac','ADL','000013289','KJ','2019-10-17','2019-08-15'),('5564','ENGG',3,2019,3,2019,'IT_Prac','ADL','000011327','KJ','2019-07-30','2019-08-15'),('5566','ENGG',3,2019,3,2019,'IT_Prac','ADL','000000000','KJ','2019-07-29','2019-08-15'),('5567','ENGG',3,2019,3,2019,'IT_Prac','ADL','000000000','KJ','2019-07-29','2019-08-15'),('5569','ENGG',3,2019,3,2019,'IT_Prac','ADL','000000000','KJ','2019-07-29','2019-08-15'),('5572','ENGG',3,2019,3,2019,'IT_Prac','ADL','000000000','KJ','2019-07-29','2019-08-15'),('5574','ENGG',3,2019,3,2019,'IT_Prac','ADL','000000000','KJ','2019-07-29','2019-08-15'),('5578','ENGG',3,2019,3,2019,'IT_Prac','ADL','000000000','KJ','2019-07-29','2019-08-15'),('5580','ENGG',3,2019,3,2019,'IT_Prac','ADL','000000000','KJ','2019-07-29','2019-08-15'),('5582','ENGG',3,2019,3,2019,'IT_Prac','ADL','000000000','KJ','2019-07-30','2019-08-15'),('5584','ENGG',3,2019,3,2019,'IT_Prac','ADL','000000000','KJ','2019-07-30','2019-08-15'),('5588','ENGG',3,2019,3,2019,'IT_Prac','ADL','000000000','KJ','2019-07-30','2019-08-15'),('5592','ENGG',3,2019,3,2019,'IT_Prac','ADL','000000000','KJ','2019-07-30','2019-08-15'),('5594','ENGG',3,2019,3,2019,'IT_Prac','ADL','000000000','KJ','2019-07-30','2019-08-15'),('5595','ENGG',3,2019,3,2019,'IT_Prac','ADL','000000000','KJ','2019-07-30','2019-08-15'),('5597','ENGG',3,2019,3,2019,'IT_Prac','ADL','000000000','KJ','2019-07-31','2019-08-15'),('5599','ENGG',3,2019,3,2019,'IT_Prac','ADL','000000000','KJ','2019-07-31','2019-08-15'),('5601','ENGG',3,2019,3,2019,'IT_Prac','ADL','000000000','KJ','2019-07-31','2019-08-15'),('5602','ENGG',3,2019,3,2019,'IT_Prac','ADL','000000000','KJ','2019-07-31','2019-08-15'),('5606','ENGG',3,2019,3,2019,'IT_Prac','ADL','000000000','KJ','2019-07-31','2019-08-15'),('5608','ENGG',3,2019,3,2019,'IT_Prac','ADL','000000000','KJ','2019-07-31','2019-08-15'),('5609','ENGG',3,2019,3,2019,'IT_Prac','ADL','000000000','KJ','2019-07-31','2019-08-15'),('5612','ENGG',3,2019,3,2019,'IT_Prac','ADL','000000000','KJ','2019-07-31','2019-08-15'),('5614','ENGG',3,2019,3,2019,'IT_Prac','ADL','000000000','KJ','2019-08-01','2019-08-15'),('5615','ENGG',3,2019,3,2019,'IT_Prac','ADL','000000000','KJ','2019-08-01','2019-08-15'),('5618','ENGG',3,2019,3,2019,'IT_Prac','ADL','000000000','KJ','2019-08-01','2019-08-15'),('5619','ENGG',3,2019,3,2019,'IT_Prac','ADL','000000000','KJ','2019-08-01','2019-08-15'),('5621','ENGG',3,2019,3,2019,'IT_Prac','ADL','000000000','KJ','2019-08-02','2019-08-15'),('5624','ENGG',3,2019,3,2019,'IT_Prac','ADL','000000000','KJ','2019-08-02','2019-08-15'),('5626','ENGG',3,2019,3,2019,'IT_Prac','ADL','000000000','KJ','2019-08-02','2019-08-15'),('5628','ENGG',3,2019,3,2019,'IT_Prac','ADL','000000000','KJ','2019-08-02','2019-08-15'),('5630','ENGG',3,2019,3,2019,'IT_Prac','ADL','000000000','KJ','2019-08-02','2019-08-15'),('5631','ENGG',3,2019,3,2019,'IT_Prac','ADL','000000000','KJ','2019-08-02','2019-08-15'),('5633','ENGG',3,2019,3,2019,'IT_Prac','ADL','000000000','KJ','2019-08-02','2019-08-15'),('5635','ENGG',3,2019,3,2019,'IT_Prac','ADL','000000000','KJ','2019-08-02','2019-08-15'),('5638','ENGG',3,2019,3,2019,'IT_Prac','ADL','000000000','KJ','2019-08-02','2019-08-15'),('5639','ENGG',3,2019,3,2019,'IT_Prac','ADL','000000000','KJ','2019-08-02','2019-08-15'),('5641','ENGG',4,2019,4,2019,'IT_Prac','ADL','000000000','KJ','2019-10-14','2019-08-15'),('5642','ENGG',4,2019,4,2019,'IT_Prac','ADL','000000000','KJ','2019-10-14','2019-08-15'),('5644','ENGG',4,2019,4,2019,'IT_Prac','ADL','000000000','KJ','2019-10-14','2019-08-15'),('5646','ENGG',4,2019,4,2019,'IT_Prac','ADL','000000000','KJ','2019-10-14','2019-08-15'),('5648','ENGG',4,2019,4,2019,'IT_Prac','ADL','000000000','KJ','2019-10-14','2019-08-15'),('5650','ENGG',4,2019,4,2019,'IT_Prac','ADL','000000000','KJ','2019-10-14','2019-08-15'),('5651','ENGG',4,2019,4,2019,'IT_Prac','ADL','000000000','KJ','2019-10-15','2019-08-15'),('5653','ENGG',4,2019,4,2019,'IT_Prac','ADL','000000000','KJ','2019-10-15','2019-08-15'),('5655','ENGG',4,2019,4,2019,'IT_Prac','ADL','000000000','KJ','2019-10-15','2019-08-15'),('5656','ENGG',4,2019,4,2019,'IT_Prac','ADL','000000000','KJ','2019-10-15','2019-08-15'),('5658','ENGG',4,2019,4,2019,'IT_Prac','ADL','000000000','KJ','2019-10-16','2019-08-15'),('5661','ENGG',4,2019,4,2019,'IT_Prac','ADL','000000000','KJ','2019-10-16','2019-08-15'),('5663','ENGG',4,2019,4,2019,'IT_Prac','ADL','000000000','KJ','2019-10-16','2019-08-15'),('5666','ENGG',4,2019,4,2019,'IT_Prac','ADL','000000000','KJ','2019-10-16','2019-08-15'),('5669','ENGG',4,2019,4,2019,'IT_Prac','ADL','000000000','KJ','2019-10-16','2019-08-15'),('5671','ENGG',4,2019,4,2019,'IT_Prac','ADL','000000000','KJ','2019-10-16','2019-08-15'),('5672','ENGG',4,2019,4,2019,'IT_Prac','ADL','000000000','KJ','2019-10-16','2019-08-15'),('5676','ENGG',4,2019,4,2019,'IT_Prac','ADL','000000000','KJ','2019-10-16','2019-08-15'),('5677','ENGG',4,2019,4,2019,'IT_Prac','ADL','000000000','KJ','2019-10-17','2019-08-15'),('5680','ENGG',4,2019,4,2019,'IT_Prac','ADL','000000000','KJ','2019-10-17','2019-08-15'),('5683','ENGG',4,2019,4,2019,'IT_Prac','ADL','000000000','KJ','2019-10-17','2019-08-15'),('5685','ENGG',4,2019,4,2019,'IT_Prac','ADL','000000000','KJ','2019-10-17','2019-08-15'),('5687','ENGG',4,2019,4,2019,'IT_Prac','ADL','000000000','KJ','2019-10-17','2019-08-15'),('5689','ENGG',4,2019,4,2019,'IT_Prac','ADL','000000000','KJ','2019-10-17','2019-08-15'),('5692','ENGG',4,2019,4,2019,'IT_Prac','ADL','000000000','KJ','2019-10-18','2019-08-15'),('5694','ENGG',4,2019,4,2019,'IT_Prac','ADL','000000000','KJ','2019-10-18','2019-08-15'),('5696','ENGG',4,2019,4,2019,'IT_Prac','ADL','000000000','KJ','2019-10-18','2019-08-15'),('5698','ENGG',4,2019,4,2019,'IT_Prac','ADL','000000000','KJ','2019-10-18','2019-08-15'),('5700','ENGG',4,2019,4,2019,'IT_Prac','ADL','000000000','KJ','2019-10-18','2019-08-15'),('5703','ENGG',4,2019,4,2019,'IT_Prac','ADL','000000000','KJ','2019-10-18','2019-08-15'),('5705','ENGG',4,2019,4,2019,'IT_Prac','ADL','000000000','KJ','2019-10-18','2019-08-15'),('5708','ENGG',4,2019,4,2019,'IT_Prac','ADL','000000000','KJ','2019-10-18','2019-08-15'),('5710','TAACA',3,2019,4,2019,'4CIRS6','ADL','000013015','KJ','2019-07-30','2019-08-15'),('5714','TAABL',4,2019,4,2019,'4CEP','ADL','000276592','KJ','2019-10-17','2019-08-15'),('5715','AAHSP',4,2019,4,2019,'4CYACI','ADL','000276592','KJ','2019-10-15','2019-08-15'),('5718','FABXA',4,2019,4,2019,'4CYACI','ADL','000276592','KJ','2019-10-15','2019-08-15'),('5721','TABEK',4,2019,4,2019,'4CYCSF','ADL','000000000','KJ','2019-10-16','2019-08-15'),('5724','FABZM',4,2019,4,2019,'4CYWHS','ADL','000013605','KJ','2019-10-19','2019-08-15'),('5727','ENGG',3,2019,3,2019,'IT_Prac','ADL','000012109','KJ','2019-07-29','2019-08-15'),('5728','TAABL',3,2019,3,2019,'4CEP','ADL','000928152','KJ','2019-07-31','2019-08-15'),('5733','AAHSP',4,2019,4,2019,'4CYACI','ADL','000013268','KJ','2019-10-15','2019-08-15'),('5735','FABXA',4,2019,4,2019,'4CYACI','ADL','000013268','KJ','2019-10-15','2019-08-15'),('5737','TABEN',3,2019,3,2019,'4CYBCS','ADL','000012109','KJ','2019-07-31','2019-08-15'),('5740','TABEK',3,2019,3,2019,'4CYCSF','ADL','000013125','KJ','2019-08-01','2019-08-15'),('5744','TABEP',4,2019,4,2019,'4CYDAT','ADL','000012439','KJ','2019-10-17','2019-08-15'),('5745','TABEW',3,2019,4,2019,'4CYITS','ADL','000011123','KJ','2019-08-02','2019-08-15'),('5749','TABEG',3,2019,4,2019,'4CYNET','ADL','000012085','KJ','2019-07-29','2019-08-15'),('5750','ENGG',3,2019,3,2019,'IT_Prac','ADL','000012439','KJ','2019-08-02','2019-08-15'),('5753','TABES',4,2019,4,2019,'4CYIRP','ADL','000012517','KJ','2019-07-30','2019-08-15'),('5758','TABER',3,2019,3,2019,'4CYMAN','ADL','000013221','KJ','2019-07-29','2019-08-15'),('5763','ENGG',3,2019,3,2019,'IT_Prac','ADL','000013268','KJ','2019-08-01','2019-08-15'),('5767','TABEM',3,2019,4,2019,'4CYPRO','ADL','000013221','KJ','2019-07-31','2019-08-15'),('5767','TABEM',4,2019,4,2019,'4CYPRO','ADL','000013268','KJ','2019-07-31','2019-08-15'),('5780','TABEL',3,2019,3,2019,'4CYSEC','ADL','000013221','KJ','2019-07-29','2019-08-15'),('5785','TABEH',3,2019,3,2019,'4CYTST','ADL','000013490','KJ','2019-07-29','2019-08-15'),('5788','TABET',3,2019,3,2019,'4CYWEB','ADL','000012439','KJ','2019-07-30','2019-08-15'),('5793','AAHSP',4,2019,4,2019,'4CYACI','ADL','000276592','KJ','2019-10-18','2019-08-15'),('5795','FABXA',4,2019,4,2019,'4CYACI','ADL','000276592','KJ','2019-10-18','2019-08-15'),('5798','TAAAY',2,2019,2,2019,'1INE','ADL','000928152','KJ','2019-04-09','2019-01-01'),('5799','TAAAW',2,2019,2,2019,'1OPC','ADL','000928152','KJ','2019-04-09','2019-01-01'),('5799','TABEK',4,2019,4,2019,'4CYCSF','ADL','000276592','KJ','2019-10-17','2019-08-15'),('5800','TAAFF',2,2019,2,2019,'1OPP','ADL','000928152','KJ','2019-04-09','2019-01-01'),('5801','TAACP',1,2019,1,2019,'4SSP','ADL','000011369','KJ','2019-02-16','2019-01-01'),('5801','TABEW',4,2019,4,2019,'4CYITS','ADL','001034176','KJ','2019-10-18','2019-08-15'),('5802','TAAKM',2,2019,2,2019,'1OSS','ADL','000928152','KJ','2019-04-09','2019-01-01'),('5803','ENGG',1,2019,1,2019,'IT_Prac','ADL','000011369','KJ','2019-12-02','2019-01-01'),('5804','TAAAX',2,2019,2,2019,'1OWP','ADL','000928152','KJ','2019-04-09','2019-01-01'),('5805','ENGG',3,2019,3,2019,'IT_Prac','ADL','000013125','KJ','2019-08-01','2019-08-15'),('5806','ENGG',1,2019,1,2019,'IT_Prac','ADL','000011942','KJ','2019-02-14','2019-01-01'),('5807','TAAFG',2,2019,2,2019,'1PPT','ADL','000928152','KJ','2019-04-09','2019-01-01'),('5807','ENGG',3,2019,3,2019,'IT_Prac','ADL','000012974','KJ','2019-07-30','2019-08-15'),('5808','TAAGA',1,2019,1,2019,'4CDE','ADL','000012085','KJ','2019-11-02','2019-01-01'),('5809','TAAAZ',2,2019,2,2019,'1UDD','ADL','000928152','KJ','2019-04-09','2019-01-01'),('5810','TAACZ',2,2019,2,2019,'4CNS','ADL','000013221','KJ','2019-04-08','2019-01-01'),('5810','ENGG',3,2019,3,2019,'IT_Prac','ADL','000013268','KJ','2019-07-31','2019-08-15'),('5811','TAACK',1,2019,1,2019,'5CNW','ADL','000013221','KJ','2019-02-16','2019-01-01'),('5812','TAABC',4,2019,4,2019,'2UAP','ADL','000928152','KJ','2019-10-14','2019-08-15'),('5813','ENGG',1,2019,1,2019,'IT_Prac','ADL','000011942','KJ','2019-02-13','2019-01-01'),('5814','TAAHC',1,2019,1,2019,'5DD','ADL','000010849','KJ','2019-02-16','2019-01-01'),('5814','TAAFK',4,2019,4,2019,'2UAP','ADL','000012974','KJ','2019-10-14','2019-08-15'),('5815','TABFH',2,2019,2,2019,'4CNS','ADL','000013221','KJ','2019-04-08','2019-01-01'),('5816','TAAGC',2,2019,2,2019,'3PRB','ADL','000011327','KJ','2019-04-08','2019-01-01'),('5817','DAASN',1,2019,1,2019,'5DIW','ADL','000011369','KJ','2019-02-16','2019-01-01'),('5817','TAABC',3,2019,3,2019,'2UAP','ADL','000011942','KJ','2019-07-31','2019-08-15'),('5818','TAAEK',2,2019,2,2019,'4HTML5','ADL','000944814','KJ','2019-04-10','2019-01-01'),('5819','TAAEA',2,2019,2,2019,'4LTSF','ADL','000013015','KJ','2019-04-09','2019-01-01'),('5820','TAACZ',2,2019,2,2019,'4JSB','ADL','000011942','KJ','2019-04-09','2019-01-01'),('5820','TAAFK',3,2019,3,2019,'2UAP','ADL','000011942','KJ','2019-07-31','2019-08-15'),('5821','TAAFD',1,2019,1,2019,'5DIW','ADL','000011369','KJ','2019-02-16','2019-01-01'),('5822','TAAFR',3,2019,3,2019,'3ACA','ADL','000011942','KJ','2019-07-31','2019-08-15'),('5823','TAAEN',2,2019,2,2019,'4HTML5','ADL','000944814','KJ','2019-04-10','2019-01-01'),('5824','TABFB',1,2019,1,2019,'4STDA','ADL','000944814','KJ','2019-12-02','2019-01-01'),('5825','TAAEH',2,2019,2,2019,'4WAU','ADL','001034176','KJ','2019-04-15','2019-01-01'),('5825','TAAGC',3,2019,3,2019,'3PRB','ADL','000944814','KJ','2019-08-02','2019-08-15'),('5826','TAABR',1,2019,1,2019,'5ECS','ADL','000013221','KJ','2019-02-16','2019-01-01'),('5827','TAAGN',2,2019,2,2019,'4HTML5','ADL','000944814','KJ','2019-04-10','2019-01-01'),('5828','TAAHL',1,2019,1,2019,'5ECS','ADL','000013221','KJ','2019-02-16','2019-01-01'),('5828','FABRP',3,2019,3,2019,'3WHS','ADL','000276592','KJ','2019-08-01','2019-08-15'),('5829','TAAGZ',2,2019,2,2019,'4WAU','ADL','001034176','KJ','2019-04-15','2019-01-01'),('5830','TAABG',2,2019,2,2019,'5ICW','ADL','000012517','KJ','2019-04-08','2019-01-01'),('5830','DAAKZ',3,2019,4,2019,'4CMS','ADL','000011942','KJ','2019-07-29','2019-08-15'),('5831','TAAGS',2,2019,2,2019,'4HTML5','ADL','000944814','KJ','2019-04-10','2019-01-01'),('5832','TAAHY',1,2019,1,2019,'5IOSMD','ADL','000010901','KJ','2019-02-16','2019-01-01'),('5832','TABDN',3,2019,4,2019,'4CMS','ADL','000011942','KJ','2019-07-29','2019-08-15'),('5833','DAASN',1,2019,1,2019,'5DIW','ADL','000011369','KJ','2019-02-14','2019-01-01'),('5834','CABRE',4,2019,4,2019,'4DWL','ADL','000011369','KJ','2019-10-16','2019-08-15'),('5835','TAABX',2,2019,2,2019,'5ICW','ADL','000012517','KJ','2019-04-08','2019-01-01'),('5836','TABFE',1,2019,1,2019,'5IUOS','ADL','000857816','KJ','2019-02-16','2019-01-01'),('5836','TAAGX',4,2019,4,2019,'4DWL','ADL','000011369','KJ','2019-10-16','2019-08-15'),('5837','TAACZ',2,2019,2,2019,'4JSB','ADL','000013311','KJ','2019-05-28','2019-01-01'),('5838','TAAFD',1,2019,1,2019,'5DIW','ADL','000011369','KJ','2019-02-14','2019-01-01'),('5838','TAAEK',3,2019,3,2019,'4HTML5','ADL','000011942','KJ','2019-08-01','2019-08-15'),('5839','TAAHZ',1,2019,1,2019,'5SDA','ADL','000013514','KJ','2019-02-16','2019-01-01'),('5840','TAAMC',2,2019,2,2019,'5ICW','ADL','000012517','KJ','2019-04-08','2019-01-01'),('5840','TAAEN',3,2019,3,2019,'4HTML5','ADL','000011942','KJ','2019-08-01','2019-08-15'),('5841','ENGG',1,2019,1,2019,'IT_Prac','ADL','000013311','KJ','2019-02-15','2019-01-01'),('5842','TAAGY',1,2019,2,2019,'4PHP','ADL','000013311','KJ','2019-11-02','2019-01-01'),('5842','TAAGN',3,2019,3,2019,'4HTML5','ADL','000011942','KJ','2019-08-01','2019-08-15'),('5844','TAAGS',3,2019,3,2019,'4HTML5','ADL','000011942','KJ','2019-08-01','2019-08-15'),('5845','TAAKL',1,2019,1,2019,'5SDA','ADL','000013514','KJ','2019-02-16','2019-01-01'),('5846','TAACZ',4,2019,4,2019,'4JSB','ADL','000011942','KJ','2019-10-17','2019-08-15'),('5847','ENGG',1,2019,1,2019,'IT_Prac','ADL','000944814','KJ','2019-02-14','2019-01-01'),('5848','TAAGW',1,2019,1,2019,'4SEO','ADL','000011942','KJ','2019-02-13','2019-01-01'),('5848','FACNL',3,2019,3,2019,'4SWP','ADL','000276592','KJ','2019-08-01','2019-08-15'),('5849','TAADH',1,2019,2,2019,'5TSD','ADL','000010849','KJ','2019-02-16','2019-01-01'),('5850','TAAFB',3,2019,3,2019,'4VGC','ADL','000011369','KJ','2019-07-30','2019-08-15'),('5851','TAABM',2,2019,2,2019,'4WDM','ADL','000011369','KJ','2019-04-13','2019-01-01'),('5852','TAAHB',1,2019,1,2019,'4SEO','ADL','000011942','KJ','2019-02-13','2019-01-01'),('5852','TAABM',4,2019,4,2019,'4WDM','ADL','000011369','KJ','2019-10-19','2019-08-15'),('5854','TAADL',1,2019,2,2019,'5TSD','ADL','000010849','KJ','2019-02-16','2019-01-01'),('5854','DAASN',3,2019,3,2019,'5DIW','ADL','000011369','KJ','2019-07-29','2019-08-15'),('5855','TAAHE',1,2019,1,2019,'53DA','ADL','000011942','KJ','2019-02-16','2019-01-01'),('5856','TAAFD',3,2019,3,2019,'5DIW','ADL','000011369','KJ','2019-07-29','2019-08-15'),('5857','TAAKB',1,2019,1,2019,'5AWT','ADL','000013268','KJ','2019-02-13','2019-01-01'),('5858','TAAKA',1,2019,1,2019,'6CLP','ADL','000013514','KJ','2019-02-16','2019-01-01'),('5858','TAABH',3,2019,4,2019,'43DM','ADL','000011942','KJ','2019-08-03','2019-08-15'),('5859','TAAHF',1,2019,1,2019,'53DA','ADL','000011942','KJ','2019-02-16','2019-01-01'),('5860','TAAKC',1,2019,1,2019,'5AWT','ADL','000013268','KJ','2019-02-13','2019-01-01'),('5860','TAAFE',3,2019,4,2019,'43DM','ADL','000011942','KJ','2019-08-03','2019-08-15'),('5863','TAABL',3,2019,3,2019,'4CEP','ADL','000928152','KJ','2019-07-31','2019-08-15'),('5864','TAAHD',1,2019,2,2019,'5DVE','ADL','000011942','KJ','2019-12-02','2019-01-01'),('5864','DAAKZ',3,2019,4,2019,'4CMS','ADL','000011942','KJ','2019-08-01','2019-08-15'),('5866','TABDN',3,2019,4,2019,'4CMS','ADL','000011942','KJ','2019-08-01','2019-08-15'),('5867','TAABB',2,2019,2,2019,'2WIT','ADL','000928152','KJ','2019-04-11','2019-01-01'),('5868','TAADE',1,2019,2,2019,'5JSI','ADL','001034176','KJ','2019-12-02','2019-01-01'),('5868','DAAKR',3,2019,3,2019,'4DVP','ADL','000011369','KJ','2019-08-03','2019-08-15'),('5870','FABRH',3,2019,3,2019,'4DVP','ADL','000011369','KJ','2019-08-03','2019-08-15'),('5872','TAAGC',1,2019,1,2019,'3PRB','ADL','001034176','KJ','2019-02-15','2019-01-01'),('5872','TAACP',3,2019,3,2019,'4SSP','ADL','000011369','KJ','2019-08-03','2019-08-15'),('5873','ENGG',3,2019,3,2019,'IT_Prac','ADL','000011369','KJ','2019-07-30','2019-08-15'),('5875','TAAEP',1,2019,2,2019,'5JSI','ADL','001034176','KJ','2019-12-02','2019-01-01'),('5875','ENGG',3,2019,3,2019,'IT_Prac','ADL','000011942','KJ','2019-07-31','2019-08-15'),('5877','TAACB',2,2019,2,2019,'4BSWN','ADL','000012085','KJ','2019-04-11','2019-01-01'),('5877','TAAGC',4,2019,4,2019,'3PRB','ADL','000944814','KJ','2019-10-14','2019-08-15'),('5881','FABRK',1,2019,1,2019,'5WORK','ADL','000011369','KJ','2019-02-15','2019-01-01'),('5883','TAADB',1,2019,1,2019,'4BUI','ADL','000010546','KJ','2019-11-02','2019-01-01'),('5887','TAACZ',4,2019,4,2019,'4JSB','ADL','000013311','KJ','2019-11-12','2019-08-15'),('5889','TAADC',2,2019,2,2019,'4C#B','ADL','000010849','KJ','2019-04-09','2019-01-01'),('5889','ENGG',3,2019,3,2019,'IT_Prac','ADL','000013311','KJ','2019-07-30','2019-08-15'),('5890','ENGG',1,2019,1,2019,'IT_Prac','ADL','001034176','KJ','2019-11-02','2019-01-01'),('5891','ENGG',3,2019,3,2019,'IT_Prac','ADL','000944814','KJ','2019-08-01','2019-08-15'),('5893','TAAHE',3,2019,3,2019,'53DA','ADL','000011942','KJ','2019-08-03','2019-08-15'),('5894','TAAHF',3,2019,3,2019,'53DA','ADL','000011942','KJ','2019-08-03','2019-08-15'),('5895','TABEN',1,2019,1,2019,'4CYBCS','ADL','000012974','KJ','2019-12-02','2019-01-01'),('5896','TAAAS',1,2019,1,2019,'5WORK','ADL','000011369','KJ','2019-02-15','2019-01-01'),('5896','TAAHD',3,2019,4,2019,'5DVE','ADL','000011942','KJ','2019-07-30','2019-08-15'),('5898','ENGG',2,2019,2,2019,'IT_Prac','ADL','001038996','KJ','2019-04-10','2019-01-01'),('5898','TAADE',3,2019,4,2019,'5JSI','ADL','000010546','KJ','2019-07-30','2019-08-15'),('5901','TAAEP',3,2019,4,2019,'5JSI','ADL','000010546','KJ','2019-07-30','2019-08-15'),('5902','TABEK',1,2019,1,2019,'4CYCSF','ADL','000013125','KJ','2019-02-14','2019-01-01'),('5903','FABRK',3,2019,3,2019,'5WORK','ADL','000012439','KJ','2019-08-02','2019-08-15'),('5905','ENGG',2,2019,2,2019,'IT_Prac','ADL','000013289','KJ','2019-04-11','2019-01-01'),('5906','TAACW',1,2019,1,2019,'4DBB','ADL','000013268','KJ','2019-02-14','2019-01-01'),('5907','TAAAS',3,2019,3,2019,'5WORK','ADL','000010581','KJ','2019-08-02','2019-08-15'),('5909','ENGG',1,2019,1,2019,'IT_Prac','ADL','000011327','KJ','2019-12-02','2019-01-01'),('5911','TAAFA',1,2019,1,2019,'4DBB','ADL','000013268','KJ','2019-02-14','2019-01-01'),('5911','TAABS',3,2019,3,2019,'5WORK','ADL','000010581','KJ','2019-08-02','2019-08-15'),('5913','ENGG',1,2019,1,2019,'IT_Prac','ADL','000010581','KJ','2019-11-02','2019-01-01'),('5916','ENGG',1,2019,1,2019,'IT_Prac','ADL','000010581','KJ','2019-11-02','2019-01-01'),('5916','TAADM',3,2019,3,2019,'5WORK','ADL','000012439','KJ','2019-08-02','2019-08-15'),('5917','TAAHA',1,2019,1,2019,'4DBB','ADL','000013268','KJ','2019-02-14','2019-01-01'),('5920','TAADR',3,2019,3,2019,'5WORK','ADL','000011369','KJ','2019-08-02','2019-08-15'),('5922','ENGG',1,2019,1,2019,'IT_Prac','ADL','000010581','KJ','2019-11-02','2019-01-01'),('5924','TAAEK',1,2019,1,2019,'4HTML5','ADL','000013311','KJ','2019-11-02','2019-01-01'),('5924','TAAKG',3,2019,3,2019,'5WORK','ADL','000010581','KJ','2019-08-02','2019-08-15'),('5927','ENGG',1,2019,1,2019,'IT_Prac','ADL','000010581','KJ','2019-12-02','2019-01-01'),('5928','ENGG',3,2019,3,2019,'IT_Prac','ADL','000017445','KJ','2019-08-01','2019-08-15'),('5930','TAAEN',1,2019,1,2019,'4HTML5','ADL','000013311','KJ','2019-11-02','2019-01-01'),('5930','TAACR',3,2019,4,2019,'5MITP','ADL','000011369','KJ','2019-07-31','2019-08-15'),('5932','TAAET',3,2019,4,2019,'5MWD','ADL','000013311','KJ','2019-07-29','2019-08-15'),('5933','ENGG',1,2019,1,2019,'IT_Prac','ADL','000010581','KJ','2019-12-02','2019-01-01'),('5935','TAAKE',3,2019,4,2019,'5MWD','ADL','000013311','KJ','2019-07-29','2019-08-15'),('5937','TAAGN',1,2019,1,2019,'4HTML5','ADL','000013311','KJ','2019-11-02','2019-01-01'),('5937','TAAKF',3,2019,4,2019,'5MWD','ADL','000013311','KJ','2019-07-29','2019-08-15'),('5939','DAAMW',3,2019,3,2019,'5PVP','ADL','000011942','KJ','2019-08-03','2019-08-15'),('5941','ENGG',1,2019,1,2019,'IT_Prac','ADL','000010581','KJ','2019-12-02','2019-01-01'),('5942','TAAHH',3,2019,3,2019,'5PVP','ADL','000011942','KJ','2019-08-03','2019-08-15'),('5943','TAAEL',1,2019,1,2019,'4WAP','ADL','000013311','KJ','2019-02-16','2019-01-01'),('5944','TAABC',4,2019,4,2019,'2UAP','ADL','000928152','KJ','2019-10-14','2019-08-15'),('5945','TAAGS',1,2019,1,2019,'4HTML5','ADL','000013311','KJ','2019-11-02','2019-01-01'),('5946','TAAFK',4,2019,4,2019,'2UAP','ADL','000012974','KJ','2019-10-14','2019-08-15'),('5947','ENGG',1,2019,1,2019,'IT_Prac','ADL','000010581','KJ','2019-12-02','2019-01-01'),('5949','TAAFR',4,2019,4,2019,'3ACA','ADL','000928152','KJ','2019-10-14','2019-08-15'),('5950','TAAGT',1,2019,1,2019,'4WAP','ADL','000013311','KJ','2019-02-16','2019-01-01'),('5951','TAACW',1,2019,1,2019,'4DBB','ADL','000013268','KJ','2019-11-02','2019-01-01'),('5951','TAAGP',4,2019,4,2019,'3BSW','ADL','000928152','KJ','2019-10-16','2019-08-15'),('5954','ENGG',1,2019,1,2019,'IT_Prac','ADL','000010581','KJ','2019-12-02','2019-01-01'),('5956','TAAFN',4,2019,4,2019,'3ISC','ADL','000928152','KJ','2019-10-16','2019-08-15'),('5958','TAADT',4,2019,4,2019,'3SOHO','ADL','000012974','KJ','2019-10-14','2019-08-15'),('5960','ENGG',1,2019,1,2019,'IT_Prac','ADL','000010581','KJ','2019-12-02','2019-01-01'),('5960','FACNL',4,2019,4,2019,'4SWP','ADL','000012517','KJ','2019-10-18','2019-08-15'),('5961','TAAFA',1,2019,1,2019,'4DBB','ADL','000013268','KJ','2019-11-02','2019-01-01'),('5963','ENGG',3,2019,3,2019,'IT_Prac','ADL','000010546','KJ','2019-07-30','2019-08-15'),('5965','ENGG',1,2019,1,2019,'IT_Prac','ADL','000010581','KJ','2019-12-02','2019-01-01'),('5965','ENGG',3,2019,3,2019,'IT_Prac','ADL','000013490','KJ','2019-08-02','2019-08-15'),('5967','TAABB',3,2019,3,2019,'2WIT','ADL','000276592','KJ','2019-08-01','2019-08-15'),('5968','TAAHA',1,2019,1,2019,'4DBB','ADL','000013268','KJ','2019-11-02','2019-01-01'),('5969','TAAFP',4,2019,4,2019,'3CPS','ADL','000017445','KJ','2019-10-14','2019-08-15'),('5970','TAAGY',1,2019,1,2019,'4PHP','ADL','000013311','KJ','2019-02-16','2019-01-01'),('5971','TAABE',3,2019,3,2019,'3CUD','ADL','000276592','KJ','2019-08-01','2019-08-15'),('5973','ENGG',1,2019,1,2019,'IT_Prac','ADL','000010581','KJ','2019-02-13','2019-01-01'),('5973','TAABF',3,2019,3,2019,'3IOOS','ADL','000012974','KJ','2019-08-01','2019-08-15'),('5975','TAAGM',3,2019,3,2019,'3PBSA','ADL','000012974','KJ','2019-08-01','2019-08-15'),('5976','FABRK',1,2019,1,2019,'5WORK','ADL','000011123','KJ','2019-02-16','2019-01-01'),('5978','TAABG',2,2019,2,2019,'4DWR','ADL','000013268','KJ','2019-04-08','2019-01-01'),('5978','TAAGC',3,2019,3,2019,'3PRB','ADL','000944814','KJ','2019-07-31','2019-08-15'),('5980','ENGG',1,2019,1,2019,'IT_Prac','ADL','000012974','KJ','2019-02-13','2019-01-01'),('5980','TAADS',3,2019,3,2019,'3RSDT','ADL','000012974','KJ','2019-08-01','2019-08-15'),('5982','FABRP',3,2019,3,2019,'3WHS','ADL','000276592','KJ','2019-08-01','2019-08-15'),('5983','TAAAS',1,2019,1,2019,'5WORK','ADL','000011123','KJ','2019-02-16','2019-01-01'),('5984','ENGG',1,2019,1,2019,'IT_Prac','ADL','000012974','KJ','2019-02-13','2019-01-01'),('5984','TAAFT',4,2019,4,2019,'4DMT','ADL','000017445','KJ','2019-10-14','2019-08-15'),('5985','TAAEG',2,2019,2,2019,'4DWR','ADL','000013268','KJ','2019-04-08','2019-01-01'),('5986','TAABY',3,2019,3,2019,'4IVM','ADL','000012974','KJ','2019-07-31','2019-08-15'),('5987','TAABB',4,2019,4,2019,'2WIT','ADL','000928152','KJ','2019-10-17','2019-08-15'),('5988','TAAEW',4,2019,4,2019,'3CIHW','ADL','000012974','KJ','2019-10-16','2019-08-15'),('5989','TAABE',4,2019,4,2019,'3CUD','ADL','000928152','KJ','2019-10-17','2019-08-15'),('5990','TAABF',4,2019,4,2019,'3IOOS','ADL','000012974','KJ','2019-10-16','2019-08-15'),('5991','ENGG',1,2019,1,2019,'IT_Prac','ADL','000010581','KJ','2019-02-13','2019-01-01'),('5991','TAAEX',4,2019,4,2019,'3PITA','ADL','000928152','KJ','2019-10-17','2019-08-15'),('5992','TAADS',4,2019,4,2019,'3RSDT','ADL','000944814','KJ','2019-10-16','2019-08-15'),('5993','TAABY',3,2019,3,2019,'4IVM','ADL','000944814','KJ','2019-08-01','2019-08-15'),('5994','TAABS',1,2019,1,2019,'5WORK','ADL','000011123','KJ','2019-02-16','2019-01-01'),('5994','ENGG',3,2019,3,2019,'IT_Prac','ADL','000013047','KJ','2019-08-13','2019-08-15'),('5995','TAAEM',2,2019,2,2019,'4DWR','ADL','000013268','KJ','2019-04-08','2019-01-01'),('5995','TAAFR',3,2019,3,2019,'3ACA','ADL','000013268','KJ','2019-07-30','2019-08-15'),('5996','TAABB',3,2019,3,2019,'2WIT','ADL','000276592','KJ','2019-08-03','2019-08-15'),('5997','TAAGC',3,2019,3,2019,'3PRB','ADL','000010849','KJ','2019-08-01','2019-08-15'),('5998','ENGG',1,2019,1,2019,'IT_Prac','ADL','000012974','KJ','2019-02-13','2019-01-01'),('5998','FABRP',3,2019,3,2019,'3WHS','ADL','000276592','KJ','2019-08-28','2019-08-15'),('5999','FACBW',3,2019,4,2019,'4ACN','ADL','000857816','KJ','2019-08-03','2019-08-15'),('6000','TAADY',3,2019,4,2019,'4ACR','ADL','000276592','KJ','2019-08-03','2019-08-15'),('6001','TAADA',1,2019,1,2019,'4JAB','ADL','000010546','KJ','2019-12-02','2019-01-01'),('6001','TAAGA',3,2019,3,2019,'4CDE','ADL','000944814','KJ','2019-08-01','2019-08-15'),('6002','TAABL',3,2019,3,2019,'4CEP','ADL','000276592','KJ','2019-08-28','2019-08-15'),('6003','TAADM',1,2019,1,2019,'5WORK','ADL','000010581','KJ','2019-02-16','2019-01-01'),('6003','TAACZ',4,2019,4,2019,'4CNS','ADL','000944814','KJ','2019-10-17','2019-08-15'),('6004','ENGG',1,2019,1,2019,'IT_Prac','ADL','000010581','KJ','2019-02-13','2019-01-01'),('6004','TABFH',4,2019,4,2019,'4CNS','ADL','000944814','KJ','2019-10-17','2019-08-15'),('6005','TAABG',3,2019,4,2019,'4DCR','ADL','000857816','KJ','2019-08-03','2019-08-15'),('6006','FACAK',3,2019,4,2019,'4DWP','ADL','000276592','KJ','2019-08-03','2019-08-15'),('6007','FACHP',3,2019,4,2019,'4ICI','ADL','000276592','KJ','2019-08-03','2019-08-15'),('6008','TAADX',3,2019,4,2019,'4IRCP','ADL','000276592','KJ','2019-08-03','2019-08-15'),('6009','TAAEA',4,2019,4,2019,'4LTSF','ADL','000013015','KJ','2019-10-16','2019-08-15'),('6010','ENGG',1,2019,1,2019,'IT_Prac','ADL','000010581','KJ','2019-02-13','2019-01-01'),('6010','TABFD',3,2019,4,2019,'4POTO','ADL','000857816','KJ','2019-08-03','2019-08-15'),('6011','TAAEL',1,2019,2,2019,'4WAP','ADL','000013311','KJ','2019-02-14','2019-01-01'),('6011','TABFA',3,2019,4,2019,'4PRHS','ADL','000276592','KJ','2019-08-03','2019-08-15'),('6012','TAADR',1,2019,1,2019,'5WORK','ADL','000010581','KJ','2019-02-16','2019-01-01'),('6012','TABFB',3,2019,3,2019,'4STDA','ADL','000276592','KJ','2019-08-28','2019-08-15'),('6013','FACNL',3,2019,3,2019,'4SWP','ADL','000276592','KJ','2019-08-28','2019-08-15'),('6014','TAABG',4,2019,4,2019,'5ICW','ADL','000013047','KJ','2019-10-17','2019-08-15'),('6015','TAABX',4,2019,4,2019,'5ICW','ADL','000013490','KJ','2019-10-17','2019-08-15'),('6016','TAAMC',4,2019,4,2019,'5ICW','ADL','000013490','KJ','2019-10-17','2019-08-15'),('6017','ENGG',1,2019,1,2019,'IT_Prac','ADL','000010581','KJ','2019-02-14','2019-01-01'),('6017','ENGG',3,2019,3,2019,'IT_Prac','ADL','000012517','KJ','2019-08-12','2019-08-15'),('6018','ENGG',3,2019,3,2019,'IT_Prac','ADL','000000000','KJ','2019-09-16','2019-08-15'),('6019','ENGG',3,2019,3,2019,'IT_Prac','ADL','000013015','KJ','2019-07-29','2019-08-15'),('6020','TAAGC',3,2019,3,2019,'3PRB','ADL','001114726','KJ','2019-07-29','2019-08-15'),('6021','TAAGT',1,2019,2,2019,'4WAP','ADL','000013311','KJ','2019-02-14','2019-01-01'),('6021','TAAGA',3,2019,3,2019,'4CDE','ADL','000012085','KJ','2019-07-29','2019-08-15'),('6022','TAAKG',1,2019,1,2019,'5WORK','ADL','000010581','KJ','2019-02-16','2019-01-01'),('6022','TAACZ',4,2019,4,2019,'4CNS','ADL','000017445','KJ','2019-10-14','2019-08-15'),('6023','ENGG',1,2019,1,2019,'IT_Prac','ADL','000010581','KJ','2019-02-14','2019-01-01'),('6023','TABFH',4,2019,4,2019,'4CNS','ADL','000017445','KJ','2019-10-14','2019-08-15'),('6024','TAABG',4,2019,4,2019,'5ICW','ADL','000013047','KJ','2019-10-14','2019-08-15'),('6025','TAABX',4,2019,4,2019,'5ICW','ADL','000013047','KJ','2019-10-14','2019-08-15'),('6026','ENGG',1,2019,1,2019,'IT_Prac','ADL','000010581','KJ','2019-02-14','2019-01-01'),('6026','TAAMC',4,2019,4,2019,'5ICW','ADL','000013047','KJ','2019-10-14','2019-08-15'),('6027','ENGG',3,2019,3,2019,'IT_Prac','ADL','000000000','KJ','2019-09-19','2019-08-15'),('6028','TAABG',2,2019,2,2019,'5ICW','ADL','000013047','KJ','2019-04-09','2019-01-01'),('6028','ENGG',3,2019,3,2019,'IT_Prac','ADL','000012085','KJ','2019-07-30','2019-08-15'),('6029','TAADG',1,2019,1,2019,'5JAW','ADL','000013514','KJ','2019-02-16','2019-01-01'),('6029','TAACA',3,2019,3,2019,'4CIRS6','ADL','000013015','KJ','2019-07-31','2019-08-15'),('6032','ENGG',3,2019,3,2019,'IT_Prac','ADL','000000000','KJ','2019-07-29','2019-08-15'),('6033','TAACA',3,2019,3,2019,'4CIRS6','ADL','000012974','KJ','2019-07-30','2019-08-15'),('6034','ENGG',3,2019,3,2019,'IT_Prac','ADL','000000000','KJ','2019-08-01','2019-08-15'),('6035','ENGG',1,2019,1,2019,'IT_Prac','ADL','000010581','KJ','2019-02-15','2019-01-01'),('6035','TAABB',4,2019,4,2019,'2WIT','ADL','000928152','KJ','2019-10-17','2019-08-15'),('6036','TAAGC',3,2019,3,2019,'3PRB','ADL','000017445','KJ','2019-08-02','2019-08-15'),('6037','TAACB',4,2019,4,2019,'4BSWN','ADL','000012085','KJ','2019-10-17','2019-08-15'),('6038','TAADB',3,2019,3,2019,'4BUI','ADL','001114726','KJ','2019-07-29','2019-08-15'),('6039','TAADC',4,2019,4,2019,'4CB','ADL','000010849','KJ','2019-10-15','2019-08-15'),('6040','TAABL',4,2019,4,2019,'4CEP','ADL','000000000','KJ','2019-10-14','2019-08-15'),('6041','TAABX',2,2019,2,2019,'5ICW','ADL','000013047','KJ','2019-04-09','2019-01-01'),('6041','TABEN',3,2019,3,2019,'4CYBCS','ADL','000012974','KJ','2019-07-30','2019-08-15'),('6042','TABEK',3,2019,3,2019,'4CYCSF','ADL','000013125','KJ','2019-08-01','2019-08-15'),('6043','ENGG',1,2019,1,2019,'IT_Prac','ADL','000010581','KJ','2019-02-15','2019-01-01'),('6043','TAACW',3,2019,3,2019,'4DBB','ADL','000013268','KJ','2019-08-01','2019-08-15'),('6044','TAAFA',3,2019,3,2019,'4DBB','ADL','000013268','KJ','2019-08-01','2019-08-15'),('6045','TAABY',2,2019,2,2019,'4IVM','ADL','000013490','KJ','2019-04-13','2019-01-01'),('6045','TAAHA',3,2019,3,2019,'4DBB','ADL','000013268','KJ','2019-08-01','2019-08-15'),('6046','TAAEK',3,2019,3,2019,'4HTML5','ADL','000944814','KJ','2019-07-29','2019-08-15'),('6047','TAAEN',3,2019,3,2019,'4HTML5','ADL','000944814','KJ','2019-07-29','2019-08-15'),('6048','TAAGN',3,2019,3,2019,'4HTML5','ADL','000944814','KJ','2019-07-29','2019-08-15'),('6049','ENGG',1,2019,1,2019,'IT_Prac','ADL','000010581','KJ','2019-02-15','2019-01-01'),('6049','TAAGS',3,2019,3,2019,'4HTML5','ADL','000944814','KJ','2019-07-29','2019-08-15'),('6050','FABRP',3,2019,3,2019,'3WHS','ADL','000944814','KJ','2019-07-30','2019-08-15'),('6051','TAACA',3,2019,4,2019,'4CIRS6','ADL','000013015','KJ','2019-07-29','2019-08-15'),('6052','TAABZ',1,2019,1,2019,'4AWS','ADL','000013047','KJ','2019-02-16','2019-01-01'),('6053','TAABG',4,2019,4,2019,'4DWR','ADL','000013268','KJ','2019-10-14','2019-08-15'),('6054','TAAMC',2,2019,2,2019,'5ICW','ADL','000013047','KJ','2019-04-09','2019-01-01'),('6054','TAAEG',4,2019,4,2019,'4DWR','ADL','000013268','KJ','2019-10-14','2019-08-15'),('6055','TAAEM',4,2019,4,2019,'4DWR','ADL','000013268','KJ','2019-10-14','2019-08-15'),('6056','TAAEA',4,2019,4,2019,'4LTSF','ADL','000013015','KJ','2019-10-17','2019-08-15'),('6057','ENGG',1,2019,1,2019,'IT_Prac','ADL','000010581','KJ','2019-02-15','2019-01-01'),('6057','TABFG',3,2019,3,2019,'4PICTS','ADL','000276592','KJ','2019-07-30','2019-08-15'),('6058','FACNL',4,2019,4,2019,'4SWP','ADL','000928152','KJ','2019-10-18','2019-08-15'),('6059','TAAFZ',1,2019,1,2019,'4AWS','ADL','000013047','KJ','2019-02-16','2019-01-01'),('6059','TAACY',3,2019,3,2019,'5TST','ADL','000010849','KJ','2019-08-02','2019-08-15'),('6060','TAADK',3,2019,3,2019,'5TST','ADL','000010849','KJ','2019-08-02','2019-08-15'),('6061','ENGG',3,2019,3,2019,'IT_Prac','ADL','000010901','KJ','2019-07-31','2019-08-15'),('6062','ENGG',1,2019,1,2019,'IT_Prac','ADL','000010581','KJ','2019-02-15','2019-01-01'),('6062','TAACZ',4,2019,4,2019,'4JSB','ADL','000944814','KJ','2019-10-14','2019-08-15'),('6063','ENGG',1,2019,1,2019,'IT_Prac','ADL','000010901','KJ','2019-02-13','2019-01-01'),('6063','TAADA',3,2019,3,2019,'4JAB','ADL','000010546','KJ','2019-07-30','2019-08-15'),('6064','TAAEL',3,2019,4,2019,'4WAP','ADL','000013311','KJ','2019-08-01','2019-08-15'),('6065','TAAGT',3,2019,4,2019,'4WAP','ADL','000013311','KJ','2019-08-01','2019-08-15'),('6066','TAACE',3,2019,3,2019,'5CRS6','ADL','000012109','KJ','2019-07-29','2019-08-15'),('6067','TAACX',1,2019,1,2019,'4C#M','ADL','000013514','KJ','2019-02-16','2019-01-01'),('6067','TABEE',3,2019,3,2019,'5CRS6','ADL','000012109','KJ','2019-07-29','2019-08-15'),('6068','TAACF',4,2019,4,2019,'5CSN6','ADL','000013490','KJ','2019-10-16','2019-08-15'),('6069','TAAMF',4,2019,4,2019,'5CSN6','ADL','000013490','KJ','2019-10-16','2019-08-15'),('6070','ENGG',4,2019,4,2019,'IT_Prac','ADL','000013015','KJ','2019-10-14','2019-08-15'),('6071','ENGG',3,2019,3,2019,'IT_Prac','ADL','000010901','KJ','2019-07-31','2019-08-15'),('6072','ENGG',1,2019,1,2019,'IT_Prac','ADL','000010581','KJ','2019-02-15','2019-01-01'),('6072','TAACD',3,2019,3,2019,'5CCN6','ADL','000013490','KJ','2019-07-29','2019-08-15'),('6073','TABEF',3,2019,3,2019,'5CCN6','ADL','000013490','KJ','2019-07-29','2019-08-15'),('6074','TAADE',1,2019,1,2019,'4C#M','ADL','000013514','KJ','2019-02-16','2019-01-01'),('6074','TAACK',4,2019,4,2019,'5CNW','ADL','000013490','KJ','2019-10-14','2019-08-15'),('6075','TAACA',1,2019,2,2019,'4CIRS6','ADL','000013015','KJ','2019-11-02','2019-01-01'),('6075','TAAES',3,2019,4,2019,'5DWS','ADL','000010901','KJ','2019-07-30','2019-08-15'),('6076','TAAKD',3,2019,4,2019,'5DWS','ADL','000010901','KJ','2019-07-30','2019-08-15'),('6077','TAADP',3,2019,4,2019,'5JAM','ADL','000017445','KJ','2019-08-01','2019-08-15'),('6078','ENGG',1,2019,1,2019,'IT_Prac','ADL','000010581','KJ','2019-02-15','2019-01-01'),('6078','ENGG',3,2019,3,2019,'IT_Prac','ADL','000010581','KJ','2019-08-01','2019-08-15'),('6079','TAACR',3,2019,4,2019,'5MITP','ADL','000011369','KJ','2019-08-01','2019-08-15'),('6080','TAACG',3,2019,3,2019,'6DIS','ADL','000013221','KJ','2019-08-03','2019-08-15'),('6081','TAACA',1,2019,2,2019,'4CIRS6','ADL','000013015','KJ','2019-02-16','2019-01-01'),('6081','TAACM',3,2019,3,2019,'6DIS','ADL','000013221','KJ','2019-08-03','2019-08-15'),('6082','TAACC',3,2019,4,2019,'6EWN','ADL','000012517','KJ','2019-08-03','2019-08-15'),('6083','ENGG',2,2019,2,2019,'IT_Prac','ADL','000010581','KJ','2019-04-08','2019-01-01'),('6083','TAACN',3,2019,4,2019,'6EWN','ADL','000012517','KJ','2019-08-03','2019-08-15'),('6084','TAACZ',2,2019,2,2019,'4JSB','ADL','001034176','KJ','2019-04-08','2019-01-01'),('6084','TAAHK',3,2019,4,2019,'6EWN','ADL','000012517','KJ','2019-08-03','2019-08-15'),('6085','TAAHT',3,2019,4,2019,'6EWN','ADL','000012517','KJ','2019-08-03','2019-08-15'),('6086','DAAKZ',1,2019,1,2019,'4CMS','ADL','000011942','KJ','2019-02-16','2019-01-01'),('6086','TAACS',3,2019,4,2019,'6MITP','ADL','000011369','KJ','2019-08-01','2019-08-15'),('6087','TAACT',3,2019,4,2019,'6MITP','ADL','000011369','KJ','2019-08-01','2019-08-15'),('6088','ENGG',3,2019,3,2019,'IT_Prac','ADL','000012517','KJ','2019-08-14','2019-08-15'),('6089','ENGG',3,2019,3,2019,'IT_Prac','ADL','000011369','KJ','2019-08-01','2019-08-15'),('6090','ENGG',3,2019,3,2019,'IT_Prac','ADL','000013221','KJ','2019-07-30','2019-08-15'),('6091','ENGG',2,2019,2,2019,'IT_Prac','ADL','000010581','KJ','2019-04-08','2019-01-01'),('6091','TAAGA',4,2019,4,2019,'4CDE','ADL','000012517','KJ','2019-10-28','2019-08-15'),('6092','TAABY',4,2019,4,2019,'4IVM','ADL','000012517','KJ','2019-10-14','2019-08-15'),('6093','TAABG',4,2019,4,2019,'5ICW','ADL','000012517','KJ','2019-11-18','2019-08-15'),('6094','TAABX',4,2019,4,2019,'5ICW','ADL','000012517','KJ','2019-11-18','2019-08-15'),('6095','TABDN',1,2019,1,2019,'4CMS','ADL','000011942','KJ','2019-02-16','2019-01-01'),('6095','TAAMC',4,2019,4,2019,'5ICW','ADL','000012517','KJ','2019-11-18','2019-08-15'),('6096','TAABZ',1,2019,1,2019,'4AWS','ADL','000013047','KJ','2019-11-02','2019-01-01'),('6096','TAABY',4,2019,4,2019,'4IVM','ADL','000012974','KJ','2019-10-17','2019-08-15'),('6097','TABFG',3,2019,3,2019,'4PICTS','ADL','000857816','KJ','2019-08-03','2019-08-15'),('6098','TAAGA',3,2019,3,2019,'4CDE','ADL','000013047','KJ','2019-07-30','2019-08-15'),('6099','TAACA',3,2019,4,2019,'4CIRS6','ADL','000012517','KJ','2019-07-30','2019-08-15'),('6100','TAABY',3,2019,3,2019,'4IVM','ADL','000012085','KJ','2019-08-02','2019-08-15'),('6101','ENGG',2,2019,2,2019,'IT_Prac','ADL','000010581','KJ','2019-04-09','2019-01-01'),('6101','TAAEA',4,2019,4,2019,'4LTSF','ADL','000013015','KJ','2019-10-14','2019-08-15'),('6103','AAHSP',1,2019,1,2019,'4CYACI','ADL','000013268','KJ','2019-02-16','2019-01-01'),('6105','TAAFZ',1,2019,1,2019,'4AWS','ADL','000013047','KJ','2019-11-02','2019-01-01'),('6106','ENGG',2,2019,2,2019,'IT_Prac','ADL','000010581','KJ','2019-04-09','2019-01-01'),('6110','FABXA',1,2019,1,2019,'4CYACI','ADL','000013268','KJ','2019-02-16','2019-01-01'),('6115','TAACE',1,2019,1,2019,'5CRS6','ADL','000012109','KJ','2019-02-13','2019-01-01'),('6116','ENGG',2,2019,2,2019,'IT_Prac','ADL','000010581','KJ','2019-04-09','2019-01-01'),('6118','TABEN',1,2019,1,2019,'4CYBCS','ADL','000012109','KJ','2019-02-16','2019-01-01'),('6119','TABFG',3,2019,3,2019,'4PICTS','ADL','000857816','KJ','2019-08-03','2019-08-15'),('6121','TAAGA',3,2019,3,2019,'4CDE','ADL','000013047','KJ','2019-07-30','2019-08-15'),('6122','ENGG',2,2019,2,2019,'IT_Prac','ADL','000010581','KJ','2019-04-10','2019-01-01'),('6122','TAACA',3,2019,4,2019,'4CIRS6','ADL','000013490','KJ','2019-07-30','2019-08-15'),('6124','TABEE',1,2019,1,2019,'5CRS6','ADL','000012109','KJ','2019-02-13','2019-01-01'),('6124','TAABY',3,2019,3,2019,'4IVM','ADL','000012085','KJ','2019-08-02','2019-08-15'),('6125','TABEK',1,2019,1,2019,'4CYCSF','ADL','000013125','KJ','2019-02-16','2019-01-01'),('6126','TAAEA',4,2019,4,2019,'4LTSF','ADL','000013015','KJ','2019-10-14','2019-08-15'),('6127','TABFG',3,2019,3,2019,'4PICTS','ADL','000857816','KJ','2019-07-29','2019-08-15'),('6128','TAABG',4,2019,4,2019,'5ICW','ADL','000013047','KJ','2019-10-15','2019-08-15'),('6130','ENGG',2,2019,2,2019,'IT_Prac','ADL','000010581','KJ','2019-04-10','2019-01-01'),('6130','TAABX',4,2019,4,2019,'5ICW','ADL','000013047','KJ','2019-10-15','2019-08-15'),('6131','TAAMC',4,2019,4,2019,'5ICW','ADL','000013047','KJ','2019-10-15','2019-08-15'),('6132','ENGG',3,2019,3,2019,'IT_Prac','ADL','000013015','KJ','2019-08-12','2019-08-15'),('6133','TAACB',4,2019,4,2019,'4BSWN','ADL','000012974','KJ','2019-10-18','2019-08-15'),('6134','TABEP',1,2019,1,2019,'4CYDAT','ADL','000012439','KJ','2019-02-16','2019-01-01'),('6134','FABRP',4,2019,4,2019,'3WHS','ADL','000928152','KJ','2019-10-18','2019-08-15'),('6135','TAACF',2,2019,2,2019,'5CSN6','ADL','000012085','KJ','2019-04-10','2019-01-01'),('6135','TAABL',3,2019,3,2019,'4CEP','ADL','000000000','KJ','2019-07-29','2019-08-15'),('6136','ENGG',2,2019,2,2019,'IT_Prac','ADL','000010581','KJ','2019-04-10','2019-01-01'),('6137','TABFF',3,2019,4,2019,'4CMDB','ADL','000010849','KJ','2019-08-01','2019-08-15'),('6138','TAABZ',3,2019,3,2019,'4IMWS','ADL','000013047','KJ','2019-07-29','2019-08-15'),('6139','TAAME',3,2019,3,2019,'4IMWS','ADL','000013047','KJ','2019-07-29','2019-08-15'),('6140','TAAGB',4,2019,4,2019,'4SCCM','ADL','000013047','KJ','2019-10-15','2019-08-15'),('6141','TABFC',4,2019,4,2019,'4SCCM','ADL','000013047','KJ','2019-10-15','2019-08-15'),('6142','ENGG',2,2019,2,2019,'IT_Prac','ADL','000010581','KJ','2019-04-10','2019-01-01'),('6143','TABFE',3,2019,4,2019,'5IUOS','ADL','000012085','KJ','2019-07-30','2019-08-15'),('6144','TAAMF',2,2019,2,2019,'5CSN6','ADL','000012085','KJ','2019-04-10','2019-01-01'),('6145','TAABL',4,2019,4,2019,'4CEP','ADL','000276592','KJ','2019-10-16','2019-08-15'),('6147','TAABR',3,2019,3,2019,'5ECS','ADL','000013221','KJ','2019-07-30','2019-08-15'),('6148','ENGG',2,2019,2,2019,'IT_Prac','ADL','000010581','KJ','2019-04-10','2019-01-01'),('6149','TAAHL',3,2019,3,2019,'5ECS','ADL','000013221','KJ','2019-07-30','2019-08-15'),('6150','TAAHP',4,2019,4,2019,'5ISV','ADL','000013047','KJ','2019-10-16','2019-08-15'),('6151','TAAAM',1,2019,2,2019,'5EWD','ADL','000010901','KJ','2019-02-14','2019-01-01'),('6151','TAAMG',4,2019,4,2019,'5ISV','ADL','000013047','KJ','2019-10-16','2019-08-15'),('6153','TAAHN',3,2019,3,2019,'5LXN','ADL','000012085','KJ','2019-08-01','2019-08-15'),('6154','TAADT',3,2019,3,2019,'3SOHO','ADL','000013289','KJ','2019-08-01','2019-08-15'),('6155','ENGG',2,2019,2,2019,'IT_Prac','ADL','000010581','KJ','2019-04-10','2019-01-01'),('6156','TAAGA',3,2019,3,2019,'4CDE','ADL','000013289','KJ','2019-08-01','2019-08-15'),('6157','TAACA',3,2019,3,2019,'4CIRS6','ADL','001038996','KJ','2019-07-31','2019-08-15'),('6159','TABEK',3,2019,3,2019,'4CYCSF','ADL','000013289','KJ','2019-08-01','2019-08-15'),('6160','TAABZ',3,2019,3,2019,'4IMWS','ADL','000013289','KJ','2019-08-01','2019-08-15'),('6161','ENGG',2,2019,2,2019,'IT_Prac','ADL','000010581','KJ','2019-04-10','2019-01-01'),('6161','TAAME',3,2019,3,2019,'4IMWS','ADL','000013289','KJ','2019-08-01','2019-08-15'),('6162','TAAER',1,2019,2,2019,'5EWD','ADL','000010901','KJ','2019-02-14','2019-01-01'),('6162','TAABY',3,2019,3,2019,'4IVM','ADL','000013289','KJ','2019-08-01','2019-08-15'),('6164','TAACD',3,2019,3,2019,'5CCN6','ADL','000012085','KJ','2019-07-31','2019-08-15'),('6165','TABEF',3,2019,3,2019,'5CCN6','ADL','000012085','KJ','2019-07-31','2019-08-15'),('6166','ENGG',2,2019,2,2019,'IT_Prac','ADL','000010581','KJ','2019-04-10','2019-01-01'),('6167','TAACE',3,2019,3,2019,'5CRS6','ADL','001038996','KJ','2019-07-31','2019-08-15'),('6168','TABEE',3,2019,3,2019,'5CRS6','ADL','001038996','KJ','2019-07-31','2019-08-15'),('6169','TAAKH',1,2019,2,2019,'5EWD','ADL','000010901','KJ','2019-02-14','2019-01-01'),('6170','TAACF',3,2019,3,2019,'5CSN6','ADL','001038996','KJ','2019-07-31','2019-08-15'),('6172','ENGG',2,2019,2,2019,'IT_Prac','ADL','000010581','KJ','2019-04-10','2019-01-01'),('6172','TAAMF',3,2019,3,2019,'5CSN6','ADL','001038996','KJ','2019-07-31','2019-08-15'),('6174','ENGG',1,2019,1,2019,'IT_Prac','ADL','000010901','KJ','2019-02-13','2019-01-01'),('6174','TAABG',3,2019,3,2019,'5ICW','ADL','000013289','KJ','2019-08-01','2019-08-15'),('6175','TAABX',3,2019,3,2019,'5ICW','ADL','000013289','KJ','2019-08-01','2019-08-15'),('6178','TAAMC',3,2019,3,2019,'5ICW','ADL','000013289','KJ','2019-08-01','2019-08-15'),('6179','ENGG',2,2019,2,2019,'IT_Prac','ADL','000010581','KJ','2019-04-11','2019-01-01'),('6179','TABFE',3,2019,3,2019,'5IUOS','ADL','000012517','KJ','2019-08-01','2019-08-15'),('6182','TAACD',1,2019,1,2019,'5CCN6','ADL','000013490','KJ','2019-11-02','2019-01-01'),('6183','TAAHN',3,2019,3,2019,'5LXN','ADL','000013289','KJ','2019-08-01','2019-08-15'),('6186','ENGG',2,2019,2,2019,'IT_Prac','ADL','000010581','KJ','2019-04-11','2019-01-01'),('6186','TAACL',3,2019,4,2019,'6CNS','ADL','000012085','KJ','2019-08-03','2019-08-15'),('6188','TAAHW',3,2019,4,2019,'6CNS','ADL','000012085','KJ','2019-08-03','2019-08-15'),('6189','TAAHX',3,2019,3,2019,'6SUS','ADL','000013490','KJ','2019-08-03','2019-08-15'),('6190','TABEF',1,2019,1,2019,'5CCN6','ADL','000013490','KJ','2019-11-02','2019-01-01'),('6190','TAAML',3,2019,3,2019,'6SUS','ADL','000013490','KJ','2019-08-03','2019-08-15'),('6193','ENGG',2,2019,2,2019,'IT_Prac','ADL','000010581','KJ','2019-04-11','2019-01-01'),('6193','TAAGC',3,2019,3,2019,'3PRB','ADL','000010849','KJ','2019-07-31','2019-08-15'),('6196','FABRP',3,2019,3,2019,'3WHS','ADL','000276592','KJ','2019-08-01','2019-08-15'),('6198','TAADB',3,2019,3,2019,'4BUI','ADL','000010546','KJ','2019-07-29','2019-08-15'),('6199','TAACK',2,2019,2,2019,'5CNW','ADL','000012085','KJ','2019-04-08','2019-01-01'),('6201','ENGG',2,2019,2,2019,'IT_Prac','ADL','000010581','KJ','2019-04-12','2019-01-01'),('6202','TAABL',3,2019,3,2019,'4CEP','ADL','000276592','KJ','2019-08-01','2019-08-15'),('6204','TAACW',3,2019,3,2019,'4DBB','ADL','000012109','KJ','2019-07-31','2019-08-15'),('6206','ENGG',2,2019,2,2019,'IT_Prac','ADL','000010581','KJ','2019-04-12','2019-01-01'),('6206','TAAFA',3,2019,3,2019,'4DBB','ADL','000012109','KJ','2019-07-31','2019-08-15'),('6209','TAAES',1,2019,2,2019,'5DWS','ADL','000010901','KJ','2019-02-15','2019-01-01'),('6210','TAAHA',3,2019,3,2019,'4DBB','ADL','000012109','KJ','2019-07-31','2019-08-15'),('6213','ENGG',2,2019,2,2019,'IT_Prac','ADL','000010581','KJ','2019-04-12','2019-01-01'),('6213','TAAEK',3,2019,3,2019,'4HTML5','ADL','000944814','KJ','2019-07-29','2019-08-15'),('6215','TAAEN',3,2019,3,2019,'4HTML5','ADL','000944814','KJ','2019-07-29','2019-08-15'),('6216','TAAKD',1,2019,2,2019,'5DWS','ADL','000010901','KJ','2019-02-15','2019-01-01'),('6218','ENGG',2,2019,2,2019,'IT_Prac','ADL','000010581','KJ','2019-04-12','2019-01-01'),('6220','TAAGN',3,2019,3,2019,'4HTML5','ADL','000944814','KJ','2019-07-29','2019-08-15'),('6223','TAAGS',3,2019,3,2019,'4HTML5','ADL','000944814','KJ','2019-07-29','2019-08-15'),('6226','TAADP',1,2019,2,2019,'5JAM','ADL','000010581','KJ','2019-02-14','2019-01-01'),('6227','ENGG',2,2019,2,2019,'IT_Prac','ADL','000010581','KJ','2019-04-12','2019-01-01'),('6229','TAACX',3,2019,3,2019,'4C','ADL','000013514','KJ','2019-07-29','2019-08-15'),('6232','ENGG',2,2019,2,2019,'IT_Prac','ADL','000010581','KJ','2019-04-12','2019-01-01'),('6232','TAADE',3,2019,3,2019,'4C','ADL','000013514','KJ','2019-07-29','2019-08-15'),('6233','TAACR',1,2019,2,2019,'5MITP','ADL','000011369','KJ','2019-02-14','2019-01-01'),('6233','TAADD',3,2019,4,2019,'4SDB','ADL','000010849','KJ','2019-07-31','2019-08-15'),('6234','TAADF',3,2019,4,2019,'4SDB','ADL','000010849','KJ','2019-07-31','2019-08-15'),('6237','TAABK',3,2019,4,2019,'4SPRJ','ADL','000010901','KJ','2019-07-30','2019-08-15'),('6238','TAAFS',3,2019,4,2019,'4SPRJ','ADL','000010901','KJ','2019-07-30','2019-08-15'),('6240','ENGG',2,2019,2,2019,'IT_Prac','ADL','000010581','KJ','2019-04-12','2019-01-01'),('6240','TAAGD',3,2019,4,2019,'4SPRJ','ADL','000010901','KJ','2019-07-30','2019-08-15'),('6241','TAACG',1,2019,1,2019,'6DIS','ADL','000013221','KJ','2019-02-16','2019-01-01'),('6242','TAAAM',3,2019,4,2019,'5EWD','ADL','000010901','KJ','2019-08-01','2019-08-15'),('6243','TAAER',3,2019,4,2019,'5EWD','ADL','000010901','KJ','2019-08-01','2019-08-15'),('6245','TAAKH',3,2019,4,2019,'5EWD','ADL','000010901','KJ','2019-08-01','2019-08-15'),('6246','ENGG',3,2019,3,2019,'IT_Prac','ADL','000010849','KJ','2019-07-29','2019-08-15'),('6247','TAABL',1,2019,1,2019,'4CEP','ADL','000928152','KJ','2019-02-13','2019-01-01'),('6248','TAADB',4,2019,4,2019,'4BUI','ADL','000944814','KJ','2019-10-14','2019-08-15'),('6249','TAACM',1,2019,1,2019,'6DIS','ADL','000013221','KJ','2019-02-16','2019-01-01'),('6250','TAABL',4,2019,4,2019,'4CEP','ADL','000012763','KJ','2019-10-19','2019-08-15'),('6252','TAAGC',3,2019,3,2019,'3PRB','ADL','000012517','KJ','2019-07-29','2019-08-15'),('6254','TAADB',3,2019,3,2019,'4BUI','ADL','001114726','KJ','2019-07-31','2019-08-15'),('6256','AAHSP',2,2019,2,2019,'4CYACI','ADL','000013268','KJ','2019-04-09','2019-01-01'),('6256','TAADC',4,2019,4,2019,'4CB','ADL','000010546','KJ','2019-10-16','2019-08-15'),('6257','TAACC',1,2019,2,2019,'6EWN','ADL','000012517','KJ','2019-02-16','2019-01-01'),('6258','TAABL',3,2019,3,2019,'4CEP','ADL','000928152','KJ','2019-07-31','2019-08-15'),('6259','TAACW',3,2019,3,2019,'4DBB','ADL','000013268','KJ','2019-07-30','2019-08-15'),('6261','TAAFA',3,2019,3,2019,'4DBB','ADL','000013268','KJ','2019-07-30','2019-08-15'),('6262','TAACN',1,2019,2,2019,'6EWN','ADL','000012517','KJ','2019-02-16','2019-01-01'),('6263','FABXA',2,2019,2,2019,'4CYACI','ADL','000013268','KJ','2019-04-09','2019-01-01'),('6264','TAAHA',3,2019,3,2019,'4DBB','ADL','000013268','KJ','2019-07-30','2019-08-15'),('6267','TAAEK',3,2019,3,2019,'4HTML5','ADL','000013311','KJ','2019-08-02','2019-08-15'),('6269','TAAHK',1,2019,2,2019,'6EWN','ADL','000012517','KJ','2019-02-16','2019-01-01'),('6270','TAAEN',3,2019,3,2019,'4HTML5','ADL','000013311','KJ','2019-08-02','2019-08-15'),('6271','TAAGN',3,2019,3,2019,'4HTML5','ADL','000013311','KJ','2019-08-02','2019-08-15'),('6273','TABEN',1,2019,1,2019,'4CYBCS','ADL','000012109','KJ','2019-11-02','2019-01-01'),('6273','TAAGS',3,2019,3,2019,'4HTML5','ADL','000013311','KJ','2019-08-02','2019-08-15'),('6274','TAAHT',1,2019,2,2019,'6EWN','ADL','000012517','KJ','2019-02-16','2019-01-01'),('6275','TAACZ',4,2019,4,2019,'4JSB','ADL','000011942','KJ','2019-10-16','2019-08-15'),('6277','ENGG',3,2019,3,2019,'IT_Prac','ADL','000013514','KJ','2019-07-29','2019-08-15'),('6279','TAACX',3,2019,3,2019,'4C','ADL','000013514','KJ','2019-07-31','2019-08-15'),('6282','TAADE',3,2019,3,2019,'4C','ADL','000013514','KJ','2019-07-31','2019-08-15'),('6283','TAACS',1,2019,2,2019,'6MITP','ADL','000011369','KJ','2019-02-14','2019-01-01'),('6284','TABEK',1,2019,1,2019,'4CYCSF','ADL','000013125','KJ','2019-02-14','2019-01-01'),('6284','TAADA',3,2019,3,2019,'4JAB','ADL','000010546','KJ','2019-07-31','2019-08-15'),('6285','TAADD',3,2019,4,2019,'4SDB','ADL','000013268','KJ','2019-08-01','2019-08-15'),('6286','TAADF',3,2019,4,2019,'4SDB','ADL','000013268','KJ','2019-08-01','2019-08-15'),('6287','TAACY',3,2019,3,2019,'5TST','ADL','000010849','KJ','2019-07-30','2019-08-15'),('6288','TAACT',1,2019,2,2019,'6MITP','ADL','000011369','KJ','2019-02-14','2019-01-01'),('6289','TAADK',3,2019,3,2019,'5TST','ADL','000010849','KJ','2019-07-30','2019-08-15'),('6291','ENGG',3,2019,3,2019,'IT_Prac','ADL','000013514','KJ','2019-07-30','2019-08-15'),('6292','TAADN',3,2019,4,2019,'5C','ADL','000013514','KJ','2019-07-30','2019-08-15'),('6293','TABEP',2,2019,2,2019,'4CYDAT','ADL','000012439','KJ','2019-04-11','2019-01-01'),('6294','TAAHC',3,2019,4,2019,'5DD','ADL','000010849','KJ','2019-07-29','2019-08-15'),('6296','TAADH',3,2019,4,2019,'5TSD','ADL','000010849','KJ','2019-07-29','2019-08-15'),('6297','ENGG',1,2019,1,2019,'IT_Prac','ADL','000011369','KJ','2019-02-14','2019-01-01'),('6298','TAADL',3,2019,4,2019,'5TSD','ADL','000010849','KJ','2019-07-29','2019-08-15'),('6300','TAAHY',3,2019,4,2019,'5IOSMD','ADL','000010901','KJ','2019-07-31','2019-08-15'),('6302','TABEW',1,2019,2,2019,'4CYITS','ADL','000011123','KJ','2019-02-15','2019-01-01'),('6302','TAADG',3,2019,4,2019,'5JAW','ADL','000013514','KJ','2019-07-29','2019-08-15'),('6304','TAABY',2,2019,2,2019,'4IVM','ADL','000012974','KJ','2019-04-18','2019-01-01'),('6305','TAAHZ',3,2019,4,2019,'5SDA','ADL','000013514','KJ','2019-07-30','2019-08-15'),('6307','TAAKL',3,2019,4,2019,'5SDA','ADL','000013514','KJ','2019-07-30','2019-08-15'),('6308','TABEG',1,2019,2,2019,'4CYNET','ADL','000013490','KJ','2019-12-02','2019-01-01'),('6308','TAAKA',3,2019,4,2019,'6CLP','ADL','000013514','KJ','2019-08-01','2019-08-15'),('6309','TAADN',3,2019,4,2019,'5C','ADL','000013514','KJ','2019-08-02','2019-08-15'),('6311','TAAEA',2,2019,2,2019,'4LTSF','ADL','000010581','KJ','2019-04-10','2019-01-01'),('6311','TAAGC',3,2019,3,2019,'3PRB','ADL','000010901','KJ','2019-07-29','2019-08-15'),('6317','TAACZ',4,2019,4,2019,'4JSB','ADL','000011942','KJ','2019-10-15','2019-08-15'),('6318','ENGG',1,2019,1,2019,'IT_Prac','ADL','000012439','KJ','2019-02-15','2019-01-01'),('6318','TAAEH',4,2019,4,2019,'4WAU','ADL','001034176','KJ','2019-10-14','2019-08-15'),('6319','TAAEW',1,2019,1,2019,'3CIHW','ADL','000012974','KJ','2019-02-14','2019-01-01'),('6320','TAAGZ',4,2019,4,2019,'4WAU','ADL','001034176','KJ','2019-10-14','2019-08-15'),('6321','DAASN',3,2019,3,2019,'5DIW','ADL','000011369','KJ','2019-08-01','2019-08-15'),('6323','TAAFD',3,2019,3,2019,'5DIW','ADL','000011369','KJ','2019-08-01','2019-08-15'),('6325','TAACW',3,2019,3,2019,'4DBB','ADL','000013268','KJ','2019-07-29','2019-08-15'),('6327','ENGG',1,2019,1,2019,'IT_Prac','ADL','000012109','KJ','2019-11-02','2019-01-01'),('6327','TAAFA',3,2019,3,2019,'4DBB','ADL','000013268','KJ','2019-07-29','2019-08-15'),('6329','TAAHA',3,2019,3,2019,'4DBB','ADL','000013268','KJ','2019-07-29','2019-08-15'),('6330','TAAGA',1,2019,1,2019,'4CDE','ADL','000013047','KJ','2019-12-02','2019-01-01'),('6330','TAAGY',3,2019,4,2019,'4PHP','ADL','000013311','KJ','2019-07-29','2019-08-15'),('6331','TAAGW',3,2019,3,2019,'4SEO','ADL','000011942','KJ','2019-07-31','2019-08-15'),('6332','DAAKZ',1,2019,1,2019,'4CMS','ADL','000017445','KJ','2019-12-02','2019-01-01'),('6332','TAAHB',3,2019,3,2019,'4SEO','ADL','000011942','KJ','2019-07-31','2019-08-15'),('6334','TAABL',1,2019,1,2019,'4CEP','ADL','000012763','KJ','2019-11-02','2019-01-01'),('6335','TAAKB',3,2019,3,2019,'5AWT','ADL','000013268','KJ','2019-07-31','2019-08-15'),('6336','TAAKC',3,2019,3,2019,'5AWT','ADL','000013268','KJ','2019-07-31','2019-08-15'),('6337','TAACA',1,2019,2,2019,'4CIRS6','ADL','000013047','KJ','2019-02-13','2019-01-01'),('6337','TAAAM',3,2019,4,2019,'5EWD','ADL','000010901','KJ','2019-08-01','2019-08-15'),('6338','TAAER',3,2019,4,2019,'5EWD','ADL','000010901','KJ','2019-08-01','2019-08-15'),('6341','TAAKH',3,2019,4,2019,'5EWD','ADL','000010901','KJ','2019-08-01','2019-08-15'),('6342','TABDN',1,2019,1,2019,'4CMS','ADL','000017445','KJ','2019-12-02','2019-01-01'),('6347','TABEN',1,2019,1,2019,'4CYBCS','ADL','000017445','KJ','2019-12-02','2019-01-01'),('6350','TAABY',1,2019,1,2019,'4IVM','ADL','000013490','KJ','2019-02-15','2019-01-01'),('6351','FABXA',2,2019,2,2019,'4CYACI','ADL','000276592','KJ','2019-04-10','2019-01-01'),('6360','TAAEA',2,2019,2,2019,'4LTSF','ADL','000013015','KJ','2019-04-08','2019-01-01'),('6361','TABEK',1,2019,1,2019,'4CYCSF','ADL','000017445','KJ','2019-12-02','2019-01-01'),('6365','TABEN',1,2019,1,2019,'4CYBCS','ADL','000944814','KJ','2019-11-02','2019-01-01'),('6369','TABFG',1,2019,1,2019,'4PICTS','ADL','000857816','KJ','2019-11-02','2019-01-01'),('6377','TABEK',1,2019,1,2019,'4CYCSF','ADL','000012085','KJ','2019-02-14','2019-01-01'),('6379','ENGG',2,2019,2,2019,'IT_Prac','ADL','000012085','KJ','2019-04-11','2019-01-01'),('6388','ENGG',1,2019,1,2019,'IT_Prac','ADL','000013015','KJ','2019-02-25','2019-01-01'),('6399','TAABS',1,2019,1,2019,'5WORK','ADL','000012439','KJ','2019-02-15','2019-01-01'),('6400','TAABL',1,2019,1,2019,'4CEP','ADL','000928152','KJ','2019-11-02','2019-01-01'),('6407','TAAHN',2,2019,2,2019,'5LXN','ADL','000012085','KJ','2019-04-09','2019-01-01'),('6415','TABEW',1,2019,1,2019,'4CYITS','ADL','000011123','KJ','2019-02-16','2019-01-01'),('6422','TAABR',1,2019,1,2019,'5ECS','ADL','000013221','KJ','2019-12-02','2019-01-01'),('6424','TABEG',1,2019,1,2019,'4CYNET','ADL','000012517','KJ','2019-02-16','2019-01-01'),('6425','TAADM',1,2019,1,2019,'5WORK','ADL','000010581','KJ','2019-02-15','2019-01-01'),('6427','ENGG',2,2019,2,2019,'IT_Prac','ADL','000013221','KJ','2019-03-01','2019-01-01'),('6433','TAACW',1,2019,1,2019,'4DBB','ADL','000013268','KJ','2019-02-16','2019-01-01'),('6436','TAAHL',1,2019,1,2019,'5ECS','ADL','000013221','KJ','2019-12-02','2019-01-01'),('6438','AAHSP',1,2019,1,2019,'4CYACI','ADL','000013268','KJ','2019-11-02','2019-01-01'),('6442','TAAFA',1,2019,1,2019,'4DBB','ADL','000013268','KJ','2019-02-16','2019-01-01'),('6449','FABXA',1,2019,1,2019,'4CYACI','ADL','000013268','KJ','2019-11-02','2019-01-01'),('6450','TAAHP',2,2019,2,2019,'5ISV','ADL','000013047','KJ','2019-04-08','2019-01-01'),('6452','TAAHA',1,2019,1,2019,'4DBB','ADL','000013268','KJ','2019-02-16','2019-01-01'),('6456','TAADR',1,2019,1,2019,'5WORK','ADL','000012439','KJ','2019-02-15','2019-01-01'),('6461','TAADA',1,2019,1,2019,'4JAB','ADL','000017445','KJ','2019-02-16','2019-01-01'),('6463','TABEN',1,2019,1,2019,'4CYBCS','ADL','000012109','KJ','2019-02-14','2019-01-01'),('6466','TAACA',1,2019,1,2019,'4CIN','ADL','000013490','KJ','2019-02-13','2019-01-01'),('6467','TAAMG',2,2019,2,2019,'5ISV','ADL','000013047','KJ','2019-04-08','2019-01-01'),('6474','TAAGA',1,2019,1,2019,'4LXA','ADL','000857816','KJ','2019-02-16','2019-01-01'),('6477','TABEP',1,2019,1,2019,'4CYDAT','ADL','000012439','KJ','2019-02-15','2019-01-01'),('6478','TAAEA',1,2019,1,2019,'4CIN','ADL','000013490','KJ','2019-02-13','2019-01-01'),('6482','TAAGB',1,2019,1,2019,'4LXA','ADL','000857816','KJ','2019-02-16','2019-01-01'),('6483','TAACB',1,2019,1,2019,'3WNF','ADL','000013289','KJ','2019-02-14','2019-01-01'),('6487','TABES',2,2019,2,2019,'4CYIRP','ADL','000012517','KJ','2019-04-09','2019-01-01'),('6488','TAAKG',1,2019,1,2019,'5WORK','ADL','000011369','KJ','2019-02-15','2019-01-01'),('6491','TAAMD',1,2019,1,2019,'4CIN','ADL','000013490','KJ','2019-02-13','2019-01-01'),('6493','TAADD',1,2019,1,2019,'4SDB','ADL','000010849','KJ','2019-02-16','2019-01-01'),('6494','TAADT',1,2019,1,2019,'3WNF','ADL','000013289','KJ','2019-02-14','2019-01-01'),('6494','TAAGY',3,2019,3,2019,'4PHP','ADL','000013311','KJ','2019-08-03','2019-08-15'),('6497','FABRK',3,2019,3,2019,'5WORK','ADL','000010581','KJ','2019-08-03','2019-08-15'),('6499','TAAAS',3,2019,3,2019,'5WORK','ADL','000010581','KJ','2019-08-03','2019-08-15'),('6501','TAADF',1,2019,1,2019,'4SDB','ADL','000010849','KJ','2019-02-16','2019-01-01'),('6502','TABEW',1,2019,1,2019,'4CYITS','ADL','000011123','KJ','2019-02-15','2019-01-01'),('6502','TAABS',3,2019,3,2019,'5WORK','ADL','000010581','KJ','2019-08-03','2019-08-15'),('6503','TAAME',1,2019,1,2019,'4CIN','ADL','000013490','KJ','2019-02-13','2019-01-01'),('6503','TAADM',3,2019,3,2019,'5WORK','ADL','000010581','KJ','2019-08-03','2019-08-15'),('6505','TAAFY',1,2019,1,2019,'3WNF','ADL','000013289','KJ','2019-02-14','2019-01-01'),('6508','TAADR',3,2019,3,2019,'5WORK','ADL','000010581','KJ','2019-08-03','2019-08-15'),('6510','TAABK',1,2019,1,2019,'4SPRJ','ADL','000010901','KJ','2019-02-16','2019-01-01'),('6511','TAAKG',3,2019,3,2019,'5WORK','ADL','000010581','KJ','2019-08-03','2019-08-15'),('6513','TABER',2,2019,2,2019,'4CYMAN','ADL','000013221','KJ','2019-04-10','2019-01-01'),('6513','TAADG',3,2019,3,2019,'5JAW','ADL','000013514','KJ','2019-08-03','2019-08-15'),('6515','TAABZ',1,2019,1,2019,'4AWS','ADL','000013289','KJ','2019-02-14','2019-01-01'),('6516','TAACE',1,2019,1,2019,'5CRS6','ADL','000013490','KJ','2019-02-13','2019-01-01'),('6518','TAABY',4,2019,4,2019,'4IVM','ADL','000013490','KJ','2019-10-19','2019-08-15'),('6520','TAAFS',1,2019,1,2019,'4SPRJ','ADL','000010901','KJ','2019-02-16','2019-01-01'),('6521','ENGG',1,2019,1,2019,'IT_Prac','ADL','001034176','KJ','2019-02-14','2019-01-01'),('6522','TAACX',3,2019,3,2019,'4C','ADL','000013514','KJ','2019-08-03','2019-08-15'),('6523','TAADE',3,2019,3,2019,'4C','ADL','000013514','KJ','2019-08-03','2019-08-15'),('6525','TAAFZ',1,2019,1,2019,'4AWS','ADL','000013289','KJ','2019-02-14','2019-01-01'),('6525','TAACA',3,2019,4,2019,'4CIRS6','ADL','000013015','KJ','2019-08-03','2019-08-15'),('6528','TABEE',1,2019,1,2019,'5CRS6','ADL','000013490','KJ','2019-02-13','2019-01-01'),('6528','DAAKZ',3,2019,3,2019,'4CMS','ADL','000011942','KJ','2019-08-03','2019-08-15'),('6529','ENGG',2,2019,2,2019,'IT_Prac','ADL','000013268','KJ','2019-04-11','2019-01-01'),('6530','TABDN',3,2019,3,2019,'4CMS','ADL','000011942','KJ','2019-08-03','2019-08-15'),('6531','TAAGD',1,2019,1,2019,'4SPRJ','ADL','000010901','KJ','2019-02-16','2019-01-01'),('6531','TAACZ',3,2019,3,2019,'4CNS','ADL','000017445','KJ','2019-08-03','2019-08-15'),('6532','TAACR',1,2019,2,2019,'5MITP','ADL','000011369','KJ','2019-02-13','2019-01-01'),('6533','TABFH',3,2019,3,2019,'4CNS','ADL','000017445','KJ','2019-08-03','2019-08-15'),('6536','AAHSP',3,2019,3,2019,'4CYACI','ADL','000013268','KJ','2019-08-03','2019-08-15'),('6537','TAAGA',1,2019,1,2019,'4CDE','ADL','000013289','KJ','2019-02-14','2019-01-01'),('6537','FABXA',3,2019,3,2019,'4CYACI','ADL','000013268','KJ','2019-08-03','2019-08-15'),('6540','TABEG',1,2019,1,2019,'4CYNET','ADL','000012517','KJ','2019-12-02','2019-01-01'),('6540','TABEN',3,2019,3,2019,'4CYBCS','ADL','000012109','KJ','2019-08-03','2019-08-15'),('6541','TAAKB',1,2019,1,2019,'5AWT','ADL','000013268','KJ','2019-02-16','2019-01-01'),('6543','TABEK',3,2019,3,2019,'4CYCSF','ADL','000013125','KJ','2019-08-03','2019-08-15'),('6544','TAAET',1,2019,2,2019,'5MWD','ADL','000013311','KJ','2019-11-02','2019-01-01'),('6545','TABEP',3,2019,3,2019,'4CYDAT','ADL','000012439','KJ','2019-08-03','2019-08-15'),('6548','TAACA',1,2019,1,2019,'4CIN','ADL','001038996','KJ','2019-02-13','2019-01-01'),('6548','TABEW',3,2019,3,2019,'4CYITS','ADL','000011123','KJ','2019-08-03','2019-08-15'),('6549','TABEG',3,2019,3,2019,'4CYNET','ADL','000012517','KJ','2019-08-03','2019-08-15'),('6551','TAAKC',1,2019,1,2019,'5AWT','ADL','000013268','KJ','2019-02-16','2019-01-01'),('6551','TAACW',3,2019,3,2019,'4DBB','ADL','000013268','KJ','2019-08-03','2019-08-15'),('6554','TABEL',2,2019,2,2019,'4CYSEC','ADL','000013221','KJ','2019-04-08','2019-01-01'),('6554','TAAFA',3,2019,3,2019,'4DBB','ADL','000013268','KJ','2019-08-03','2019-08-15'),('6555','TAAKE',1,2019,2,2019,'5MWD','ADL','000013311','KJ','2019-11-02','2019-01-01'),('6556','TAAHA',3,2019,3,2019,'4DBB','ADL','000013268','KJ','2019-08-03','2019-08-15'),('6559','TAABZ',3,2019,3,2019,'4IMWS','ADL','000013047','KJ','2019-08-03','2019-08-15'),('6560','TAADN',1,2019,1,2019,'5C#W','ADL','000013514','KJ','2019-02-16','2019-01-01'),('6560','TAAME',3,2019,3,2019,'4IMWS','ADL','000013047','KJ','2019-08-03','2019-08-15'),('6561','TAAEA',1,2019,1,2019,'4CIN','ADL','001038996','KJ','2019-02-13','2019-01-01'),('6563','TAADA',3,2019,3,2019,'4JAB','ADL','000010546','KJ','2019-08-03','2019-08-15'),('6564','TAAEA',3,2019,3,2019,'4LTSF','ADL','000013015','KJ','2019-08-03','2019-08-15'),('6566','TAADD',3,2019,3,2019,'4SDB','ADL','000010849','KJ','2019-08-03','2019-08-15'),('6567','TAAKF',1,2019,2,2019,'5MWD','ADL','000013311','KJ','2019-11-02','2019-01-01'),('6568','TAADF',3,2019,3,2019,'4SDB','ADL','000010849','KJ','2019-08-03','2019-08-15'),('6569','TAACD',1,2019,1,2019,'5CCN6','ADL','000013490','KJ','2019-02-16','2019-01-01'),('6570','TABEH',2,2019,2,2019,'4CYTST','ADL','000013490','KJ','2019-04-09','2019-01-01'),('6570','TAABK',3,2019,3,2019,'4SPRJ','ADL','000010901','KJ','2019-08-03','2019-08-15'),('6573','TAAFS',3,2019,3,2019,'4SPRJ','ADL','000010901','KJ','2019-08-03','2019-08-15'),('6574','TAAMD',1,2019,1,2019,'4CIN','ADL','001038996','KJ','2019-02-13','2019-01-01'),('6575','TAAGD',3,2019,3,2019,'4SPRJ','ADL','000010901','KJ','2019-08-03','2019-08-15'),('6577','TAAEL',3,2019,3,2019,'4WAP','ADL','000013311','KJ','2019-08-03','2019-08-15'),('6579','TABEF',1,2019,1,2019,'5CCN6','ADL','000013490','KJ','2019-02-16','2019-01-01'),('6579','TAAGT',3,2019,3,2019,'4WAP','ADL','000013311','KJ','2019-08-03','2019-08-15'),('6580','TAAKB',3,2019,3,2019,'5AWT','ADL','000013268','KJ','2019-08-03','2019-08-15'),('6582','DAAMW',1,2019,1,2019,'5PVP','ADL','000011942','KJ','2019-02-16','2019-01-01'),('6584','TAAME',1,2019,1,2019,'4CIN','ADL','000012085','KJ','2019-02-13','2019-01-01'),('6584','TAAKC',3,2019,3,2019,'5AWT','ADL','000013268','KJ','2019-08-03','2019-08-15'),('6585','ENGG',1,2019,1,2019,'IT_Prac','ADL','000013490','KJ','2019-11-02','2019-01-01'),('6585','TAADN',3,2019,3,2019,'5C','ADL','000013514','KJ','2019-08-03','2019-08-15'),('6587','TAACD',3,2019,3,2019,'5CCN6','ADL','000013490','KJ','2019-08-03','2019-08-15'),('6588','TABEF',3,2019,3,2019,'5CCN6','ADL','000013490','KJ','2019-08-03','2019-08-15'),('6589','TAACE',1,2019,1,2019,'5CRS6','ADL','000012109','KJ','2019-02-16','2019-01-01'),('6590','TAACE',3,2019,3,2019,'5CRS6','ADL','000012109','KJ','2019-08-03','2019-08-15'),('6592','TAAHH',1,2019,1,2019,'5PVP','ADL','000011942','KJ','2019-02-16','2019-01-01'),('6592','TABEE',3,2019,3,2019,'5CRS6','ADL','000012109','KJ','2019-08-03','2019-08-15'),('6593','TAACF',3,2019,3,2019,'5CSN6','ADL','000012085','KJ','2019-08-03','2019-08-15'),('6594','TAAMF',3,2019,3,2019,'5CSN6','ADL','000012085','KJ','2019-08-03','2019-08-15'),('6596','TAABY',1,2019,1,2019,'4IVM','ADL','000013289','KJ','2019-02-14','2019-01-01'),('6597','TAAHD',3,2019,3,2019,'5DVE','ADL','000011942','KJ','2019-08-03','2019-08-15'),('6598','TAAES',3,2019,3,2019,'5DWS','ADL','000010901','KJ','2019-08-03','2019-08-15'),('6599','TAAKD',3,2019,3,2019,'5DWS','ADL','000010901','KJ','2019-08-03','2019-08-15'),('6600','TAAAM',3,2019,3,2019,'5EWD','ADL','000010901','KJ','2019-08-03','2019-08-15'),('6601','TABEE',1,2019,1,2019,'5CRS6','ADL','000012109','KJ','2019-02-16','2019-01-01'),('6601','TAAER',3,2019,3,2019,'5EWD','ADL','000010901','KJ','2019-08-03','2019-08-15'),('6602','TAABB',2,2019,2,2019,'2WIT','ADL','000013125','KJ','2019-04-11','2019-01-01'),('6604','TAABG',3,2019,3,2019,'5ICW','ADL','000013047','KJ','2019-08-03','2019-08-15'),('6605','TAABX',3,2019,3,2019,'5ICW','ADL','000013047','KJ','2019-08-03','2019-08-15'),('6606','TAAMC',3,2019,3,2019,'5ICW','ADL','000013047','KJ','2019-08-03','2019-08-15'),('6607','TAACD',1,2019,1,2019,'5CCN6','ADL','000012085','KJ','2019-02-13','2019-01-01'),('6607','TAAHP',3,2019,3,2019,'5ISV','ADL','000013047','KJ','2019-08-03','2019-08-15'),('6608','TAAMG',3,2019,3,2019,'5ISV','ADL','000013047','KJ','2019-08-03','2019-08-15'),('6609','TAADP',3,2019,3,2019,'5JAM','ADL','000010581','KJ','2019-08-03','2019-08-15'),('6610','TAACF',1,2019,1,2019,'5CSN6','ADL','000012085','KJ','2019-02-16','2019-01-01'),('6610','TAADE',3,2019,3,2019,'5JSI','ADL','000010546','KJ','2019-08-03','2019-08-15'),('6611','TAAEP',3,2019,3,2019,'5JSI','ADL','000010546','KJ','2019-08-03','2019-08-15'),('6613','TAAHN',3,2019,3,2019,'5LXN','ADL','000017445','KJ','2019-08-03','2019-08-15'),('6614','TAAET',3,2019,3,2019,'5MWD','ADL','000013311','KJ','2019-08-03','2019-08-15'),('6615','TAAKE',3,2019,3,2019,'5MWD','ADL','000013311','KJ','2019-08-03','2019-08-15'),('6617','TAAKF',3,2019,3,2019,'5MWD','ADL','000013311','KJ','2019-08-03','2019-08-15'),('6618','TAACY',3,2019,3,2019,'5TST','ADL','000010849','KJ','2019-08-03','2019-08-15'),('6619','TAADK',3,2019,3,2019,'5TST','ADL','000010849','KJ','2019-08-03','2019-08-15'),('6620','TAACS',3,2019,3,2019,'6MITP','ADL','000011369','KJ','2019-08-03','2019-08-15'),('6621','TAAMF',1,2019,1,2019,'5CSN6','ADL','000012085','KJ','2019-02-16','2019-01-01'),('6621','TAACT',3,2019,3,2019,'6MITP','ADL','000011369','KJ','2019-08-03','2019-08-15'),('6622','TAADB',3,2019,3,2019,'4BUI','ADL','000010546','KJ','2019-08-03','2019-08-15'),('6623','TAADC',3,2019,3,2019,'4CB','ADL','000010546','KJ','2019-08-03','2019-08-15'),('6624','TAAGA',3,2019,3,2019,'4CDE','ADL','000944814','KJ','2019-08-03','2019-08-15'),('6625','TABEF',1,2019,1,2019,'5CCN6','ADL','000012085','KJ','2019-02-13','2019-01-01'),('6625','TAABL',3,2019,3,2019,'4CEP','ADL','000012763','KJ','2019-08-17','2019-08-15'),('6627','CABRE',3,2019,3,2019,'4DWL','ADL','000011369','KJ','2019-08-03','2019-08-15'),('6628','TAAGX',3,2019,3,2019,'4DWL','ADL','000011369','KJ','2019-08-03','2019-08-15'),('6629','TAABG',3,2019,3,2019,'4DWR','ADL','000013268','KJ','2019-08-03','2019-08-15'),('6630','TAAEG',3,2019,3,2019,'4DWR','ADL','000013268','KJ','2019-08-03','2019-08-15'),('6631','TAAHD',1,2019,1,2019,'5DVE','ADL','000011942','KJ','2019-02-16','2019-01-01'),('6631','TAAEM',3,2019,3,2019,'4DWR','ADL','000013268','KJ','2019-08-03','2019-08-15'),('6632','TAAEK',3,2019,3,2019,'4HTML5','ADL','000013311','KJ','2019-08-03','2019-08-15'),('6633','TAAEW',2,2019,2,2019,'3CIHW','ADL','000013015','KJ','2019-04-10','2019-01-01'),('6633','TAAEN',3,2019,3,2019,'4HTML5','ADL','000013311','KJ','2019-08-03','2019-08-15'),('6634','TAAGN',3,2019,3,2019,'4HTML5','ADL','000013311','KJ','2019-08-03','2019-08-15'),('6635','TAAGS',3,2019,3,2019,'4HTML5','ADL','000013311','KJ','2019-08-03','2019-08-15'),('6636','TAACE',1,2019,1,2019,'5CRS6','ADL','000012085','KJ','2019-02-13','2019-01-01'),('6636','TAABY',3,2019,3,2019,'4IVM','ADL','000013490','KJ','2019-08-03','2019-08-15'),('6637','TAACZ',3,2019,3,2019,'4JSB','ADL','000010546','KJ','2019-08-03','2019-08-15'),('6638','TAAGW',3,2019,3,2019,'4SEO','ADL','000011942','KJ','2019-08-03','2019-08-15'),('6639','TAAHB',3,2019,3,2019,'4SEO','ADL','000011942','KJ','2019-08-03','2019-08-15'),('6640','TAAEH',3,2019,3,2019,'4WAU','ADL','000013125','KJ','2019-08-03','2019-08-15'),('6641','TAAES',1,2019,1,2019,'5DWS','ADL','000010901','KJ','2019-02-16','2019-01-01'),('6641','TAAGZ',3,2019,3,2019,'4WAU','ADL','000013125','KJ','2019-08-03','2019-08-15'),('6642','TAAEP',3,2019,3,2019,'5JAWB','ADL','000013514','KJ','2019-08-03','2019-08-15'),('6643','FABRS',3,2019,3,2019,'5WHSM','ADL','000013605','KJ','2019-08-03','2019-08-15'),('6644','TAAGP',4,2019,4,2019,'3BSW','ADL','000928152','KJ','2019-10-19','2019-08-15'),('6646','TAACB',4,2019,4,2019,'4BSWN','ADL','000012085','KJ','2019-10-19','2019-08-15'),('6647','TAADB',4,2019,4,2019,'4BUI','ADL','000010546','KJ','2019-10-19','2019-08-15'),('6648','TAADC',4,2019,4,2019,'4CB','ADL','000010546','KJ','2019-10-19','2019-08-15'),('6649','TAABE',2,2019,2,2019,'3CUD','ADL','000013125','KJ','2019-04-11','2019-01-01'),('6649','TAAFT',4,2019,4,2019,'4DMT','ADL','000017445','KJ','2019-10-19','2019-08-15'),('6650','CABRE',4,2019,4,2019,'4DWL','ADL','000011369','KJ','2019-10-19','2019-08-15'),('6651','TABEE',1,2019,1,2019,'5CRS6','ADL','001038996','KJ','2019-02-13','2019-01-01'),('6651','TAAGX',4,2019,4,2019,'4DWL','ADL','000011369','KJ','2019-10-19','2019-08-15'),('6652','TAABG',4,2019,4,2019,'4DWR','ADL','000013268','KJ','2019-10-19','2019-08-15'),('6653','TAAKD',1,2019,1,2019,'5DWS','ADL','000010901','KJ','2019-02-16','2019-01-01'),('6653','TAAEG',4,2019,4,2019,'4DWR','ADL','000013268','KJ','2019-10-19','2019-08-15'),('6654','TAAEM',4,2019,4,2019,'4DWR','ADL','000013268','KJ','2019-10-19','2019-08-15'),('6655','TAAEK',4,2019,4,2019,'4HTML5','ADL','000013311','KJ','2019-10-20','2019-08-15'),('6656','TAAEN',4,2019,4,2019,'4HTML5','ADL','000013311','KJ','2019-10-20','2019-08-15'),('6657','TAAGN',4,2019,4,2019,'4HTML5','ADL','000013311','KJ','2019-10-20','2019-08-15'),('6658','TAAGS',4,2019,4,2019,'4HTML5','ADL','000013311','KJ','2019-10-20','2019-08-15'),('6659','TAACZ',4,2019,4,2019,'4JSB','ADL','000010546','KJ','2019-10-19','2019-08-15'),('6660','TAAGW',4,2019,4,2019,'4SEO','ADL','000011942','KJ','2019-10-19','2019-08-15'),('6661','TAAHB',4,2019,4,2019,'4SEO','ADL','000011942','KJ','2019-10-19','2019-08-15'),('6662','TAABF',2,2019,2,2019,'3IOOS','ADL','000013015','KJ','2019-04-10','2019-01-01'),('6662','TAAFB',3,2019,3,2019,'4VGC','ADL','000011369','KJ','2019-08-03','2019-08-15'),('6663','TAACF',1,2019,1,2019,'5CSN6','ADL','001038996','KJ','2019-02-13','2019-01-01'),('6663','TAAEH',4,2019,4,2019,'4WAU','ADL','000013125','KJ','2019-10-19','2019-08-15'),('6664','TAAAM',1,2019,1,2019,'5EWD','ADL','000010901','KJ','2019-02-16','2019-01-01'),('6664','TAAGZ',4,2019,4,2019,'4WAU','ADL','000013125','KJ','2019-10-19','2019-08-15'),('6670','TAAER',1,2019,1,2019,'5EWD','ADL','000010901','KJ','2019-02-16','2019-01-01'),('6671','ENGG',1,2019,1,2019,'IT_Prac','ADL','000010581','KJ','2019-11-02','2019-01-01'),('6675','TAAMF',1,2019,1,2019,'5CSN6','ADL','000012085','KJ','2019-02-13','2019-01-01'),('6681','ENGG',1,2019,1,2019,'IT_Prac','ADL','000857816','KJ','2019-11-02','2019-01-01'),('6685','TAAEX',2,2019,2,2019,'3PITA','ADL','000013125','KJ','2019-04-11','2019-01-01'),('6686','TAABG',1,2019,1,2019,'5ICW','ADL','000013289','KJ','2019-02-14','2019-01-01'),('6689','TABFG',1,2019,1,2019,'4PICTS','ADL','000017445','KJ','2019-12-02','2019-01-01'),('6690','TAABG',1,2019,1,2019,'5ICW','ADL','000013047','KJ','2019-02-16','2019-01-01'),('6691','ENGG',1,2019,1,2019,'IT_Prac','ADL','000928152','KJ','2019-02-14','2019-01-01'),('6695','TAABX',1,2019,1,2019,'5ICW','ADL','000013289','KJ','2019-02-14','2019-01-01'),('6696','TAADS',2,2019,2,2019,'3RSDT','ADL','000013015','KJ','2019-04-10','2019-01-01'),('6699','TAABX',1,2019,1,2019,'5ICW','ADL','000013047','KJ','2019-02-16','2019-01-01'),('6704','ENGG',1,2019,1,2019,'IT_Prac','ADL','000013125','KJ','2019-02-14','2019-01-01'),('6706','TAAMC',1,2019,1,2019,'5ICW','ADL','000013289','KJ','2019-02-14','2019-01-01'),('6710','TAAMC',1,2019,1,2019,'5ICW','ADL','000013047','KJ','2019-02-16','2019-01-01'),('6713','FABRP',1,2019,1,2019,'3WHS','ADL','000276592','KJ','2019-02-14','2019-01-01'),('6714','ENGG',1,2019,1,2019,'IT_Prac','ADL','000012974','KJ','2019-12-02','2019-01-01'),('6716','TABFE',1,2019,1,2019,'5IUOS','ADL','000013289','KJ','2019-02-14','2019-01-01'),('6720','TAAHP',1,2019,1,2019,'5ISV','ADL','000013047','KJ','2019-02-16','2019-01-01'),('6722','ENGG',1,2019,1,2019,'IT_Prac','ADL','000013268','KJ','2019-02-13','2019-01-01'),('6725','TAAHN',1,2019,1,2019,'5LXN','ADL','000013289','KJ','2019-02-14','2019-01-01'),('6734','TAACL',1,2019,2,2019,'6CNS','ADL','000012085','KJ','2019-02-16','2019-01-01'),('6735','TAACA',3,2019,3,2019,'4CIN','ADL','000012085','KJ','2019-09-04','2019-08-15'),('6736','TAAEA',3,2019,3,2019,'4CIN','ADL','000012085','KJ','2019-09-04','2019-08-15'),('6737','TAADP',1,2019,1,2019,'5JAM','ADL','000010581','KJ','2019-02-16','2019-01-01'),('6737','TAAMD',3,2019,3,2019,'4CIN','ADL','000012085','KJ','2019-09-04','2019-08-15'),('6738','TAAME',3,2019,3,2019,'4CIN','ADL','000012085','KJ','2019-09-04','2019-08-15'),('6739','TAACE',3,2019,3,2019,'5CRS6','ADL','000012085','KJ','2019-09-04','2019-08-15'),('6740','TABEE',3,2019,3,2019,'5CRS6','ADL','000012085','KJ','2019-09-04','2019-08-15'),('6742','TAAHW',1,2019,2,2019,'6CNS','ADL','000012085','KJ','2019-02-16','2019-01-01'),('6747','TAABY',1,2019,1,2019,'4IVM','ADL','000013490','KJ','2019-12-02','2019-01-01'),('6751','TAAHX',1,2019,1,2019,'6SUS','ADL','000013490','KJ','2019-02-16','2019-01-01'),('6755','FACNL',1,2019,1,2019,'4SWP','ADL','000276592','KJ','2019-02-14','2019-01-01'),('6759','TAAML',1,2019,1,2019,'6SUS','ADL','000013490','KJ','2019-02-16','2019-01-01'),('6762','ENGG',1,2019,1,2019,'IT_Prac','ADL','000013047','KJ','2019-02-26','2019-01-01'),('6766','TAAGC',1,2019,1,2019,'3PRB','ADL','000010849','KJ','2019-02-14','2019-01-01'),('6770','ENGG',2,2019,2,2019,'IT_Prac','ADL','000013015','KJ','2019-04-08','2019-01-01'),('6771','TAAHN',1,2019,1,2019,'5LXN','ADL','000017445','KJ','2019-12-02','2019-01-01'),('6775','FABRP',1,2019,1,2019,'3WHS','ADL','000276592','KJ','2019-02-14','2019-01-01'),('6779','TAAGM',2,2019,2,2019,'3BSA','ADL','000944814','KJ','2019-04-09','2019-01-01'),('6780','TAAHZ',1,2019,1,2019,'5SDA','ADL','000017445','KJ','2019-02-13','2019-01-01'),('6785','TAABL',1,2019,1,2019,'4CEP','ADL','000276592','KJ','2019-02-14','2019-01-01'),('6787','TAAKL',1,2019,1,2019,'5SDA','ADL','000017445','KJ','2019-02-13','2019-01-01'),('6789','TAAGL',2,2019,2,2019,'3CFCH','ADL','000944814','KJ','2019-04-09','2019-01-01'),('6794','TAACW',1,2019,1,2019,'4DBB','ADL','000012109','KJ','2019-02-13','2019-01-01'),('6796','TAACY',1,2019,1,2019,'5TST','ADL','000017445','KJ','2019-12-02','2019-01-01'),('6798','TAAEP',1,2019,1,2019,'5JSI','ADL','001034176','KJ','2019-02-16','2019-01-01'),('6804','TAAEW',1,2019,1,2019,'3CIHW','ADL','000012974','KJ','2019-12-02','2019-01-01'),('6806','TAAFA',1,2019,1,2019,'4DBB','ADL','000012109','KJ','2019-02-13','2019-01-01'),('6808','TAADK',1,2019,1,2019,'5TST','ADL','000017445','KJ','2019-12-02','2019-01-01'),('6809','TAAHN',1,2019,1,2019,'5LXN','ADL','000017445','KJ','2019-02-16','2019-01-01'),('6815','TAAET',1,2019,1,2019,'5MWD','ADL','000013311','KJ','2019-02-16','2019-01-01'),('6817','TAAHA',1,2019,1,2019,'4DBB','ADL','000012109','KJ','2019-02-13','2019-01-01'),('6819','TABBY',2,2019,2,2019,'3CLD','ADL','000012974','KJ','2019-04-12','2019-01-01'),('6826','TAAKE',1,2019,1,2019,'5MWD','ADL','000013311','KJ','2019-02-16','2019-01-01'),('6827','TAABF',1,2019,1,2019,'3IOOS','ADL','000012974','KJ','2019-12-02','2019-01-01'),('6829','TAAEK',1,2019,1,2019,'4HTML5','ADL','001034176','KJ','2019-11-02','2019-01-01'),('6834','TAAKF',1,2019,1,2019,'5MWD','ADL','000013311','KJ','2019-02-16','2019-01-01'),('6837','TAAEN',1,2019,1,2019,'4HTML5','ADL','001034176','KJ','2019-11-02','2019-01-01'),('6838','TAAEY',2,2019,2,2019,'3MEAS','ADL','000944814','KJ','2019-04-09','2019-01-01'),('6839','TAABC',2,2019,2,2019,'2UAP','ADL','000928152','KJ','2019-04-08','2019-01-01'),('6841','TAACY',1,2019,1,2019,'5TST','ADL','000010849','KJ','2019-02-16','2019-01-01'),('6846','TAAGN',1,2019,1,2019,'4HTML5','ADL','001034176','KJ','2019-11-02','2019-01-01'),('6848','TAADK',1,2019,1,2019,'5TST','ADL','000010849','KJ','2019-02-16','2019-01-01'),('6851','TAAFK',2,2019,2,2019,'2UAP','ADL','000928152','KJ','2019-04-08','2019-01-01'),('6852','TAAGC',1,2019,1,2019,'3PRB','ADL','000010546','KJ','2019-02-13','2019-01-01'),('6855','TAAGS',1,2019,1,2019,'4HTML5','ADL','001034176','KJ','2019-11-02','2019-01-01'),('6857','TAACS',1,2019,1,2019,'6MITP','ADL','000011369','KJ','2019-02-16','2019-01-01'),('6860','TAADS',1,2019,1,2019,'3RSDT','ADL','000012974','KJ','2019-12-02','2019-01-01'),('6864','TAACX',1,2019,1,2019,'4C#M','ADL','000013514','KJ','2019-11-02','2019-01-01'),('6867','TAACT',1,2019,1,2019,'6MITP','ADL','000011369','KJ','2019-02-16','2019-01-01'),('6871','TAACB',1,2019,1,2019,'3WNF','ADL','000012085','KJ','2019-11-02','2019-01-01'),('6876','TAADE',1,2019,1,2019,'4C#M','ADL','000013514','KJ','2019-11-02','2019-01-01'),('6883','TAADT',1,2019,1,2019,'3WNF','ADL','000012085','KJ','2019-11-02','2019-01-01'),('6884','TAADD',1,2019,2,2019,'4SDB','ADL','000010849','KJ','2019-02-13','2019-01-01'),('6890','TAAFY',1,2019,1,2019,'3WNF','ADL','000012085','KJ','2019-11-02','2019-01-01'),('6893','TAADF',1,2019,2,2019,'4SDB','ADL','000010849','KJ','2019-02-13','2019-01-01'),('6900','TAABY',2,2019,2,2019,'4IVM','ADL','000013047','KJ','2019-04-08','2019-01-01'),('6902','TAABK',1,2019,2,2019,'4SPRJ','ADL','000010901','KJ','2019-12-02','2019-01-01'),('6907','ENGG',1,2019,1,2019,'IT_Prac','ADL','000012517','KJ','2019-02-15','2019-01-01'),('6909','TAAFS',1,2019,2,2019,'4SPRJ','ADL','000010901','KJ','2019-12-02','2019-01-01'),('6913','ENGG',1,2019,1,2019,'IT_Prac','ADL','000012085','KJ','2019-12-02','2019-01-01'),('6916','TAAGD',1,2019,2,2019,'4SPRJ','ADL','000010901','KJ','2019-12-02','2019-01-01'),('6919','ENGG',1,2019,1,2019,'IT_Prac','ADL','000013221','KJ','2019-12-02','2019-01-01'),('6924','TAAAM',1,2019,2,2019,'5EWD','ADL','000010901','KJ','2019-02-14','2019-01-01'),('6927','ENGG',1,2019,1,2019,'IT_Prac','ADL','000010581','KJ','2019-02-14','2019-01-01'),('6931','TAAFR',1,2019,1,2019,'3ACA','ADL','000013268','KJ','2019-02-13','2019-01-01'),('6932','TAAER',1,2019,2,2019,'5EWD','ADL','000010901','KJ','2019-02-14','2019-01-01'),('6939','TAAKH',1,2019,2,2019,'5EWD','ADL','000010901','KJ','2019-02-14','2019-01-01'),('6942','TAABC',1,2019,1,2019,'2UAP','ADL','000011942','KJ','2019-02-13','2019-01-01'),('6944','TAABB',2,2019,2,2019,'2WIT','ADL','000928152','KJ','2019-04-11','2019-01-01'),('6947','TAACY',1,2019,1,2019,'5TST','ADL','000010849','KJ','2019-02-15','2019-01-01'),('6950','TAAFK',1,2019,1,2019,'2UAP','ADL','000011942','KJ','2019-02-13','2019-01-01'),('6951','TAAFR',2,2019,2,2019,'3ACA','ADL','000011327','KJ','2019-04-08','2019-01-01'),('6953','TAADK',1,2019,1,2019,'5TST','ADL','000010849','KJ','2019-02-15','2019-01-01'),('6960','TAAGM',2,2019,2,2019,'3BSA','ADL','000012974','KJ','2019-04-08','2019-01-01'),('6961','ENGG',1,2019,1,2019,'IT_Prac','ADL','000010849','KJ','2019-11-02','2019-01-01'),('6965','ENGG',1,2019,1,2019,'IT_Prac','ADL','000013015','KJ','2019-02-13','2019-01-01'),('6967','TAADB',2,2019,2,2019,'4BUI','ADL','000944814','KJ','2019-04-08','2019-01-01'),('6970','TAAGL',2,2019,2,2019,'3CFCH','ADL','000012974','KJ','2019-04-08','2019-01-01'),('6972','TAAGC',1,2019,1,2019,'3PRB','ADL','000010546','KJ','2019-02-15','2019-01-01'),('6975','TAABL',2,2019,2,2019,'4CEP','ADL','000012763','KJ','2019-04-13','2019-01-01'),('6979','FABRP',1,2019,1,2019,'3WHS','ADL','000928152','KJ','2019-02-14','2019-01-01'),('6980','TAAEW',1,2019,1,2019,'3CIHW','ADL','000012974','KJ','2019-11-02','2019-01-01'),('6982','TAAGC',1,2019,1,2019,'3PRB','ADL','000010901','KJ','2019-11-02','2019-01-01'),('6988','DAAKZ',1,2019,2,2019,'4CMS','ADL','000011942','KJ','2019-11-02','2019-01-01'),('6989','TAABE',2,2019,2,2019,'3CUD','ADL','000928152','KJ','2019-04-11','2019-01-01'),('6990','TAADB',1,2019,1,2019,'4BUI','ADL','000010546','KJ','2019-02-13','2019-01-01'),('6997','TAADC',2,2019,2,2019,'4C#B','ADL','000010546','KJ','2019-04-08','2019-01-01'),('6999','TABDN',1,2019,2,2019,'4CMS','ADL','000011942','KJ','2019-11-02','2019-01-01'),('7000','TAABF',1,2019,1,2019,'3IOOS','ADL','000012974','KJ','2019-11-02','2019-01-01'),('7006','CABRE',2,2019,2,2019,'4DWL','ADL','000011369','KJ','2019-04-10','2019-01-01'),('7008','TAAEY',2,2019,2,2019,'3MEAS','ADL','000012974','KJ','2019-04-08','2019-01-01'),('7009','TAABL',1,2019,1,2019,'4CEP','ADL','000928152','KJ','2019-02-13','2019-01-01'),('7015','TAAGX',2,2019,2,2019,'4DWL','ADL','000011369','KJ','2019-04-10','2019-01-01'),('7016','TAACW',1,2019,1,2019,'4DBB','ADL','000013268','KJ','2019-12-02','2019-01-01'),('7018','TAAEX',2,2019,2,2019,'3PITA','ADL','000928152','KJ','2019-04-11','2019-01-01'),('7021','TAAEK',1,2019,1,2019,'4HTML5','ADL','000011942','KJ','2019-02-14','2019-01-01'),('7023','TAAFA',1,2019,1,2019,'4DBB','ADL','000013268','KJ','2019-12-02','2019-01-01'),('7024','TAAGC',1,2019,1,2019,'3PRB','ADL','000011327','KJ','2019-02-13','2019-01-01'),('7028','TAAEN',1,2019,1,2019,'4HTML5','ADL','000011942','KJ','2019-02-14','2019-01-01'),('7029','TAADS',1,2019,1,2019,'3RSDT','ADL','000012974','KJ','2019-11-02','2019-01-01'),('7030','TAAHA',1,2019,1,2019,'4DBB','ADL','000013268','KJ','2019-12-02','2019-01-01'),('7033','TAAGN',1,2019,1,2019,'4HTML5','ADL','000011942','KJ','2019-02-14','2019-01-01'),('7035','TAAEK',1,2019,1,2019,'4HTML5','ADL','000010849','KJ','2019-12-02','2019-01-01'),('7037','TAAEK',1,2019,1,2019,'4HTML5','ADL','000010901','KJ','2019-02-15','2019-01-01'),('7038','TAAGS',1,2019,1,2019,'4HTML5','ADL','000011942','KJ','2019-02-14','2019-01-01'),('7039','TAAEN',1,2019,1,2019,'4HTML5','ADL','000010849','KJ','2019-12-02','2019-01-01'),('7043','TAAEN',1,2019,1,2019,'4HTML5','ADL','000010901','KJ','2019-02-15','2019-01-01'),('7044','TAACZ',2,2019,2,2019,'4JSB','ADL','000011942','KJ','2019-04-11','2019-01-01'),('7045','TAAGN',1,2019,1,2019,'4HTML5','ADL','000010849','KJ','2019-12-02','2019-01-01'),('7048','TAAGN',1,2019,1,2019,'4HTML5','ADL','000010901','KJ','2019-02-15','2019-01-01'),('7049','FACNL',1,2019,1,2019,'4SWP','ADL','000928152','KJ','2019-02-14','2019-01-01'),('7050','TAAGS',1,2019,1,2019,'4HTML5','ADL','000010849','KJ','2019-12-02','2019-01-01'),('7053','TAAGS',1,2019,1,2019,'4HTML5','ADL','000010901','KJ','2019-02-15','2019-01-01'),('7055','TAAFB',1,2019,1,2019,'4VGC','ADL','000011369','KJ','2019-12-02','2019-01-01'),('7058','TAACZ',2,2019,2,2019,'4JSB','ADL','000010901','KJ','2019-04-11','2019-01-01'),('7059','TAACZ',2,2019,2,2019,'4JSB','ADL','000011942','KJ','2019-04-10','2019-01-01'),('7062','DAASN',1,2019,1,2019,'5DIW','ADL','000011369','KJ','2019-11-02','2019-01-01'),('7063','ENGG',1,2019,1,2019,'IT_Prac','ADL','000010546','KJ','2019-12-02','2019-01-01'),('7065','ENGG',1,2019,1,2019,'IT_Prac','ADL','000013514','KJ','2019-11-02','2019-01-01'),('7066','TAADB',1,2019,1,2019,'4BUI','ADL','000010546','KJ','2019-02-16','2019-01-01'),('7067','TAABB',1,2019,1,2019,'2WIT','ADL','000013015','KJ','2019-02-16','2019-01-01'),('7070','TAAFD',1,2019,1,2019,'5DIW','ADL','000011369','KJ','2019-11-02','2019-01-01'),('7072','TAADC',1,2019,1,2019,'4C#B','ADL','000017445','KJ','2019-02-16','2019-01-01'),('7073','TAACX',1,2019,1,2019,'4C#M','ADL','000013514','KJ','2019-02-13','2019-01-01'),('7076','TAABL',1,2019,1,2019,'4CEP','ADL','000012763','KJ','2019-02-16','2019-01-01'),('7078','TAABH',1,2019,2,2019,'43DM','ADL','000011942','KJ','2019-02-16','2019-01-01'),('7079','TAAGC',1,2019,1,2019,'3PRB','ADL','000010849','KJ','2019-02-14','2019-01-01'),('7080','TAADE',1,2019,1,2019,'4C#M','ADL','000013514','KJ','2019-02-13','2019-01-01'),('7082','TAACZ',1,2019,1,2019,'4CNS','ADL','000017445','KJ','2019-02-16','2019-01-01'),('7084','FABRP',2,2019,2,2019,'3WHS','ADL','000276592','KJ','2019-03-06','2019-01-01'),('7085','TAAFE',1,2019,2,2019,'43DM','ADL','000011942','KJ','2019-02-16','2019-01-01'),('7087','TAADA',1,2019,1,2019,'4JAB','ADL','000010581','KJ','2019-02-13','2019-01-01'),('7092','FACBW',1,2019,2,2019,'4ACN','ADL','000013015','KJ','2019-02-16','2019-01-01'),('7093','CABRE',1,2019,1,2019,'4DWL','ADL','000011369','KJ','2019-02-16','2019-01-01'),('7094','TAABL',1,2019,1,2019,'4CEP','ADL','000928152','KJ','2019-02-13','2019-01-01'),('7097','TAADD',1,2019,2,2019,'4SDB','ADL','000013268','KJ','2019-02-14','2019-01-01'),('7098','TAAGX',1,2019,1,2019,'4DWL','ADL','000011369','KJ','2019-02-16','2019-01-01'),('7100','DAAKZ',1,2019,2,2019,'4CMS','ADL','000011942','KJ','2019-02-14','2019-01-01'),('7102','TAADY',1,2019,2,2019,'4ACR','ADL','000013015','KJ','2019-02-16','2019-01-01'),('7103','TAADF',1,2019,2,2019,'4SDB','ADL','000013268','KJ','2019-02-14','2019-01-01'),('7104','TAABG',2,2019,2,2019,'4DWR','ADL','000013268','KJ','2019-02-16','2019-01-01'),('7107','TABDN',1,2019,2,2019,'4CMS','ADL','000011942','KJ','2019-02-14','2019-01-01'),('7109','TAAEG',2,2019,2,2019,'4DWR','ADL','000013268','KJ','2019-02-16','2019-01-01'),('7110','TAACY',1,2019,1,2019,'5TST','ADL','000010849','KJ','2019-12-02','2019-01-01'),('7112','TAAGA',1,2019,1,2019,'4CDE','ADL','000944814','KJ','2019-02-14','2019-01-01'),('7114','DAAKR',1,2019,1,2019,'4DVP','ADL','000011369','KJ','2019-02-16','2019-01-01'),('7115','TAAEM',2,2019,2,2019,'4DWR','ADL','000013268','KJ','2019-02-16','2019-01-01'),('7117','TAADK',1,2019,1,2019,'5TST','ADL','000010849','KJ','2019-12-02','2019-01-01'),('7118','TAABL',2,2019,2,2019,'4CEP','ADL','000276592','KJ','2019-03-06','2019-01-01'),('7119','FABRH',1,2019,1,2019,'4DVP','ADL','000011369','KJ','2019-02-16','2019-01-01'),('7120','TAAEK',1,2019,1,2019,'4HTML5','ADL','000013311','KJ','2019-02-16','2019-01-01'),('7124','TAACZ',2,2019,2,2019,'4CNS','ADL','000013221','KJ','2019-04-11','2019-01-01'),('7126','TAAEN',1,2019,1,2019,'4HTML5','ADL','000013311','KJ','2019-02-16','2019-01-01'),('7127','ENGG',1,2019,1,2019,'IT_Prac','ADL','000013514','KJ','2019-12-02','2019-01-01'),('7130','TAAGN',1,2019,1,2019,'4HTML5','ADL','000013311','KJ','2019-02-16','2019-01-01'),('7132','TAADN',1,2019,2,2019,'5C#W','ADL','000013514','KJ','2019-12-02','2019-01-01'),('7133','TABFH',2,2019,2,2019,'4CNS','ADL','000013221','KJ','2019-04-11','2019-01-01'),('7135','TAAGS',1,2019,1,2019,'4HTML5','ADL','000013311','KJ','2019-02-16','2019-01-01'),('7137','TAAHC',1,2019,2,2019,'5DD','ADL','000010849','KJ','2019-11-02','2019-01-01'),('7138','TAABY',1,2019,1,2019,'4IVM','ADL','000013490','KJ','2019-02-16','2019-01-01'),('7140','TAABG',1,2019,2,2019,'4DCR','ADL','000013015','KJ','2019-02-16','2019-01-01'),('7143','TAACZ',1,2019,1,2019,'4JSB','ADL','000017445','KJ','2019-02-16','2019-01-01'),('7145','TAADH',1,2019,2,2019,'5TSD','ADL','000010849','KJ','2019-11-02','2019-01-01'),('7146','TAAGW',1,2019,1,2019,'4SEO','ADL','000011942','KJ','2019-02-16','2019-01-01'),('7149','FACAK',1,2019,2,2019,'4DWP','ADL','000013015','KJ','2019-02-16','2019-01-01'),('7151','TAADL',1,2019,2,2019,'5TSD','ADL','000010849','KJ','2019-11-02','2019-01-01'),('7152','TAAHB',1,2019,1,2019,'4SEO','ADL','000011942','KJ','2019-02-16','2019-01-01'),('7155','TAAHY',1,2019,2,2019,'5IOSMD','ADL','000010901','KJ','2019-02-13','2019-01-01'),('7156','FACHP',1,2019,2,2019,'4ICI','ADL','000013015','KJ','2019-02-16','2019-01-01'),('7159','TAAEH',1,2019,1,2019,'4WAU','ADL','001034176','KJ','2019-02-16','2019-01-01'),('7161','TAADG',1,2019,2,2019,'5JAW','ADL','000013514','KJ','2019-11-02','2019-01-01'),('7163','TAADX',1,2019,2,2019,'4IRCP','ADL','000276592','KJ','2019-02-16','2019-01-01'),('7165','TAAGZ',1,2019,1,2019,'4WAU','ADL','001034176','KJ','2019-02-16','2019-01-01'),('7168','TAAHZ',1,2019,2,2019,'5SDA','ADL','000013514','KJ','2019-12-02','2019-01-01'),('7169','TAAEP',1,2019,1,2019,'5JAWB','ADL','000013514','KJ','2019-02-16','2019-01-01'),('7170','TAAEA',2,2019,2,2019,'4LTSF','ADL','000013015','KJ','2019-04-11','2019-01-01'),('7174','TAAKL',1,2019,2,2019,'5SDA','ADL','000013514','KJ','2019-12-02','2019-01-01'),('7178','TABFD',1,2019,2,2019,'4POTO','ADL','000857816','KJ','2019-02-16','2019-01-01'),('7180','TAAKA',1,2019,2,2019,'6CLP','ADL','000013514','KJ','2019-02-14','2019-01-01'),('7184','TABFA',1,2019,2,2019,'4PRHS','ADL','000276592','KJ','2019-02-16','2019-01-01'),('7187','TAAGC',1,2019,1,2019,'3PRB','ADL','000010901','KJ','2019-11-02','2019-01-01'),('7191','FABRP',1,2019,1,2019,'3WHS','ADL','000276592','KJ','2019-02-13','2019-01-01'),('7192','TABFB',1,2019,1,2019,'4STDA','ADL','000944814','KJ','2019-02-14','2019-01-01'),('7196','TAAEK',1,2019,1,2019,'4HTML5','ADL','000013311','KJ','2019-12-02','2019-01-01'),('7197','FACNL',2,2019,2,2019,'4SWP','ADL','000276592','KJ','2019-04-10','2019-01-01'),('7201','TAAEN',1,2019,1,2019,'4HTML5','ADL','000013311','KJ','2019-12-02','2019-01-01'),('7204','TAABG',2,2019,2,2019,'5ICW','ADL','000013490','KJ','2019-04-11','2019-01-01'),('7208','TAAGN',1,2019,1,2019,'4HTML5','ADL','000013311','KJ','2019-12-02','2019-01-01'),('7210','TAABX',2,2019,2,2019,'5ICW','ADL','000013490','KJ','2019-04-11','2019-01-01'),('7213','TAAGS',1,2019,1,2019,'4HTML5','ADL','000013311','KJ','2019-12-02','2019-01-01'),('7216','TAAMC',2,2019,2,2019,'5ICW','ADL','000013490','KJ','2019-04-11','2019-01-01'),('7223','TAAGC',1,2019,1,2019,'3PRB','ADL','000944814','KJ','2019-11-02','2019-01-01'),('7233','TAACB',2,2019,2,2019,'4BSWN','ADL','000012085','KJ','2019-04-13','2019-01-01'),('7236','TAADB',2,2019,2,2019,'4BUI','ADL','000010546','KJ','2019-04-13','2019-01-01'),('7238','TAADC',2,2019,2,2019,'4C#B','ADL','000017445','KJ','2019-04-13','2019-01-01'),('7241','TAACZ',2,2019,2,2019,'4CNS','ADL','000017445','KJ','2019-04-13','2019-01-01'),('7244','TABFH',2,2019,2,2019,'4CNS','ADL','000017445','KJ','2019-04-13','2019-01-01'),('7247','CABRE',2,2019,2,2019,'4DWL','ADL','000011369','KJ','2019-04-13','2019-01-01'),('7250','TAAGX',2,2019,2,2019,'4DWL','ADL','000011369','KJ','2019-04-13','2019-01-01'),('7252','TAAEK',2,2019,2,2019,'4HTML5','ADL','000013311','KJ','2019-04-14','2019-01-01'),('7255','TAAEN',2,2019,2,2019,'4HTML5','ADL','000013311','KJ','2019-04-14','2019-01-01'),('7258','TAAGN',2,2019,2,2019,'4HTML5','ADL','000013311','KJ','2019-04-14','2019-01-01'),('7261','TAAGS',2,2019,2,2019,'4HTML5','ADL','000013311','KJ','2019-04-14','2019-01-01'),('7264','TAACZ',2,2019,2,2019,'4JSB','ADL','000017445','KJ','2019-04-13','2019-01-01'),('7265','TAAGW',2,2019,2,2019,'4SEO','ADL','000011942','KJ','2019-04-13','2019-01-01'),('7268','TAAHB',2,2019,2,2019,'4SEO','ADL','000011942','KJ','2019-04-13','2019-01-01'),('7274','TAAFB',1,2019,1,2019,'4VGC','ADL','000011369','KJ','2019-02-16','2019-01-01'),('7277','TAAEH',2,2019,2,2019,'4WAU','ADL','001034176','KJ','2019-04-13','2019-01-01'),('7279','TAAGZ',2,2019,2,2019,'4WAU','ADL','001034176','KJ','2019-04-13','2019-01-01'),('7426','FABRS',1,2019,1,2019,'5WHSM','ADL','000013605','KJ','2019-04-12','2019-01-01'),('7428','FABRS',2,2019,2,2019,'5WHSM','ADL','000013605','KJ','2019-04-12','2019-01-01'),('7497','FABZM',1,2019,1,2019,'4CYWHS','ADL','000013605','KJ','2019-04-12','2019-01-01'),('7498','FABZM',2,2019,2,2019,'4CYWHS','ADL','000013605','KJ','2019-04-12','2019-01-01'),('7584','TABFK',2,2019,2,2019,'4CYMIR','ADL','000013268','KJ','2019-04-11','2019-01-01'),('7585','TAAKH',1,2019,1,2019,'5EWD','ADL','000010901','KJ','2019-02-16','2019-01-01'),('7587','TAAMG',1,2019,1,2019,'5ISV','ADL','000013047','KJ','2019-02-16','2019-01-01'),('7588','TAADE',1,2019,1,2019,'5JSI','ADL','001034176','KJ','2019-02-16','2019-01-01');
/*!40000 ALTER TABLE `crn_detail` ENABLE KEYS */;
UNLOCK TABLES;

--
-- Table structure for table `crn_session_timetable`
--

DROP TABLE IF EXISTS `crn_session_timetable`;
/*!40101 SET @saved_cs_client     = @@character_set_client */;
 SET character_set_client = utf8mb4 ;
CREATE TABLE `crn_session_timetable` (
  `CRN` varchar(32) NOT NULL,
  `TermCodeStart` int(1) NOT NULL,
  `TermYearStart` int(4) NOT NULL,
  `DayCode` int(1) NOT NULL,
  `StartTime` time NOT NULL,
  `EndTime` time NOT NULL,
  `Room` varchar(16) DEFAULT NULL,
  `Building` varchar(16) DEFAULT NULL,
  `CampusCode` char(3) NOT NULL,
  PRIMARY KEY (`CRN`,`DayCode`,`StartTime`),
  KEY `FK_Session_CRN` (`CRN`,`TermCodeStart`,`TermYearStart`),
  KEY `FK_Session_TermStart` (`TermCodeStart`,`TermYearStart`),
  KEY `FK_Session_DayCode` (`DayCode`),
  KEY `FK_Session_CampusCode` (`CampusCode`),
  CONSTRAINT `FK_Session_CRN` FOREIGN KEY (`CRN`, `TermCodeStart`, `TermYearStart`) REFERENCES `crn_detail` (`CRN`, `TermCodeStart`, `TermYearStart`) ON UPDATE CASCADE,
  CONSTRAINT `FK_Session_CampusCode` FOREIGN KEY (`CampusCode`) REFERENCES `campus` (`CampusCode`) ON UPDATE CASCADE,
  CONSTRAINT `FK_Session_DayCode` FOREIGN KEY (`DayCode`) REFERENCES `day_of_week` (`DayCode`) ON UPDATE CASCADE,
  CONSTRAINT `FK_Session_TermStart` FOREIGN KEY (`TermCodeStart`, `TermYearStart`) REFERENCES `term_datetime` (`TermCode`, `TermYear`) ON UPDATE CASCADE
) ENGINE=InnoDB DEFAULT CHARSET=utf8mb4 COLLATE=utf8mb4_0900_ai_ci;
/*!40101 SET character_set_client = @saved_cs_client */;

--
-- Dumping data for table `crn_session_timetable`
--

LOCK TABLES `crn_session_timetable` WRITE;
/*!40000 ALTER TABLE `crn_session_timetable` DISABLE KEYS */;
INSERT INTO `crn_session_timetable` VALUES ('12361',3,2019,4,'00:14:00','00:16:00','A.103','ADL-A','ADL'),('14578',1,2019,1,'00:09:00','00:11:00','Z.111','ADL-Z','ADL'),('14622',1,2019,1,'00:09:00','00:11:00','Z.111','ADL-Z','ADL'),('14637',2,2019,1,'00:09:00','00:11:00','Z.111','ADL-Z','ADL'),('17313',1,2019,1,'00:14:00','00:16:00','B.B04','ADL-B','ADL'),('18331',3,2019,3,'00:09:00','00:11:30','A.204','ADL-A','ADL'),('18788',1,2019,3,'00:09:00','00:11:00','A.203','ADL-A','ADL'),('18788',1,2019,3,'00:11:30','00:13:30','B.B02','ADL-B','ADL'),('18791',1,2019,3,'00:09:00','00:11:00','A.203','ADL-A','ADL'),('18791',1,2019,3,'00:11:30','00:13:30','B.B02','ADL-B','ADL'),('18796',1,2019,3,'00:09:00','00:11:00','A.203','ADL-A','ADL'),('18796',1,2019,3,'00:11:30','00:13:30','B.B02','ADL-B','ADL'),('18799',1,2019,3,'00:09:00','00:11:00','A.203','ADL-A','ADL'),('18799',1,2019,3,'00:11:30','00:13:30','B.B02','ADL-B','ADL'),('18800',1,2019,3,'00:09:00','00:11:00','A.203','ADL-A','ADL'),('18800',1,2019,3,'00:11:30','00:13:30','B.B02','ADL-B','ADL'),('18802',1,2019,3,'00:09:00','00:11:00','A.203','ADL-A','ADL'),('18802',1,2019,3,'00:11:30','00:13:00','B.B02','ADL-B','ADL'),('18804',1,2019,3,'00:14:00','00:16:00','A.203','ADL-A','ADL'),('18806',1,2019,3,'00:14:00','00:16:00','A.203','ADL-A','ADL'),('18808',1,2019,3,'00:14:00','00:16:00','A.203','ADL-A','ADL'),('18811',1,2019,3,'00:14:00','00:16:00','A.203','ADL-A','ADL'),('18816',1,2019,3,'00:09:00','00:11:00','A.203','ADL-A','ADL'),('18816',1,2019,3,'00:11:30','00:13:00','B.B02','ADL-B','ADL'),('18818',1,2019,3,'00:09:00','00:11:00','A.203','ADL-A','ADL'),('18818',1,2019,3,'00:11:30','00:13:30','B.B02','ADL-B','ADL'),('18819',1,2019,3,'00:09:00','00:11:00','A.203','ADL-A','ADL'),('18819',1,2019,3,'00:11:30','00:13:30','B.B02','ADL-B','ADL'),('19087',3,2019,1,'00:09:00','00:11:00','A.204','ADL-A','ADL'),('19087',3,2019,2,'00:11:30','00:13:30','A.204','ADL-A','ADL'),('19091',3,2019,1,'00:09:00','00:11:00','A.204','ADL-A','ADL'),('19091',3,2019,2,'00:11:30','00:13:30','A.204','ADL-A','ADL'),('19110',3,2019,4,'00:14:00','00:16:00','A.204','ADL-A','ADL'),('19110',3,2019,5,'00:09:00','00:11:00','A.105','ADL-A','ADL'),('19287',3,2019,4,'00:09:00','00:11:00','NA','ADL-N','ADL'),('19288',3,2019,3,'00:16:30','00:18:30','A.111','ADL-A','ADL'),('19291',3,2019,3,'00:14:00','00:16:00','A.106','ADL-A','ADL'),('19294',3,2019,6,'00:00:00','00:00:00','NA','ADL-N','ADL'),('19296',3,2019,6,'00:00:00','00:00:00','NA','ADL-N','ADL'),('19851',1,2019,5,'00:09:30','00:16:30','B.B04','ADL-B','ADL'),('19960',2,2019,5,'00:09:00','00:11:00','A.105','ADL-A','ADL'),('19962',1,2019,2,'00:11:30','00:13:30','A.204','ADL-A','ADL'),('20327',1,2019,3,'00:09:00','00:11:00','A.203','ADL-A','ADL'),('20327',1,2019,3,'00:11:30','00:13:30','B.B02','ADL-B','ADL'),('20370',1,2019,2,'00:16:30','00:18:30','B.B04','ADL-B','ADL'),('20417',1,2019,1,'00:09:00','00:11:00','B.B04','ADL-B','ADL'),('20516',1,2019,1,'00:09:00','00:11:00','A.203','ADL-A','ADL'),('20516',1,2019,2,'00:11:30','00:13:30','A.203','ADL-A','ADL'),('20518',1,2019,1,'00:09:00','00:11:00','A.203','ADL-A','ADL'),('20518',1,2019,2,'00:11:30','00:13:30','A.203','ADL-A','ADL'),('20784',2,2019,3,'00:09:00','00:16:30','Z.111','ADL-Z','ADL'),('21126',1,2019,2,'00:09:00','00:11:00','A.105','ADL-A','ADL'),('21126',1,2019,3,'00:11:30','00:13:30','A.203','ADL-A','ADL'),('21128',1,2019,2,'00:09:00','00:11:00','A.105','ADL-A','ADL'),('21128',1,2019,3,'00:11:30','00:13:30','A.203','ADL-A','ADL'),('21129',1,2019,1,'00:09:00','00:11:00','A.105','ADL-A','ADL'),('21129',1,2019,4,'00:14:00','00:16:00','A.105','ADL-A','ADL'),('21164',1,2019,3,'00:09:00','00:11:00','A.204','ADL-A','ADL'),('21164',1,2019,5,'00:09:00','00:11:00','A.103','ADL-A','ADL'),('21165',1,2019,3,'00:09:00','00:11:00','A.204','ADL-A','ADL'),('21165',1,2019,5,'00:09:00','00:11:00','A.103','ADL-A','ADL'),('21314',1,2019,1,'00:11:30','00:13:30','A.113','ADL-A','ADL'),('21315',1,2019,3,'00:09:00','00:11:00','A.106','ADL-A','ADL'),('21317',1,2019,3,'00:09:00','00:11:00','A.106','ADL-A','ADL'),('21338',1,2019,3,'00:11:30','00:13:30','A.106','ADL-A','ADL'),('21428',1,2019,2,'00:16:30','00:18:30','B.B04','ADL-B','ADL'),('21429',1,2019,2,'00:16:30','00:18:30','B.B04','ADL-B','ADL'),('21543',1,2019,1,'00:11:30','00:13:30','A.106','ADL-A','ADL'),('21546',1,2019,2,'00:09:00','00:11:00','A.105','ADL-A','ADL'),('21546',1,2019,3,'00:11:30','00:13:30','A.203','ADL-A','ADL'),('21548',1,2019,2,'00:09:00','00:11:00','A.105','ADL-A','ADL'),('21548',1,2019,3,'00:11:30','00:13:00','A.203','ADL-A','ADL'),('21986',2,2019,2,'00:16:30','00:18:30','Z.111','ADL-Z','ADL'),('21986',2,2019,4,'00:11:30','00:13:30','Z.111','ADL-Z','ADL'),('21987',2,2019,2,'00:16:30','00:18:30','Z.111','ADL-Z','ADL'),('21987',2,2019,4,'00:11:30','00:13:30','Z.111','ADL-Z','ADL'),('21988',2,2019,2,'00:16:30','00:18:30','Z.111','ADL-Z','ADL'),('21988',2,2019,4,'00:11:30','00:13:30','Z.111','ADL-Z','ADL'),('21989',2,2019,2,'00:09:00','00:11:00','Z.111','ADL-Z','ADL'),('21993',2,2019,2,'00:09:00','00:11:00','Z.111','ADL-Z','ADL'),('21996',2,2019,2,'00:09:00','00:11:00','Z.111','ADL-Z','ADL'),('22257',2,2019,3,'00:14:00','00:16:00','A.210','ADL-A','ADL'),('22258',2,2019,2,'00:11:30','00:13:30','A.210','ADL-A','ADL'),('22258',2,2019,5,'00:09:00','00:11:00','A.210','ADL-A','ADL'),('22259',2,2019,3,'00:11:30','00:13:30','A.210','ADL-A','ADL'),('22259',2,2019,4,'00:11:30','00:13:30','A.210','ADL-A','ADL'),('22260',2,2019,2,'00:14:00','00:16:00','B.B03','ADL-B','ADL'),('22261',2,2019,1,'00:16:30','00:18:30','A.203','ADL-A','ADL'),('22261',2,2019,5,'00:11:30','00:13:30','A.203','ADL-A','ADL'),('2992',3,2019,6,'00:00:00','00:00:00','NA','ADL-N','ADL'),('2994',3,2019,6,'00:00:00','00:00:00','NA','ADL-N','ADL'),('3094',3,2019,6,'00:00:00','00:00:00','NA','ADL-N','ADL'),('3096',3,2019,6,'00:00:00','00:00:00','NA','ADL-N','ADL'),('5526',3,2019,6,'00:00:00','00:00:00','NA','ADL-N','ADL'),('5528',3,2019,6,'00:00:00','00:00:00','NA','ADL-N','ADL'),('5529',3,2019,6,'00:00:00','00:00:00','NA','ADL-N','ADL'),('5531',3,2019,6,'00:00:00','00:00:00','NA','ADL-N','ADL'),('5532',3,2019,6,'00:00:00','00:00:00','NA','ADL-N','ADL'),('5534',3,2019,6,'00:00:00','00:00:00','NA','ADL-N','ADL'),('5537',3,2019,6,'00:00:00','00:00:00','NA','ADL-N','ADL'),('5539',3,2019,6,'00:00:00','00:00:00','NA','ADL-N','ADL'),('5542',3,2019,6,'00:00:00','00:00:00','NA','ADL-N','ADL'),('5545',3,2019,6,'00:00:00','00:00:00','NA','ADL-N','ADL'),('5547',3,2019,6,'00:00:00','00:00:00','NA','ADL-N','ADL'),('5551',3,2019,6,'00:00:00','00:00:00','NA','ADL-N','ADL'),('5554',3,2019,6,'00:00:00','00:00:00','NA','ADL-N','ADL'),('5556',3,2019,1,'00:18:00','00:20:00','B.B02','ADL-B','ADL'),('5557',4,2019,3,'00:18:00','00:21:00','A.204','ADL-A','ADL'),('5560',3,2019,1,'00:14:00','00:16:00','A.113','ADL-A','ADL'),('5563',4,2019,4,'00:18:00','00:21:00','A.204','ADL-A','ADL'),('5564',3,2019,2,'00:18:00','00:20:00','B.B02','ADL-B','ADL'),('5566',3,2019,1,'00:14:00','00:16:00','A.106','ADL-A','ADL'),('5567',3,2019,1,'00:11:30','00:13:30','A.105','ADL-A','ADL'),('5569',3,2019,1,'00:14:00','00:16:00','A.105','ADL-A','ADL'),('5572',3,2019,1,'00:09:00','00:11:00','A.203','ADL-A','ADL'),('5574',3,2019,1,'00:09:00','00:11:00','A.210','ADL-A','ADL'),('5578',3,2019,1,'00:09:00','00:11:00','A.218','ADL-A','ADL'),('5580',3,2019,1,'00:14:00','00:16:00','A.218','ADL-A','ADL'),('5582',3,2019,2,'00:11:30','00:13:30','A.105','ADL-A','ADL'),('5584',3,2019,2,'00:14:00','00:16:00','A.105','ADL-A','ADL'),('5588',3,2019,2,'00:14:00','00:16:00','A.204','ADL-A','ADL'),('5592',3,2019,2,'00:11:30','00:13:30','A.210','ADL-A','ADL'),('5594',3,2019,2,'00:14:00','00:16:00','B.B03','ADL-B','ADL'),('5595',3,2019,2,'00:11:30','00:13:30','A.106','ADL-A','ADL'),('5597',3,2019,3,'00:09:00','00:11:00','A.203','ADL-A','ADL'),('5599',3,2019,3,'00:14:00','00:16:00','A.210','ADL-A','ADL'),('5601',3,2019,3,'00:11:30','00:13:30','B.B02','ADL-B','ADL'),('5602',3,2019,3,'00:11:30','00:13:30','B.B04','ADL-B','ADL'),('5606',3,2019,3,'00:11:30','00:13:30','A.204','ADL-A','ADL'),('5608',3,2019,3,'00:09:00','00:11:00','A.105','ADL-A','ADL'),('5609',3,2019,3,'00:09:00','00:11:00','A.113','ADL-A','ADL'),('5612',3,2019,3,'00:14:00','00:16:00','A.113','ADL-A','ADL'),('5614',3,2019,4,'00:14:00','00:16:00','A.112','ADL-A','ADL'),('5615',3,2019,4,'00:14:00','00:16:00','A.203','ADL-A','ADL'),('5618',3,2019,4,'00:14:00','00:16:00','A.218','ADL-A','ADL'),('5619',3,2019,4,'00:11:30','00:13:30','A.210','ADL-A','ADL'),('5621',3,2019,5,'00:09:00','00:11:00','A.112','ADL-A','ADL'),('5624',3,2019,5,'00:09:00','00:11:00','A.106','ADL-A','ADL'),('5626',3,2019,5,'00:14:00','00:16:00','A.106','ADL-A','ADL'),('5628',3,2019,5,'00:11:30','00:13:30','A.105','ADL-A','ADL'),('5630',3,2019,5,'00:14:00','00:16:00','A.112','ADL-A','ADL'),('5631',3,2019,5,'00:13:55','00:15:55','A.113','ADL-A','ADL'),('5633',3,2019,5,'00:14:00','00:16:00','A.203','ADL-A','ADL'),('5635',3,2019,5,'00:14:00','00:16:00','A.204','ADL-A','ADL'),('5638',3,2019,5,'00:09:00','00:11:00','A.210','ADL-A','ADL'),('5639',3,2019,5,'00:14:00','00:16:00','A.218','ADL-A','ADL'),('5641',4,2019,1,'00:14:00','00:16:00','NA','ADL-N','ADL'),('5642',4,2019,1,'00:14:00','00:16:00','A.103','ADL-A','ADL'),('5644',4,2019,1,'00:09:00','00:11:00','A.105','ADL-A','ADL'),('5646',4,2019,1,'00:09:00','00:11:00','A.203','ADL-A','ADL'),('5648',4,2019,1,'00:09:00','00:11:00','A.204','ADL-A','ADL'),('5650',4,2019,1,'00:14:00','00:16:00','B.B03','ADL-B','ADL'),('5651',4,2019,2,'00:11:30','00:13:30','A.204','ADL-A','ADL'),('5653',4,2019,2,'00:14:00','00:16:00','A.204','ADL-A','ADL'),('5655',4,2019,2,'00:09:00','00:11:00','A.204','ADL-A','ADL'),('5656',4,2019,2,'00:11:30','00:13:30','A.106','ADL-A','ADL'),('5658',4,2019,3,'00:09:00','00:11:00','B.B03','ADL-B','ADL'),('5661',4,2019,3,'00:11:30','00:13:30','A.106','ADL-A','ADL'),('5663',4,2019,3,'00:14:00','00:16:00','A.106','ADL-A','ADL'),('5666',4,2019,3,'00:09:00','00:11:00','B.B02','ADL-B','ADL'),('5669',4,2019,3,'00:11:30','00:13:30','A.204','ADL-A','ADL'),('5671',4,2019,3,'00:14:00','00:16:00','A.105','ADL-A','ADL'),('5672',4,2019,3,'00:09:00','00:11:00','A.113','ADL-A','ADL'),('5676',4,2019,3,'00:14:00','00:16:00','A.113','ADL-A','ADL'),('5677',4,2019,4,'00:14:00','00:16:00','A.103','ADL-A','ADL'),('5680',4,2019,4,'00:14:00','00:16:00','A.203','ADL-A','ADL'),('5683',4,2019,4,'00:14:00','00:16:00','A.204','ADL-A','ADL'),('5685',4,2019,4,'00:14:00','00:16:00','A.218','ADL-A','ADL'),('5687',4,2019,4,'00:11:30','00:13:30','A.210','ADL-A','ADL'),('5689',4,2019,4,'00:09:00','00:11:00','A.112','ADL-A','ADL'),('5692',4,2019,5,'00:11:30','00:13:30','A.106','ADL-A','ADL'),('5694',4,2019,5,'00:14:00','00:16:00','A.106','ADL-A','ADL'),('5696',4,2019,5,'00:14:00','00:16:00','A.103','ADL-A','ADL'),('5698',4,2019,5,'00:09:00','00:11:00','A.203','ADL-A','ADL'),('5700',4,2019,5,'00:14:00','00:16:00','A.203','ADL-A','ADL'),('5703',4,2019,5,'00:14:00','00:16:00','A.210','ADL-A','ADL'),('5705',4,2019,5,'00:11:30','00:13:30','A.210','ADL-A','ADL'),('5708',4,2019,5,'00:14:00','00:16:00','A.112','ADL-A','ADL'),('5710',3,2019,2,'00:11:30','00:13:30','A.203','ADL-A','ADL'),('5714',4,2019,6,'00:00:00','00:00:00','NA','ADL-N','ADL'),('5715',4,2019,2,'00:11:30','00:13:30','A.218','ADL-A','ADL'),('5715',4,2019,2,'00:14:00','00:16:00','A.218','ADL-A','ADL'),('5718',4,2019,2,'00:11:30','00:13:30','A.218','ADL-A','ADL'),('5718',4,2019,2,'00:14:00','00:16:00','A.218','ADL-A','ADL'),('5721',4,2019,3,'00:11:30','00:13:30','B.B02','ADL-B','ADL'),('5721',4,2019,3,'00:14:00','00:16:00','B.B02','ADL-B','ADL'),('5724',4,2019,6,'00:00:00','00:00:00','NA','ADL-N','ADL'),('5727',3,2019,1,'00:14:00','00:16:00','A.204','ADL-A','ADL'),('5728',3,2019,3,'00:09:00','00:11:00','A.112','ADL-A','ADL'),('5733',4,2019,2,'00:09:00','00:11:00','A.113','ADL-A','ADL'),('5733',4,2019,2,'00:11:30','00:13:30','A.113','ADL-A','ADL'),('5735',4,2019,2,'00:09:00','00:11:00','A.113','ADL-A','ADL'),('5735',4,2019,2,'00:11:30','00:13:30','A.113','ADL-A','ADL'),('5737',3,2019,3,'00:14:00','00:16:00','A.203','ADL-A','ADL'),('5737',3,2019,3,'00:16:30','00:18:30','A.218','ADL-A','ADL'),('5740',3,2019,4,'00:11:30','00:13:30','A.105','ADL-A','ADL'),('5740',3,2019,5,'00:09:00','00:11:00','A.203','ADL-A','ADL'),('5744',4,2019,4,'00:11:30','00:13:30','B.B02','ADL-B','ADL'),('5745',3,2019,5,'00:11:30','00:13:30','B.B04','ADL-B','ADL'),('5749',3,2019,1,'00:11:30','00:13:30','A.203','ADL-A','ADL'),('5749',3,2019,4,'00:09:00','00:11:00','A.204','ADL-A','ADL'),('5750',3,2019,5,'00:14:00','00:16:00','B.B03','ADL-B','ADL'),('5753',4,2019,3,'00:14:00','00:16:00','A.105','ADL-A','ADL'),('5753',4,2019,4,'00:14:00','00:16:00','A.103','ADL-A','ADL'),('5758',3,2019,1,'00:09:00','00:11:00','A.106','ADL-A','ADL'),('5758',3,2019,4,'00:09:00','00:11:00','A.103','ADL-A','ADL'),('5763',3,2019,4,'00:14:00','00:16:00','A.103','ADL-A','ADL'),('5767',3,2019,3,'00:16:00','00:18:00','A.105','ADL-A','ADL'),('5767',4,2019,5,'00:09:00','00:11:00','A.103','ADL-A','ADL'),('5767',4,2019,5,'00:11:30','00:13:30','A.103','ADL-A','ADL'),('5780',3,2019,1,'00:11:30','00:13:30','A.103','ADL-A','ADL'),('5780',3,2019,4,'00:11:30','00:13:30','A.103','ADL-A','ADL'),('5785',3,2019,1,'00:14:00','00:16:00','A.103','ADL-A','ADL'),('5785',3,2019,2,'00:14:00','00:16:00','A.103','ADL-A','ADL'),('5788',3,2019,2,'00:11:30','00:13:30','A.105','ADL-A','ADL'),('5788',3,2019,2,'00:16:00','00:18:00','A.105','ADL-A','ADL'),('5793',4,2019,5,'00:09:00','00:11:00','A.113','ADL-A','ADL'),('5793',4,2019,5,'00:11:30','00:13:30','A.113','ADL-A','ADL'),('5795',4,2019,5,'00:09:00','00:11:00','A.113','ADL-A','ADL'),('5795',4,2019,5,'00:11:30','00:13:30','A.113','ADL-A','ADL'),('5798',2,2019,2,'00:09:00','00:11:00','A.112','ADL-A','ADL'),('5799',2,2019,2,'00:09:00','00:11:00','A.112','ADL-A','ADL'),('5799',4,2019,4,'00:09:00','00:11:00','A.113','ADL-A','ADL'),('5799',4,2019,4,'00:11:30','00:13:30','A.204','ADL-A','ADL'),('5800',2,2019,2,'00:09:00','00:11:00','A.112','ADL-A','ADL'),('5801',1,2019,1,'00:09:00','00:11:00','Z.111','ADL-Z','ADL'),('5801',4,2019,5,'00:14:00','00:16:00','A.113','ADL-A','ADL'),('5802',2,2019,2,'00:09:00','00:11:00','A.112','ADL-A','ADL'),('5803',1,2019,2,'00:16:30','00:18:30','A.111','ADL-A','ADL'),('5804',2,2019,2,'00:09:00','00:11:00','A.112','ADL-A','ADL'),('5805',3,2019,4,'00:14:00','00:16:00','A.106','ADL-A','ADL'),('5806',1,2019,4,'00:16:30','00:18:30','A.111','ADL-A','ADL'),('5807',2,2019,2,'00:09:00','00:11:00','A.112','ADL-A','ADL'),('5807',3,2019,2,'00:14:00','00:16:00','A.106','ADL-A','ADL'),('5808',1,2019,1,'00:11:30','00:13:30','A.105','ADL-A','ADL'),('5808',1,2019,2,'00:11:30','00:13:30','A.103','ADL-A','ADL'),('5809',2,2019,2,'00:09:00','00:11:00','A.112','ADL-A','ADL'),('5810',2,2019,1,'00:11:30','00:13:30','A.105','ADL-A','ADL'),('5810',2,2019,2,'00:11:30','00:13:30','A.103','ADL-A','ADL'),('5810',3,2019,3,'00:14:00','00:16:00','A.112','ADL-A','ADL'),('5811',1,2019,1,'00:09:00','00:11:00','Z.111','ADL-Z','ADL'),('5812',4,2019,1,'00:14:00','00:16:00','A.106','ADL-A','ADL'),('5812',4,2019,3,'00:14:00','00:16:00','A.210','ADL-A','ADL'),('5813',1,2019,3,'00:11:30','00:13:30','A.113','ADL-A','ADL'),('5814',1,2019,1,'00:09:00','00:11:00','Z.111','ADL-Z','ADL'),('5814',4,2019,1,'00:14:00','00:16:00','A.106','ADL-A','ADL'),('5814',4,2019,3,'00:14:00','00:16:00','A.210','ADL-A','ADL'),('5815',2,2019,1,'00:11:30','00:13:30','A.105','ADL-A','ADL'),('5815',2,2019,2,'00:11:30','00:13:30','A.103','ADL-A','ADL'),('5816',2,2019,1,'00:11:30','00:13:30','B.B03','ADL-B','ADL'),('5817',1,2019,1,'00:09:00','00:11:00','Z.111','ADL-Z','ADL'),('5817',3,2019,3,'00:14:00','00:16:00','B.B02','ADL-B','ADL'),('5817',3,2019,5,'00:09:00','00:11:00','A.113','ADL-A','ADL'),('5818',2,2019,3,'00:09:00','00:11:00','A.203','ADL-A','ADL'),('5819',2,2019,2,'00:14:00','00:16:00','A.105','ADL-A','ADL'),('5820',2,2019,2,'00:09:00','00:11:00','A.106','ADL-A','ADL'),('5820',3,2019,3,'00:14:00','00:16:00','B.B02','ADL-B','ADL'),('5820',3,2019,5,'00:09:00','00:11:00','A.113','ADL-A','ADL'),('5822',3,2019,3,'00:14:00','00:16:00','B.B02','ADL-B','ADL'),('5822',3,2019,5,'00:09:00','00:11:00','A.113','ADL-A','ADL'),('5823',2,2019,3,'00:09:00','00:11:00','A.203','ADL-A','ADL'),('5824',1,2019,2,'00:14:00','00:16:00','A.103','ADL-A','ADL'),('5825',2,2019,1,'00:11:30','00:13:30','A.106','ADL-A','ADL'),('5825',3,2019,5,'00:09:00','00:11:00','B.B04','ADL-B','ADL'),('5826',1,2019,1,'00:09:00','00:11:00','Z.111','ADL-Z','ADL'),('5827',2,2019,3,'00:09:00','00:11:00','A.203','ADL-A','ADL'),('5828',1,2019,1,'00:09:00','00:11:00','Z.111','ADL-Z','ADL'),('5828',3,2019,4,'00:11:30','00:13:30','A.106','ADL-A','ADL'),('5829',2,2019,1,'00:11:30','00:13:30','A.106','ADL-A','ADL'),('5830',2,2019,1,'00:09:00','00:11:00','A.103','ADL-A','ADL'),('5830',3,2019,1,'00:11:30','00:13:30','A.111','ADL-A','ADL'),('5830',2,2019,2,'00:09:00','00:11:00','A.103','ADL-A','ADL'),('5831',2,2019,3,'00:09:00','00:11:00','A.203','ADL-A','ADL'),('5832',1,2019,1,'00:09:00','00:11:00','Z.111','ADL-Z','ADL'),('5832',3,2019,1,'00:11:30','00:13:30','A.111','ADL-A','ADL'),('5833',1,2019,4,'00:11:30','00:13:30','A.111','ADL-A','ADL'),('5834',4,2019,3,'00:09:00','00:11:00','A.111','ADL-A','ADL'),('5835',2,2019,1,'00:09:00','00:11:00','A.103','ADL-A','ADL'),('5835',2,2019,2,'00:09:00','00:11:00','A.103','ADL-A','ADL'),('5836',1,2019,1,'00:09:00','00:11:00','Z.111','ADL-Z','ADL'),('5836',4,2019,3,'00:09:00','00:11:00','A.111','ADL-A','ADL'),('5837',2,2019,2,'00:09:00','00:11:00','B.B02','ADL-B','ADL'),('5837',2,2019,4,'00:09:00','00:11:00','A.106','ADL-A','ADL'),('5838',3,2019,4,'00:09:00','00:11:00','A.113','ADL-A','ADL'),('5839',1,2019,1,'00:09:00','00:11:00','Z.111','ADL-Z','ADL'),('5840',2,2019,1,'00:09:00','00:11:00','A.103','ADL-A','ADL'),('5840',2,2019,2,'00:09:00','00:11:00','A.103','ADL-A','ADL'),('5840',3,2019,4,'00:09:00','00:11:00','A.113','ADL-A','ADL'),('5841',1,2019,5,'00:09:00','00:11:00','A.112','ADL-A','ADL'),('5842',1,2019,1,'00:14:00','00:16:00','A.112','ADL-A','ADL'),('5842',3,2019,4,'00:09:00','00:11:00','A.113','ADL-A','ADL'),('5844',3,2019,4,'00:09:00','00:11:00','A.113','ADL-A','ADL'),('5845',1,2019,1,'00:09:00','00:11:00','Z.111','ADL-Z','ADL'),('5846',4,2019,4,'00:09:00','00:11:00','A.106','ADL-A','ADL'),('5847',1,2019,4,'00:16:30','00:18:30','A.103','ADL-A','ADL'),('5848',1,2019,3,'00:16:30','00:18:30','A.111','ADL-A','ADL'),('5848',3,2019,4,'00:11:30','00:13:30','A.106','ADL-A','ADL'),('5849',1,2019,1,'00:09:00','00:11:00','Z.111','ADL-Z','ADL'),('5850',3,2019,2,'00:11:30','00:13:30','A.111','ADL-A','ADL'),('5851',2,2019,1,'00:09:00','00:11:00','Z.111','ADL-Z','ADL'),('5852',1,2019,3,'00:16:30','00:18:30','A.111','ADL-A','ADL'),('5852',4,2019,6,'00:00:00','00:00:00','NA','ADL-N','ADL'),('5854',1,2019,1,'00:09:00','00:11:00','Z.111','ADL-Z','ADL'),('5855',1,2019,1,'00:09:00','00:11:00','Z.111','ADL-Z','ADL'),('5856',3,2019,1,'00:09:00','00:11:00','A.111','ADL-A','ADL'),('5857',1,2019,3,'00:09:00','00:11:00','A.106','ADL-A','ADL'),('5858',1,2019,1,'00:09:00','00:11:00','Z.111','ADL-Z','ADL'),('5858',3,2019,6,'00:00:00','00:00:00','NA','ADL-N','ADL'),('5859',1,2019,1,'00:09:00','00:11:00','Z.111','ADL-Z','ADL'),('5860',1,2019,3,'00:09:00','00:11:00','A.106','ADL-A','ADL'),('5860',3,2019,6,'00:00:00','00:00:00','NA','ADL-N','ADL'),('5863',3,2019,3,'00:14:00','00:16:00','A.106','ADL-A','ADL'),('5864',1,2019,2,'00:14:00','00:16:00','A.111','ADL-A','ADL'),('5864',3,2019,4,'00:14:00','00:16:00','A.111','ADL-A','ADL'),('5866',3,2019,4,'00:14:00','00:16:00','A.111','ADL-A','ADL'),('5867',2,2019,4,'00:14:00','00:16:00','A.112','ADL-A','ADL'),('5868',1,2019,2,'00:11:30','00:13:30','B.B04','ADL-B','ADL'),('5868',3,2019,6,'00:00:00','00:00:00','NA','ADL-N','ADL'),('5870',3,2019,6,'00:00:00','00:00:00','NA','ADL-N','ADL'),('5872',1,2019,5,'00:11:30','00:13:30','A.113','ADL-A','ADL'),('5872',3,2019,6,'00:00:00','00:00:00','NA','ADL-N','ADL'),('5873',3,2019,2,'00:16:30','00:18:30','A.111','ADL-A','ADL'),('5875',1,2019,2,'00:11:30','00:13:30','B.B04','ADL-B','ADL'),('5875',3,2019,3,'00:11:30','00:13:30','A.113','ADL-A','ADL'),('5877',4,2019,1,'00:11:30','00:13:30','B.B03','ADL-B','ADL'),('5877',2,2019,4,'00:09:00','00:11:00','A.203','ADL-A','ADL'),('5883',1,2019,1,'00:11:30','00:13:30','B.B03','ADL-B','ADL'),('5887',4,2019,2,'00:09:00','00:11:00','A.106','ADL-A','ADL'),('5887',4,2019,5,'00:09:00','00:11:00','A.106','ADL-A','ADL'),('5889',2,2019,2,'00:11:30','00:13:30','B.B02','ADL-B','ADL'),('5889',2,2019,5,'00:14:00','00:16:00','B.B04','ADL-B','ADL'),('5890',1,2019,1,'00:18:00','00:20:00','B.B02','ADL-B','ADL'),('5891',3,2019,4,'00:14:00','00:16:00','B.B02','ADL-B','ADL'),('5893',3,2019,6,'00:00:00','00:00:00','NA','ADL-N','ADL'),('5894',3,2019,6,'00:00:00','00:00:00','NA','ADL-N','ADL'),('5895',1,2019,2,'00:09:00','00:11:00','A.204','ADL-A','ADL'),('5895',1,2019,3,'00:14:00','00:16:00','A.204','ADL-A','ADL'),('5896',3,2019,2,'00:14:00','00:16:00','A.111','ADL-A','ADL'),('5898',3,2019,2,'00:11:30','00:13:30','B.B04','ADL-B','ADL'),('5898',2,2019,3,'00:18:00','00:21:00','A.204','ADL-A','ADL'),('5901',3,2019,2,'00:11:30','00:13:30','B.B04','ADL-B','ADL'),('5902',1,2019,4,'00:16:30','00:18:30','A.105','ADL-A','ADL'),('5902',1,2019,5,'00:14:00','00:16:00','A.105','ADL-A','ADL'),('5903',3,2019,5,'00:09:00','00:11:00','B.B02','ADL-B','ADL'),('5903',3,2019,5,'00:11:30','00:13:30','B.B03','ADL-B','ADL'),('5905',2,2019,4,'00:18:00','00:21:00','A.204','ADL-A','ADL'),('5906',1,2019,4,'00:11:30','00:13:30','A.112','ADL-A','ADL'),('5907',3,2019,5,'00:09:00','00:11:00','B.B02','ADL-B','ADL'),('5907',3,2019,5,'00:11:30','00:13:30','B.B02','ADL-B','ADL'),('5909',1,2019,2,'00:18:00','00:20:00','B.B02','ADL-B','ADL'),('5911',1,2019,4,'00:11:30','00:13:30','A.112','ADL-A','ADL'),('5911',3,2019,5,'00:09:00','00:11:00','B.B03','ADL-B','ADL'),('5911',3,2019,5,'00:11:30','00:13:30','B.B02','ADL-B','ADL'),('5913',1,2019,1,'00:14:00','00:16:00','A.218','ADL-A','ADL'),('5916',1,2019,1,'00:14:00','00:16:00','A.113','ADL-A','ADL'),('5916',3,2019,5,'00:09:00','00:11:00','B.B03','ADL-B','ADL'),('5916',3,2019,5,'00:11:30','00:13:30','B.B03','ADL-B','ADL'),('5917',1,2019,4,'00:11:30','00:13:30','A.112','ADL-A','ADL'),('5920',3,2019,5,'00:09:00','00:11:00','B.B02','ADL-B','ADL'),('5920',3,2019,5,'00:11:30','00:13:30','B.B03','ADL-B','ADL'),('5922',1,2019,1,'00:14:00','00:16:00','A.106','ADL-A','ADL'),('5924',1,2019,1,'00:09:00','00:11:00','A.113','ADL-A','ADL'),('5924',3,2019,5,'00:09:00','00:11:00','B.B02','ADL-B','ADL'),('5924',3,2019,5,'00:11:30','00:13:30','B.B03','ADL-B','ADL'),('5927',1,2019,2,'00:11:30','00:13:30','A.204','ADL-A','ADL'),('5928',3,2019,4,'00:14:00','00:16:00','B.B04','ADL-B','ADL'),('5930',1,2019,1,'00:09:00','00:11:00','A.113','ADL-A','ADL'),('5930',3,2019,3,'00:11:30','00:13:30','B.B03','ADL-B','ADL'),('5932',3,2019,1,'00:11:30','00:13:30','A.113','ADL-A','ADL'),('5933',1,2019,2,'00:11:30','00:13:30','A.112','ADL-A','ADL'),('5935',3,2019,1,'00:11:30','00:13:30','A.113','ADL-A','ADL'),('5937',1,2019,1,'00:09:00','00:11:00','A.113','ADL-A','ADL'),('5937',3,2019,1,'00:11:30','00:13:30','A.113','ADL-A','ADL'),('5939',3,2019,6,'00:00:00','00:00:00','NA','ADL-N','ADL'),('5941',1,2019,2,'00:14:00','00:16:00','A.113','ADL-A','ADL'),('5942',3,2019,6,'00:00:00','00:00:00','NA','ADL-N','ADL'),('5943',1,2019,1,'00:09:00','00:11:00','Z.111','ADL-Z','ADL'),('5944',4,2019,1,'00:14:00','00:16:00','A.106','ADL-A','ADL'),('5944',4,2019,3,'00:14:00','00:16:00','A.210','ADL-A','ADL'),('5945',1,2019,1,'00:09:00','00:11:00','A.113','ADL-A','ADL'),('5946',4,2019,1,'00:14:00','00:16:00','A.106','ADL-A','ADL'),('5946',4,2019,3,'00:14:00','00:16:00','A.210','ADL-A','ADL'),('5947',1,2019,2,'00:11:30','00:13:30','A.106','ADL-A','ADL'),('5949',4,2019,1,'00:14:00','00:16:00','A.106','ADL-A','ADL'),('5949',4,2019,3,'00:14:00','00:16:00','A.210','ADL-A','ADL'),('5950',1,2019,1,'00:09:00','00:11:00','Z.111','ADL-Z','ADL'),('5951',1,2019,1,'00:09:00','00:11:00','A.112','ADL-A','ADL'),('5951',4,2019,3,'00:11:30','00:13:30','A.210','ADL-A','ADL'),('5951',4,2019,4,'00:09:00','00:11:00','A.210','ADL-A','ADL'),('5954',1,2019,2,'00:11:30','00:13:30','B.B02','ADL-B','ADL'),('5956',4,2019,3,'00:11:30','00:13:30','A.210','ADL-A','ADL'),('5956',4,2019,4,'00:09:00','00:11:00','A.210','ADL-A','ADL'),('5958',4,2019,1,'00:11:30','00:13:30','A.218','ADL-A','ADL'),('5960',1,2019,2,'00:09:00','00:11:00','A.112','ADL-A','ADL'),('5960',4,2019,5,'00:11:30','00:13:30','A.218','ADL-A','ADL'),('5961',1,2019,1,'00:09:00','00:11:00','A.112','ADL-A','ADL'),('5963',3,2019,2,'00:09:00','00:11:00','B.B02','ADL-B','ADL'),('5965',1,2019,2,'00:09:00','00:11:00','A.113','ADL-A','ADL'),('5965',3,2019,5,'00:09:00','00:11:00','A.218','ADL-A','ADL'),('5967',3,2019,4,'00:14:00','00:16:00','A.210','ADL-A','ADL'),('5967',3,2019,5,'00:11:30','00:13:30','A.210','ADL-A','ADL'),('5968',1,2019,1,'00:09:00','00:11:00','A.112','ADL-A','ADL'),('5969',4,2019,1,'00:14:00','00:16:00','A.218','ADL-A','ADL'),('5969',4,2019,2,'00:14:00','00:16:00','B.B03','ADL-B','ADL'),('5970',1,2019,1,'00:09:00','00:11:00','Z.111','ADL-Z','ADL'),('5971',3,2019,4,'00:14:00','00:16:00','A.210','ADL-A','ADL'),('5971',3,2019,5,'00:11:30','00:13:30','A.210','ADL-A','ADL'),('5973',1,2019,3,'00:11:30','00:13:30','A.105','ADL-A','ADL'),('5973',3,2019,4,'00:09:00','00:11:00','A.218','ADL-A','ADL'),('5973',3,2019,5,'00:14:00','00:16:00','A.203','ADL-A','ADL'),('5975',3,2019,4,'00:09:00','00:11:00','A.218','ADL-A','ADL'),('5975',3,2019,5,'00:14:00','00:16:00','A.203','ADL-A','ADL'),('5978',2,2019,1,'00:11:30','00:13:30','A.112','ADL-A','ADL'),('5978',3,2019,3,'00:09:00','00:11:00','B.B02','ADL-B','ADL'),('5980',1,2019,3,'00:09:00','00:11:00','A.203','ADL-A','ADL'),('5980',3,2019,4,'00:09:00','00:11:00','A.218','ADL-A','ADL'),('5980',3,2019,5,'00:14:00','00:16:00','A.203','ADL-A','ADL'),('5982',3,2019,4,'00:14:00','00:16:00','A.210','ADL-A','ADL'),('5982',3,2019,5,'00:11:30','00:13:30','A.210','ADL-A','ADL'),('5984',4,2019,1,'00:09:00','00:11:00','A.113','ADL-A','ADL'),('5984',1,2019,3,'00:14:00','00:16:00','A.203','ADL-A','ADL'),('5985',2,2019,1,'00:11:30','00:13:30','A.112','ADL-A','ADL'),('5986',3,2019,3,'00:11:30','00:13:30','A.204','ADL-A','ADL'),('5987',4,2019,4,'00:11:30','00:13:30','A.218','ADL-A','ADL'),('5988',4,2019,3,'00:11:30','00:13:30','A.203','ADL-A','ADL'),('5988',4,2019,5,'00:11:30','00:13:30','A.203','ADL-A','ADL'),('5989',4,2019,4,'00:11:30','00:13:30','A.218','ADL-A','ADL'),('5990',4,2019,3,'00:11:30','00:13:30','A.203','ADL-A','ADL'),('5990',4,2019,5,'00:11:30','00:13:30','A.203','ADL-A','ADL'),('5991',1,2019,3,'00:09:00','00:11:00','B.B02','ADL-B','ADL'),('5991',4,2019,4,'00:11:30','00:13:30','A.218','ADL-A','ADL'),('5992',4,2019,3,'00:11:30','00:13:30','A.203','ADL-A','ADL'),('5992',4,2019,5,'00:11:30','00:13:30','A.203','ADL-A','ADL'),('5993',3,2019,4,'00:09:00','00:11:00','A.105','ADL-A','ADL'),('5994',3,2019,2,'00:09:00','00:11:00','A.103','ADL-A','ADL'),('5995',2,2019,1,'00:11:30','00:13:30','A.112','ADL-A','ADL'),('5995',3,2019,2,'00:11:30','00:13:30','B.B02','ADL-B','ADL'),('5996',3,2019,6,'00:00:00','00:00:00','NA','ADL-N','ADL'),('5997',3,2019,4,'00:09:00','00:11:00','A.106','ADL-A','ADL'),('5998',1,2019,3,'00:11:30','00:13:30','B.B02','ADL-B','ADL'),('5999',3,2019,6,'00:00:00','00:00:00','NA','ADL-N','ADL'),('6000',3,2019,6,'00:00:00','00:00:00','NA','ADL-N','ADL'),('6001',1,2019,2,'00:14:00','00:16:00','B.B04','ADL-B','ADL'),('6001',3,2019,4,'00:11:30','00:13:30','A.218','ADL-A','ADL'),('6001',3,2019,5,'00:11:30','00:13:30','A.218','ADL-A','ADL'),('6002',3,2019,6,'00:00:00','00:00:00','NA','ADL-N','ADL'),('6003',1,2019,1,'00:09:00','00:11:00','Z.111','ADL-Z','ADL'),('6003',4,2019,4,'00:09:00','00:11:00','NA','ADL-N','ADL'),('6003',4,2019,5,'00:11:30','00:13:30','A.105','ADL-A','ADL'),('6004',1,2019,3,'00:09:00','00:11:00','A.105','ADL-A','ADL'),('6004',4,2019,4,'00:09:00','00:11:00','NA','ADL-N','ADL'),('6004',4,2019,5,'00:11:30','00:13:30','A.105','ADL-A','ADL'),('6005',3,2019,6,'00:00:00','00:00:00','NA','ADL-N','ADL'),('6006',3,2019,6,'00:00:00','00:00:00','NA','ADL-N','ADL'),('6007',3,2019,6,'00:00:00','00:00:00','NA','ADL-N','ADL'),('6008',3,2019,6,'00:00:00','00:00:00','NA','ADL-N','ADL'),('6009',4,2019,3,'00:14:00','00:16:00','A.103','ADL-A','ADL'),('6010',1,2019,3,'00:14:00','00:16:00','A.105','ADL-A','ADL'),('6010',3,2019,6,'00:00:00','00:00:00','NA','ADL-N','ADL'),('6011',1,2019,4,'00:11:30','00:13:30','A.113','ADL-A','ADL'),('6011',3,2019,6,'00:00:00','00:00:00','NA','ADL-N','ADL'),('6012',1,2019,1,'00:09:00','00:11:00','Z.111','ADL-Z','ADL'),('6012',3,2019,3,'00:14:00','00:16:00','A.103','ADL-A','ADL'),('6013',3,2019,3,'00:11:30','00:13:30','A.103','ADL-A','ADL'),('6014',4,2019,4,'00:14:00','00:16:00','A.105','ADL-A','ADL'),('6014',4,2019,5,'00:14:00','00:16:00','A.105','ADL-A','ADL'),('6015',4,2019,4,'00:14:00','00:16:00','A.105','ADL-A','ADL'),('6015',4,2019,5,'00:14:00','00:16:00','A.105','ADL-A','ADL'),('6016',4,2019,4,'00:14:00','00:16:00','A.105','ADL-A','ADL'),('6016',4,2019,5,'00:14:00','00:16:00','A.105','ADL-A','ADL'),('6017',3,2019,1,'00:09:00','00:17:00','NA','ADL-N','ADL'),('6017',3,2019,2,'00:09:00','00:17:00','NA','ADL-N','ADL'),('6017',3,2019,3,'00:09:00','00:17:00','NA','ADL-N','ADL'),('6017',1,2019,4,'00:14:00','00:16:00','A.203','ADL-A','ADL'),('6018',3,2019,1,'00:09:00','00:17:00','NA','ADL-N','ADL'),('6018',3,2019,2,'00:09:00','00:17:00','NA','ADL-N','ADL'),('6019',3,2019,1,'00:09:00','00:11:00','A.103','ADL-A','ADL'),('6019',3,2019,2,'00:09:00','00:11:00','A.103','ADL-A','ADL'),('6019',3,2019,3,'00:09:00','00:11:00','A.103','ADL-A','ADL'),('6019',3,2019,3,'00:11:30','00:13:30','A.103','ADL-A','ADL'),('6019',3,2019,3,'00:14:00','00:16:00','A.103','ADL-A','ADL'),('6019',3,2019,5,'00:09:00','00:11:00','A.103','ADL-A','ADL'),('6019',3,2019,5,'00:14:00','00:16:00','A.103','ADL-A','ADL'),('6020',3,2019,1,'00:14:00','00:16:00','B.B03','ADL-B','ADL'),('6021',3,2019,1,'00:11:30','00:13:30','A.218','ADL-A','ADL'),('6021',3,2019,2,'00:11:30','00:13:30','A.113','ADL-A','ADL'),('6021',1,2019,4,'00:11:30','00:13:30','A.113','ADL-A','ADL'),('6022',4,2019,1,'00:11:30','00:13:30','A.105','ADL-A','ADL'),('6022',4,2019,2,'00:11:30','00:13:30','A.103','ADL-A','ADL'),('6023',4,2019,1,'00:11:30','00:13:30','A.105','ADL-A','ADL'),('6023',4,2019,2,'00:11:30','00:13:30','A.103','ADL-A','ADL'),('6023',1,2019,4,'00:14:00','00:16:00','B.B02','ADL-B','ADL'),('6024',4,2019,1,'00:09:00','00:11:00','A.103','ADL-A','ADL'),('6024',4,2019,2,'00:09:00','00:11:00','A.103','ADL-A','ADL'),('6025',4,2019,1,'00:09:00','00:11:00','A.103','ADL-A','ADL'),('6025',4,2019,2,'00:09:00','00:11:00','A.103','ADL-A','ADL'),('6026',4,2019,1,'00:09:00','00:11:00','A.103','ADL-A','ADL'),('6026',4,2019,2,'00:09:00','00:11:00','A.103','ADL-A','ADL'),('6026',1,2019,4,'00:14:00','00:16:00','A.112','ADL-A','ADL'),('6027',3,2019,4,'00:09:00','00:17:00','NA','ADL-N','ADL'),('6027',3,2019,5,'00:09:00','00:17:00','NA','ADL-N','ADL'),('6028',2,2019,2,'00:11:30','00:13:30','A.105','ADL-A','ADL'),('6028',3,2019,2,'00:16:30','00:18:30','A.203','ADL-A','ADL'),('6028',2,2019,3,'00:09:00','00:11:00','A.105','ADL-A','ADL'),('6029',1,2019,1,'00:09:00','00:11:00','Z.111','ADL-Z','ADL'),('6029',3,2019,3,'00:14:00','00:16:00','A.105','ADL-A','ADL'),('6029',3,2019,4,'00:09:00','00:11:00','A.203','ADL-A','ADL'),('6029',3,2019,4,'00:11:30','00:13:30','A.204','ADL-A','ADL'),('6032',3,2019,1,'00:09:00','00:18:00','NA','ADL-N','ADL'),('6032',3,2019,2,'00:09:00','00:18:00','NA','ADL-N','ADL'),('6033',3,2019,2,'00:09:00','00:11:00','A.204','ADL-A','ADL'),('6033',3,2019,2,'00:11:30','00:13:30','A.218','ADL-A','ADL'),('6033',3,2019,3,'00:14:00','00:16:00','A.105','ADL-A','ADL'),('6034',3,2019,4,'00:09:00','00:18:00','NA','ADL-N','ADL'),('6034',3,2019,5,'00:09:00','00:18:00','NA','ADL-N','ADL'),('6035',4,2019,4,'00:14:00','00:16:00','A.112','ADL-A','ADL'),('6035',1,2019,5,'00:14:00','00:16:00','A.218','ADL-A','ADL'),('6036',3,2019,5,'00:11:30','00:13:30','A.203','ADL-A','ADL'),('6037',4,2019,4,'00:09:00','00:11:00','A.203','ADL-A','ADL'),('6038',3,2019,1,'00:11:30','00:13:30','B.B02','ADL-B','ADL'),('6039',4,2019,2,'00:11:30','00:13:30','B.B02','ADL-B','ADL'),('6039',4,2019,5,'00:14:00','00:16:00','B.B04','ADL-B','ADL'),('6040',4,2019,1,'00:11:30','00:13:30','B.B02','ADL-B','ADL'),('6041',3,2019,2,'00:09:00','00:11:00','A.203','ADL-A','ADL'),('6041',2,2019,2,'00:11:30','00:13:30','A.105','ADL-A','ADL'),('6041',2,2019,3,'00:09:00','00:11:00','A.105','ADL-A','ADL'),('6041',3,2019,3,'00:14:00','00:16:00','A.204','ADL-A','ADL'),('6042',3,2019,4,'00:16:30','00:18:30','A.105','ADL-A','ADL'),('6042',3,2019,5,'00:14:00','00:16:00','A.105','ADL-A','ADL'),('6043',3,2019,4,'00:11:30','00:13:30','A.112','ADL-A','ADL'),('6043',1,2019,5,'00:14:00','00:16:00','A.112','ADL-A','ADL'),('6044',3,2019,4,'00:11:30','00:13:30','A.112','ADL-A','ADL'),('6045',2,2019,1,'00:09:00','00:11:00','Z.111','ADL-Z','ADL'),('6045',3,2019,4,'00:11:30','00:13:30','A.112','ADL-A','ADL'),('6046',3,2019,1,'00:09:00','00:11:00','A.113','ADL-A','ADL'),('6047',3,2019,1,'00:09:00','00:11:00','A.113','ADL-A','ADL'),('6048',3,2019,1,'00:09:00','00:11:00','A.113','ADL-A','ADL'),('6049',3,2019,1,'00:09:00','00:11:00','A.113','ADL-A','ADL'),('6049',1,2019,5,'00:14:00','00:16:00','A.113','ADL-A','ADL'),('6050',3,2019,2,'00:14:00','00:16:00','A.218','ADL-A','ADL'),('6051',3,2019,1,'00:14:00','00:16:00','A.203','ADL-A','ADL'),('6052',1,2019,1,'00:09:00','00:11:00','Z.111','ADL-Z','ADL'),('6053',4,2019,1,'00:11:30','00:13:30','A.112','ADL-A','ADL'),('6054',4,2019,1,'00:11:30','00:13:30','A.112','ADL-A','ADL'),('6054',2,2019,2,'00:11:30','00:13:30','A.105','ADL-A','ADL'),('6054',2,2019,3,'00:09:00','00:11:00','A.105','ADL-A','ADL'),('6055',4,2019,1,'00:11:30','00:13:30','A.112','ADL-A','ADL'),('6056',4,2019,4,'00:09:00','00:11:00','A.218','ADL-A','ADL'),('6057',3,2019,2,'00:09:00','00:11:00','A.210','ADL-A','ADL'),('6057',1,2019,5,'00:09:00','00:11:00','A.106','ADL-A','ADL'),('6058',4,2019,5,'00:14:00','00:16:00','A.218','ADL-A','ADL'),('6059',1,2019,1,'00:09:00','00:11:00','Z.111','ADL-Z','ADL'),('6059',3,2019,5,'00:11:30','00:13:30','A.112','ADL-A','ADL'),('6060',3,2019,5,'00:11:30','00:13:30','A.112','ADL-A','ADL'),('6061',3,2019,3,'00:11:30','00:13:30','A.111','ADL-A','ADL'),('6062',4,2019,1,'00:09:00','00:11:00','B.B02','ADL-B','ADL'),('6062',1,2019,5,'00:14:00','00:16:00','A.204','ADL-A','ADL'),('6063',3,2019,2,'00:14:00','00:16:00','B.B04','ADL-B','ADL'),('6063',1,2019,3,'00:11:30','00:13:30','A.111','ADL-A','ADL'),('6064',3,2019,4,'00:11:30','00:13:30','A.113','ADL-A','ADL'),('6065',3,2019,4,'00:11:30','00:13:30','A.113','ADL-A','ADL'),('6066',3,2019,1,'00:11:30','00:13:30','A.204','ADL-A','ADL'),('6066',3,2019,5,'00:11:30','00:13:30','A.204','ADL-A','ADL'),('6067',1,2019,1,'00:09:00','00:11:00','Z.111','ADL-Z','ADL'),('6067',3,2019,1,'00:11:30','00:13:30','A.204','ADL-A','ADL'),('6067',3,2019,5,'00:11:30','00:13:30','A.204','ADL-A','ADL'),('6068',4,2019,3,'00:09:00','00:11:00','A.204','ADL-A','ADL'),('6068',4,2019,5,'00:14:00','00:16:00','A.204','ADL-A','ADL'),('6069',4,2019,3,'00:09:00','00:11:00','A.204','ADL-A','ADL'),('6069',4,2019,5,'00:14:00','00:16:00','A.204','ADL-A','ADL'),('6070',4,2019,1,'00:09:00','00:11:00','A.218','ADL-A','ADL'),('6071',3,2019,3,'00:16:30','00:18:30','B.B02','ADL-B','ADL'),('6072',3,2019,1,'00:09:00','00:11:00','A.204','ADL-A','ADL'),('6072',3,2019,2,'00:11:30','00:13:30','A.204','ADL-A','ADL'),('6072',1,2019,5,'00:09:00','00:11:00','A.105','ADL-A','ADL'),('6073',3,2019,1,'00:09:00','00:11:00','A.204','ADL-A','ADL'),('6073',3,2019,2,'00:11:30','00:13:30','A.204','ADL-A','ADL'),('6074',1,2019,1,'00:09:00','00:11:00','Z.111','ADL-Z','ADL'),('6074',4,2019,1,'00:14:00','00:16:00','A.105','ADL-A','ADL'),('6074',4,2019,5,'00:11:30','00:13:30','A.204','ADL-A','ADL'),('6075',1,2019,1,'00:14:00','00:16:00','A.203','ADL-A','ADL'),('6075',3,2019,2,'00:14:00','00:16:00','A.113','ADL-A','ADL'),('6075',1,2019,3,'00:09:00','00:11:00','A.218','ADL-A','ADL'),('6076',3,2019,2,'00:14:00','00:16:00','A.113','ADL-A','ADL'),('6077',3,2019,4,'00:11:30','00:13:30','B.B04','ADL-B','ADL'),('6078',3,2019,4,'00:09:00','00:11:00','B.B04','ADL-B','ADL'),('6078',1,2019,5,'00:14:00','00:16:00','A.106','ADL-A','ADL'),('6079',3,2019,4,'00:14:00','00:16:00','B.B03','ADL-B','ADL'),('6080',3,2019,6,'00:00:00','00:00:00','NA','ADL-N','ADL'),('6081',1,2019,1,'00:09:00','00:11:00','Z.111','ADL-Z','ADL'),('6081',3,2019,6,'00:00:00','00:00:00','NA','ADL-N','ADL'),('6082',3,2019,6,'00:00:00','00:00:00','NA','ADL-N','ADL'),('6083',2,2019,1,'00:14:00','00:16:00','B.B03','ADL-B','ADL'),('6083',3,2019,6,'00:00:00','00:00:00','NA','ADL-N','ADL'),('6084',2,2019,1,'00:09:00','00:11:00','B.B02','ADL-B','ADL'),('6084',3,2019,6,'00:00:00','00:00:00','NA','ADL-N','ADL'),('6085',3,2019,6,'00:00:00','00:00:00','NA','ADL-N','ADL'),('6086',1,2019,1,'00:09:00','00:11:00','Z.111','ADL-Z','ADL'),('6086',3,2019,4,'00:14:00','00:16:00','B.B03','ADL-B','ADL'),('6087',3,2019,4,'00:14:00','00:16:00','B.B03','ADL-B','ADL'),('6088',3,2019,3,'00:09:00','00:11:00','A.103','ADL-A','ADL'),('6089',3,2019,4,'00:16:30','00:18:30','B.B03','ADL-B','ADL'),('6090',3,2019,2,'00:14:00','00:16:00','A.203','ADL-A','ADL'),('6091',2,2019,1,'00:09:00','00:11:00','A.113','ADL-A','ADL'),('6091',4,2019,1,'00:11:30','00:13:30','A.210','ADL-A','ADL'),('6091',4,2019,1,'00:14:00','00:16:00','A.210','ADL-A','ADL'),('6091',4,2019,2,'00:09:00','00:11:00','A.210','ADL-A','ADL'),('6091',4,2019,2,'00:11:30','00:13:30','A.210','ADL-A','ADL'),('6091',4,2019,2,'00:14:00','00:16:00','A.210','ADL-A','ADL'),('6092',4,2019,1,'00:09:00','00:11:00','A.210','ADL-A','ADL'),('6092',4,2019,1,'00:11:30','00:13:30','A.210','ADL-A','ADL'),('6092',4,2019,1,'00:14:00','00:16:00','A.210','ADL-A','ADL'),('6092',4,2019,2,'00:09:00','00:11:00','A.210','ADL-A','ADL'),('6092',4,2019,2,'00:11:30','00:13:30','A.210','ADL-A','ADL'),('6092',4,2019,2,'00:14:00','00:16:00','A.210','ADL-A','ADL'),('6093',4,2019,1,'00:09:00','00:11:00','A.210','ADL-A','ADL'),('6093',4,2019,1,'00:11:30','00:13:30','A.210','ADL-A','ADL'),('6093',4,2019,1,'00:14:00','00:16:00','A.210','ADL-A','ADL'),('6093',4,2019,2,'00:09:00','00:11:00','A.210','ADL-A','ADL'),('6093',4,2019,2,'00:11:30','00:13:30','A.210','ADL-A','ADL'),('6093',4,2019,2,'00:14:00','00:16:00','A.210','ADL-A','ADL'),('6094',4,2019,1,'00:09:00','00:11:00','A.210','ADL-A','ADL'),('6094',4,2019,1,'00:11:30','00:13:30','A.210','ADL-A','ADL'),('6094',4,2019,1,'00:14:00','00:16:00','A.210','ADL-A','ADL'),('6094',4,2019,2,'00:09:00','00:11:00','A.210','ADL-A','ADL'),('6094',4,2019,2,'00:11:30','00:13:30','A.210','ADL-A','ADL'),('6094',4,2019,2,'00:14:00','00:16:00','A.210','ADL-A','ADL'),('6095',1,2019,1,'00:09:00','00:11:00','Z.111','ADL-Z','ADL'),('6095',4,2019,1,'00:11:30','00:13:30','A.210','ADL-A','ADL'),('6095',4,2019,1,'00:14:00','00:16:00','A.210','ADL-A','ADL'),('6095',4,2019,2,'00:09:00','00:11:00','A.210','ADL-A','ADL'),('6095',4,2019,2,'00:11:30','00:13:30','A.210','ADL-A','ADL'),('6095',4,2019,2,'00:14:00','00:16:00','A.210','ADL-A','ADL'),('6096',1,2019,1,'00:09:00','00:11:00','A.105','ADL-A','ADL'),('6096',4,2019,4,'00:11:30','00:13:30','A.106','ADL-A','ADL'),('6096',1,2019,4,'00:14:00','00:16:00','A.105','ADL-A','ADL'),('6097',3,2019,6,'00:00:00','00:00:00','NA','ADL-N','ADL'),('6098',3,2019,2,'00:14:00','00:16:00','A.210','ADL-A','ADL'),('6098',3,2019,4,'00:09:00','00:11:00','A.210','ADL-A','ADL'),('6099',3,2019,2,'00:09:00','00:11:00','A.218','ADL-A','ADL'),('6099',3,2019,5,'00:09:00','00:11:00','A.204','ADL-A','ADL'),('6100',3,2019,5,'00:11:30','00:13:30','A.113','ADL-A','ADL'),('6101',4,2019,1,'00:11:30','00:13:30','A.204','ADL-A','ADL'),('6101',2,2019,2,'00:09:00','00:11:00','B.B02','ADL-B','ADL'),('6103',1,2019,1,'00:09:00','00:11:00','Z.111','ADL-Z','ADL'),('6105',1,2019,1,'00:09:00','00:11:00','A.105','ADL-A','ADL'),('6105',1,2019,4,'00:14:00','00:16:00','A.105','ADL-A','ADL'),('6106',2,2019,2,'00:14:00','00:16:00','A.103','ADL-A','ADL'),('6110',1,2019,1,'00:09:00','00:11:00','Z.111','ADL-Z','ADL'),('6115',1,2019,3,'00:09:00','00:11:00','A.204','ADL-A','ADL'),('6115',1,2019,5,'00:09:00','00:11:00','A.103','ADL-A','ADL'),('6116',2,2019,2,'00:09:00','00:11:00','A.105','ADL-A','ADL'),('6118',1,2019,1,'00:09:00','00:11:00','Z.111','ADL-Z','ADL'),('6119',3,2019,6,'00:00:00','00:00:00','NA','ADL-N','ADL'),('6121',3,2019,2,'00:14:00','00:16:00','A.204','ADL-A','ADL'),('6121',3,2019,4,'00:09:00','00:11:00','A.203','ADL-A','ADL'),('6122',3,2019,2,'00:09:00','00:11:00','A.218','ADL-A','ADL'),('6122',2,2019,3,'00:09:00','00:11:00','B.B03','ADL-B','ADL'),('6122',3,2019,5,'00:09:00','00:11:00','A.204','ADL-A','ADL'),('6124',1,2019,3,'00:09:00','00:11:00','A.204','ADL-A','ADL'),('6124',1,2019,5,'00:09:00','00:11:00','A.103','ADL-A','ADL'),('6124',3,2019,5,'00:11:30','00:13:30','A.113','ADL-A','ADL'),('6125',1,2019,1,'00:09:00','00:11:00','Z.111','ADL-Z','ADL'),('6126',4,2019,1,'00:11:30','00:13:30','A.204','ADL-A','ADL'),('6127',3,2019,1,'00:11:30','00:13:30','A.210','ADL-A','ADL'),('6128',4,2019,2,'00:11:30','00:13:30','A.105','ADL-A','ADL'),('6128',4,2019,3,'00:09:00','00:11:00','A.105','ADL-A','ADL'),('6130',4,2019,2,'00:11:30','00:13:30','A.105','ADL-A','ADL'),('6130',4,2019,3,'00:09:00','00:11:00','A.105','ADL-A','ADL'),('6130',2,2019,3,'00:11:30','00:13:30','B.B04','ADL-B','ADL'),('6131',4,2019,2,'00:11:30','00:13:30','A.105','ADL-A','ADL'),('6131',4,2019,3,'00:09:00','00:11:00','A.105','ADL-A','ADL'),('6132',3,2019,1,'00:09:00','00:11:00','A.103','ADL-A','ADL'),('6133',4,2019,5,'00:09:00','00:11:00','A.105','ADL-A','ADL'),('6134',1,2019,1,'00:09:00','00:11:00','Z.111','ADL-Z','ADL'),('6134',4,2019,5,'00:09:00','00:11:00','A.210','ADL-A','ADL'),('6135',3,2019,1,'00:11:30','00:13:30','A.106','ADL-A','ADL'),('6135',2,2019,3,'00:09:00','00:11:00','A.204','ADL-A','ADL'),('6135',2,2019,5,'00:14:00','00:16:00','A.204','ADL-A','ADL'),('6136',2,2019,3,'00:09:00','00:11:00','A.103','ADL-A','ADL'),('6137',3,2019,4,'00:11:30','00:13:30','A.203','ADL-A','ADL'),('6138',3,2019,1,'00:09:00','00:11:00','A.105','ADL-A','ADL'),('6138',3,2019,4,'00:14:00','00:16:00','A.105','ADL-A','ADL'),('6139',3,2019,1,'00:09:00','00:11:00','A.105','ADL-A','ADL'),('6139',3,2019,4,'00:14:00','00:16:00','A.105','ADL-A','ADL'),('6140',4,2019,2,'00:14:00','00:16:00','A.105','ADL-A','ADL'),('6140',4,2019,4,'00:09:00','00:11:00','A.105','ADL-A','ADL'),('6141',4,2019,2,'00:14:00','00:16:00','A.105','ADL-A','ADL'),('6141',4,2019,4,'00:09:00','00:11:00','A.105','ADL-A','ADL'),('6142',2,2019,3,'00:11:30','00:13:30','A.103','ADL-A','ADL'),('6143',3,2019,2,'00:09:00','00:11:00','A.112','ADL-A','ADL'),('6144',2,2019,3,'00:09:00','00:11:00','A.204','ADL-A','ADL'),('6144',2,2019,5,'00:14:00','00:16:00','A.204','ADL-A','ADL'),('6145',4,2019,6,'00:00:00','00:00:00','NA','ADL-N','ADL'),('6147',3,2019,2,'00:09:00','00:11:00','A.105','ADL-A','ADL'),('6147',3,2019,3,'00:11:30','00:13:30','A.105','ADL-A','ADL'),('6148',2,2019,3,'00:14:00','00:16:00','A.103','ADL-A','ADL'),('6149',3,2019,2,'00:09:00','00:11:00','A.105','ADL-A','ADL'),('6149',3,2019,3,'00:11:30','00:13:30','A.105','ADL-A','ADL'),('6150',4,2019,3,'00:11:30','00:13:30','A.105','ADL-A','ADL'),('6150',4,2019,4,'00:11:30','00:13:30','A.105','ADL-A','ADL'),('6151',4,2019,3,'00:11:30','00:13:30','A.105','ADL-A','ADL'),('6151',1,2019,4,'00:09:00','00:11:00','B.B03','ADL-B','ADL'),('6151',4,2019,4,'00:11:30','00:13:30','A.105','ADL-A','ADL'),('6153',3,2019,4,'00:14:00','00:16:00','A.204','ADL-A','ADL'),('6153',3,2019,5,'00:09:00','00:11:00','A.105','ADL-A','ADL'),('6154',3,2019,4,'00:18:30','00:20:30','A.103','ADL-A','ADL'),('6155',2,2019,3,'00:09:00','00:11:00','A.112','ADL-A','ADL'),('6156',3,2019,4,'00:18:30','00:20:30','A.103','ADL-A','ADL'),('6157',3,2019,3,'00:18:30','00:20:30','A.204','ADL-A','ADL'),('6159',3,2019,4,'00:18:30','00:20:30','A.103','ADL-A','ADL'),('6160',3,2019,4,'00:18:30','00:20:30','A.103','ADL-A','ADL'),('6161',2,2019,3,'00:09:00','00:11:00','A.113','ADL-A','ADL'),('6161',3,2019,4,'00:18:30','00:20:30','A.103','ADL-A','ADL'),('6162',1,2019,4,'00:09:00','00:11:00','B.B03','ADL-B','ADL'),('6162',3,2019,4,'00:18:30','00:20:30','A.103','ADL-A','ADL'),('6164',3,2019,3,'00:18:30','00:20:30','A.204','ADL-A','ADL'),('6165',3,2019,3,'00:18:30','00:20:30','A.204','ADL-A','ADL'),('6166',2,2019,3,'00:14:00','00:16:00','A.113','ADL-A','ADL'),('6167',3,2019,3,'00:18:30','00:20:30','A.204','ADL-A','ADL'),('6168',3,2019,3,'00:18:30','00:20:30','A.204','ADL-A','ADL'),('6169',1,2019,4,'00:09:00','00:11:00','B.B03','ADL-B','ADL'),('6170',3,2019,3,'00:18:30','00:20:30','A.204','ADL-A','ADL'),('6172',2,2019,3,'00:14:00','00:16:00','A.106','ADL-A','ADL'),('6172',3,2019,3,'00:18:30','00:20:30','A.204','ADL-A','ADL'),('6174',1,2019,3,'00:16:30','00:18:30','B.B02','ADL-B','ADL'),('6174',3,2019,4,'00:18:30','00:20:30','A.103','ADL-A','ADL'),('6175',3,2019,4,'00:18:30','00:20:30','A.103','ADL-A','ADL'),('6178',3,2019,4,'00:18:30','00:20:30','A.103','ADL-A','ADL'),('6179',2,2019,4,'00:09:00','00:11:00','A.204','ADL-A','ADL'),('6179',3,2019,4,'00:18:30','00:20:30','A.103','ADL-A','ADL'),('6182',1,2019,1,'00:09:00','00:11:00','A.203','ADL-A','ADL'),('6182',1,2019,2,'00:11:30','00:13:30','A.203','ADL-A','ADL'),('6183',3,2019,4,'00:18:30','00:20:30','A.103','ADL-A','ADL'),('6186',2,2019,4,'00:14:00','00:16:00','A.204','ADL-A','ADL'),('6186',3,2019,6,'00:00:00','00:00:00','NA','ADL-N','ADL'),('6188',3,2019,6,'00:00:00','00:00:00','NA','ADL-N','ADL'),('6189',3,2019,6,'00:00:00','00:00:00','NA','ADL-N','ADL'),('6190',1,2019,1,'00:09:00','00:11:00','A.203','ADL-A','ADL'),('6190',1,2019,2,'00:11:30','00:13:30','A.203','ADL-A','ADL'),('6190',3,2019,6,'00:00:00','00:00:00','NA','ADL-N','ADL'),('6193',3,2019,3,'00:09:00','00:11:00','A.210','ADL-A','ADL'),('6193',2,2019,4,'00:14:00','00:16:00','A.105','ADL-A','ADL'),('6196',3,2019,4,'00:09:00','00:11:00','A.112','ADL-A','ADL'),('6198',3,2019,1,'00:11:30','00:13:30','B.B03','ADL-B','ADL'),('6199',2,2019,1,'00:14:00','00:16:00','A.103','ADL-A','ADL'),('6199',2,2019,2,'00:11:30','00:13:30','A.112','ADL-A','ADL'),('6201',2,2019,5,'00:14:00','00:16:00','A.203','ADL-A','ADL'),('6202',3,2019,4,'00:09:00','00:11:00','A.112','ADL-A','ADL'),('6204',3,2019,3,'00:11:30','00:13:30','A.112','ADL-A','ADL'),('6206',3,2019,3,'00:11:30','00:13:30','A.112','ADL-A','ADL'),('6206',2,2019,5,'00:09:00','00:11:00','A.218','ADL-A','ADL'),('6209',1,2019,2,'00:14:00','00:16:00','A.113','ADL-A','ADL'),('6210',3,2019,3,'00:11:30','00:13:30','A.112','ADL-A','ADL'),('6213',3,2019,1,'00:14:00','00:16:00','B.B02','ADL-B','ADL'),('6213',2,2019,5,'00:09:00','00:11:00','A.105','ADL-A','ADL'),('6215',3,2019,1,'00:14:00','00:16:00','B.B02','ADL-B','ADL'),('6218',2,2019,5,'00:11:30','00:13:30','A.105','ADL-A','ADL'),('6220',3,2019,1,'00:14:00','00:16:00','B.B02','ADL-B','ADL'),('6223',3,2019,1,'00:14:00','00:16:00','B.B02','ADL-B','ADL'),('6226',1,2019,4,'00:11:30','00:13:30','B.B04','ADL-B','ADL'),('6227',2,2019,5,'00:14:00','00:16:00','A.105','ADL-A','ADL'),('6229',3,2019,1,'00:11:30','00:13:30','B.B04','ADL-B','ADL'),('6232',3,2019,1,'00:11:30','00:13:30','B.B04','ADL-B','ADL'),('6232',2,2019,5,'00:09:00','00:11:00','A.113','ADL-A','ADL'),('6233',3,2019,3,'00:14:00','00:16:00','B.B03','ADL-B','ADL'),('6234',3,2019,3,'00:14:00','00:16:00','B.B03','ADL-B','ADL'),('6237',3,2019,2,'00:11:30','00:13:30','B.B03','ADL-B','ADL'),('6238',3,2019,2,'00:11:30','00:13:30','B.B03','ADL-B','ADL'),('6240',3,2019,2,'00:11:30','00:13:30','B.B03','ADL-B','ADL'),('6240',2,2019,5,'00:11:30','00:13:30','A.106','ADL-A','ADL'),('6241',1,2019,1,'00:09:00','00:11:00','Z.111','ADL-Z','ADL'),('6242',3,2019,4,'00:14:00','00:16:00','A.113','ADL-A','ADL'),('6243',3,2019,4,'00:14:00','00:16:00','A.113','ADL-A','ADL'),('6245',3,2019,4,'00:14:00','00:16:00','A.113','ADL-A','ADL'),('6246',3,2019,1,'00:16:30','00:18:30','B.B04','ADL-B','ADL'),('6247',1,2019,3,'00:09:00','00:11:00','A.112','ADL-A','ADL'),('6248',4,2019,1,'00:14:00','00:16:00','B.B02','ADL-B','ADL'),('6250',4,2019,6,'00:00:00','00:00:00','NA','ADL-N','ADL'),('6252',3,2019,1,'00:09:00','00:11:00','B.B02','ADL-B','ADL'),('6254',3,2019,3,'00:09:00','00:11:00','B.B03','ADL-B','ADL'),('6256',2,2019,2,'00:09:00','00:11:00','A.113','ADL-A','ADL'),('6256',2,2019,2,'00:11:30','00:13:30','A.113','ADL-A','ADL'),('6256',4,2019,3,'00:11:30','00:13:30','B.B04','ADL-B','ADL'),('6256',4,2019,5,'00:09:00','00:11:00','B.B04','ADL-B','ADL'),('6257',1,2019,1,'00:09:00','00:11:00','Z.111','ADL-Z','ADL'),('6258',3,2019,3,'00:11:30','00:13:30','A.106','ADL-A','ADL'),('6259',3,2019,2,'00:14:00','00:16:00','A.112','ADL-A','ADL'),('6261',3,2019,2,'00:14:00','00:16:00','A.112','ADL-A','ADL'),('6262',1,2019,1,'00:09:00','00:11:00','Z.111','ADL-Z','ADL'),('6263',2,2019,2,'00:09:00','00:11:00','A.113','ADL-A','ADL'),('6263',2,2019,2,'00:11:30','00:13:30','A.113','ADL-A','ADL'),('6264',3,2019,2,'00:14:00','00:16:00','A.112','ADL-A','ADL'),('6267',3,2019,5,'00:09:00','00:11:00','A.106','ADL-A','ADL'),('6269',1,2019,1,'00:09:00','00:11:00','Z.111','ADL-Z','ADL'),('6270',3,2019,5,'00:09:00','00:11:00','A.106','ADL-A','ADL'),('6271',3,2019,5,'00:09:00','00:11:00','A.106','ADL-A','ADL'),('6273',1,2019,3,'00:14:00','00:16:00','A.218','ADL-A','ADL'),('6273',1,2019,3,'00:16:30','00:18:30','A.218','ADL-A','ADL'),('6273',3,2019,5,'00:09:00','00:11:00','A.106','ADL-A','ADL'),('6274',1,2019,1,'00:09:00','00:11:00','Z.111','ADL-Z','ADL'),('6275',4,2019,3,'00:09:00','00:11:00','A.106','ADL-A','ADL'),('6277',3,2019,1,'00:16:00','00:18:00','B.B03','ADL-B','ADL'),('6279',3,2019,3,'00:09:00','00:11:00','B.B04','ADL-B','ADL'),('6282',3,2019,3,'00:09:00','00:11:00','B.B04','ADL-B','ADL'),('6283',1,2019,4,'00:14:00','00:16:00','B.B03','ADL-B','ADL'),('6284',3,2019,3,'00:14:00','00:16:00','B.B04','ADL-B','ADL'),('6284',1,2019,4,'00:11:30','00:13:30','A.105','ADL-A','ADL'),('6284',1,2019,5,'00:09:00','00:11:00','A.203','ADL-A','ADL'),('6285',3,2019,4,'00:09:00','00:11:00','B.B02','ADL-B','ADL'),('6286',3,2019,4,'00:09:00','00:11:00','B.B02','ADL-B','ADL'),('6287',3,2019,2,'00:09:00','00:11:00','B.B04','ADL-B','ADL'),('6288',1,2019,4,'00:14:00','00:16:00','B.B03','ADL-B','ADL'),('6289',3,2019,2,'00:09:00','00:11:00','B.B04','ADL-B','ADL'),('6291',3,2019,2,'00:14:00','00:16:00','B.B02','ADL-B','ADL'),('6292',3,2019,2,'00:09:00','00:11:00','B.B03','ADL-B','ADL'),('6293',2,2019,4,'00:14:00','00:16:00','B.B02','ADL-B','ADL'),('6294',3,2019,1,'00:09:00','00:11:00','B.B04','ADL-B','ADL'),('6296',3,2019,1,'00:14:00','00:16:00','B.B04','ADL-B','ADL'),('6297',1,2019,4,'00:16:30','00:18:30','B.B03','ADL-B','ADL'),('6298',3,2019,1,'00:14:00','00:16:00','B.B04','ADL-B','ADL'),('6300',3,2019,3,'00:14:00','00:16:00','A.111','ADL-A','ADL'),('6302',3,2019,1,'00:09:00','00:11:00','B.B03','ADL-B','ADL'),('6302',1,2019,5,'00:11:30','00:13:30','B.B04','ADL-B','ADL'),('6304',2,2019,4,'00:11:30','00:13:30','A.106','ADL-A','ADL'),('6305',3,2019,2,'00:16:30','00:18:30','B.B04','ADL-B','ADL'),('6307',3,2019,2,'00:16:30','00:18:30','B.B04','ADL-B','ADL'),('6308',1,2019,1,'00:11:30','00:13:30','A.218','ADL-A','ADL'),('6308',1,2019,4,'00:09:00','00:11:00','A.105','ADL-A','ADL'),('6308',3,2019,4,'00:11:30','00:13:30','B.B03','ADL-B','ADL'),('6309',3,2019,5,'00:14:00','00:16:00','B.B02','ADL-B','ADL'),('6311',3,2019,1,'00:11:30','00:13:30','A.112','ADL-A','ADL'),('6311',2,2019,3,'00:11:35','00:13:35','Z.111','ADL-Z','ADL'),('6317',4,2019,2,'00:09:00','00:11:00','A.105','ADL-A','ADL'),('6318',4,2019,1,'00:11:30','00:13:30','A.106','ADL-A','ADL'),('6318',1,2019,5,'00:14:00','00:16:00','B.B03','ADL-B','ADL'),('6319',1,2019,4,'00:11:30','00:13:30','A.203','ADL-A','ADL'),('6319',1,2019,5,'00:14:00','00:16:00','A.203','ADL-A','ADL'),('6320',4,2019,1,'00:11:30','00:13:30','A.106','ADL-A','ADL'),('6321',3,2019,4,'00:11:30','00:13:30','A.111','ADL-A','ADL'),('6323',3,2019,4,'00:11:30','00:13:30','A.111','ADL-A','ADL'),('6325',3,2019,1,'00:09:00','00:11:00','A.112','ADL-A','ADL'),('6327',3,2019,1,'00:09:00','00:11:00','A.112','ADL-A','ADL'),('6327',1,2019,1,'00:14:00','00:16:00','A.204','ADL-A','ADL'),('6329',3,2019,1,'00:09:00','00:11:00','A.112','ADL-A','ADL'),('6330',3,2019,1,'00:14:00','00:16:00','A.112','ADL-A','ADL'),('6330',1,2019,2,'00:14:00','00:16:00','A.204','ADL-A','ADL'),('6330',1,2019,4,'00:09:00','00:11:00','A.204','ADL-A','ADL'),('6331',3,2019,3,'00:16:30','00:18:30','A.111','ADL-A','ADL'),('6332',1,2019,2,'00:13:00','00:16:00','Z.111','ADL-Z','ADL'),('6332',1,2019,3,'00:09:00','00:12:00','Z.111','ADL-Z','ADL'),('6332',3,2019,3,'00:16:30','00:18:30','A.111','ADL-A','ADL'),('6334',1,2019,1,'00:09:00','00:11:00','Z.111','ADL-Z','ADL'),('6335',3,2019,3,'00:09:00','00:11:00','A.106','ADL-A','ADL'),('6336',3,2019,3,'00:09:00','00:11:00','A.106','ADL-A','ADL'),('6337',1,2019,3,'00:11:30','00:13:30','A.204','ADL-A','ADL'),('6337',3,2019,4,'00:09:00','00:11:00','B.B03','ADL-B','ADL'),('6337',1,2019,5,'00:09:00','00:11:00','A.204','ADL-A','ADL'),('6338',3,2019,4,'00:09:00','00:11:00','B.B03','ADL-B','ADL'),('6341',3,2019,4,'00:09:00','00:11:00','B.B03','ADL-B','ADL'),('6342',1,2019,2,'00:13:00','00:16:00','Z.111','ADL-Z','ADL'),('6342',1,2019,3,'00:09:00','00:12:00','Z.111','ADL-Z','ADL'),('6347',1,2019,2,'00:13:00','00:16:00','Z.111','ADL-Z','ADL'),('6347',1,2019,3,'00:09:00','00:12:00','Z.111','ADL-Z','ADL'),('6350',1,2019,5,'00:11:30','00:13:30','A.203','ADL-A','ADL'),('6351',2,2019,3,'00:11:30','00:13:30','B.B02','ADL-B','ADL'),('6351',2,2019,3,'00:14:00','00:16:00','B.B02','ADL-B','ADL'),('6360',2,2019,1,'00:11:30','00:13:30','A.204','ADL-A','ADL'),('6361',1,2019,2,'00:13:00','00:16:00','Z.111','ADL-Z','ADL'),('6361',1,2019,3,'00:09:00','00:12:00','Z.111','ADL-Z','ADL'),('6365',1,2019,1,'00:09:00','00:11:00','A.204','ADL-A','ADL'),('6365',1,2019,2,'00:16:30','00:18:30','A.204','ADL-A','ADL'),('6369',1,2019,1,'00:11:30','00:13:30','A.204','ADL-A','ADL'),('6377',1,2019,4,'00:11:30','00:13:30','A.204','ADL-A','ADL'),('6377',1,2019,4,'00:14:00','00:16:00','A.204','ADL-A','ADL'),('6379',2,2019,4,'00:14:00','00:16:00','A.218','ADL-A','ADL'),('6388',1,2019,1,'00:09:00','00:11:00','A.103','ADL-A','ADL'),('6400',1,2019,1,'00:11:30','00:13:30','A.106','ADL-A','ADL'),('6407',2,2019,2,'00:14:00','00:16:00','A.204','ADL-A','ADL'),('6407',2,2019,4,'00:11:30','00:13:30','A.204','ADL-A','ADL'),('6415',1,2019,1,'00:09:00','00:11:00','Z.111','ADL-Z','ADL'),('6422',1,2019,2,'00:09:00','00:11:00','A.105','ADL-A','ADL'),('6422',1,2019,3,'00:11:30','00:13:30','A.203','ADL-A','ADL'),('6424',1,2019,1,'00:09:00','00:11:00','Z.111','ADL-Z','ADL'),('6425',1,2019,5,'00:09:00','00:11:00','B.B02','ADL-B','ADL'),('6425',1,2019,5,'00:11:30','00:13:30','B.B03','ADL-B','ADL'),('6427',2,2019,5,'00:14:00','00:16:00','A.103','ADL-A','ADL'),('6433',1,2019,1,'00:09:00','00:11:00','Z.111','ADL-Z','ADL'),('6436',1,2019,2,'00:09:00','00:11:00','A.105','ADL-A','ADL'),('6436',1,2019,3,'00:11:30','00:13:30','A.203','ADL-A','ADL'),('6438',1,2019,1,'00:11:30','00:13:30','A.103','ADL-A','ADL'),('6438',1,2019,1,'00:14:00','00:16:00','A.103','ADL-A','ADL'),('6442',1,2019,1,'00:09:00','00:11:00','Z.111','ADL-Z','ADL'),('6449',1,2019,1,'00:11:30','00:13:30','A.103','ADL-A','ADL'),('6449',1,2019,1,'00:14:00','00:16:00','A.103','ADL-A','ADL'),('6450',2,2019,1,'00:09:00','00:11:00','A.105','ADL-A','ADL'),('6450',2,2019,4,'00:11:30','00:13:30','A.105','ADL-A','ADL'),('6452',1,2019,1,'00:09:00','00:11:00','Z.111','ADL-Z','ADL'),('6456',1,2019,5,'00:09:00','00:11:00','B.B03','ADL-B','ADL'),('6456',1,2019,5,'00:11:30','00:13:30','B.B02','ADL-B','ADL'),('6461',1,2019,1,'00:09:00','00:11:00','Z.111','ADL-Z','ADL'),('6463',1,2019,4,'00:11:30','00:13:30','A.218','ADL-A','ADL'),('6463',1,2019,4,'00:14:00','00:16:00','A.218','ADL-A','ADL'),('6466',1,2019,3,'00:09:00','00:12:00','Z.111','ADL-Z','ADL'),('6467',2,2019,1,'00:09:00','00:11:00','A.105','ADL-A','ADL'),('6467',2,2019,4,'00:11:30','00:13:30','A.105','ADL-A','ADL'),('6474',1,2019,1,'00:09:00','00:11:00','Z.111','ADL-Z','ADL'),('6477',1,2019,5,'00:11:30','00:13:30','A.105','ADL-A','ADL'),('6478',1,2019,3,'00:09:00','00:12:00','Z.111','ADL-Z','ADL'),('6482',1,2019,1,'00:09:00','00:11:00','Z.111','ADL-Z','ADL'),('6483',1,2019,4,'00:18:30','00:20:30','A.103','ADL-A','ADL'),('6487',2,2019,2,'00:11:30','00:13:30','A.203','ADL-A','ADL'),('6487',2,2019,5,'00:09:00','00:11:00','A.203','ADL-A','ADL'),('6491',1,2019,3,'00:09:00','00:12:00','Z.111','ADL-Z','ADL'),('6493',1,2019,1,'00:09:00','00:11:00','Z.111','ADL-Z','ADL'),('6494',1,2019,4,'00:18:30','00:20:30','A.103','ADL-A','ADL'),('6494',3,2019,6,'00:00:00','00:00:00','NA','ADL-N','ADL'),('6497',3,2019,6,'00:00:00','00:00:00','NA','ADL-N','ADL'),('6499',3,2019,6,'00:00:00','00:00:00','NA','ADL-N','ADL'),('6501',1,2019,1,'00:09:00','00:11:00','Z.111','ADL-Z','ADL'),('6502',1,2019,5,'00:14:00','00:16:00','B.B04','ADL-B','ADL'),('6502',3,2019,6,'00:00:00','00:00:00','NA','ADL-N','ADL'),('6503',1,2019,3,'00:09:00','00:12:00','Z.111','ADL-Z','ADL'),('6503',3,2019,6,'00:00:00','00:00:00','NA','ADL-N','ADL'),('6505',1,2019,4,'00:18:30','00:20:30','A.103','ADL-A','ADL'),('6508',3,2019,6,'00:00:00','00:00:00','NA','ADL-N','ADL'),('6510',1,2019,1,'00:09:00','00:11:00','Z.111','ADL-Z','ADL'),('6511',3,2019,6,'00:00:00','00:00:00','NA','ADL-N','ADL'),('6513',2,2019,3,'00:09:00','00:11:00','Z.111','ADL-Z','ADL'),('6513',2,2019,4,'00:09:00','00:11:00','A.113','ADL-A','ADL'),('6513',3,2019,6,'00:00:00','00:00:00','NA','ADL-N','ADL'),('6515',1,2019,4,'00:18:30','00:20:30','A.103','ADL-A','ADL'),('6516',1,2019,3,'00:09:00','00:12:00','Z.111','ADL-Z','ADL'),('6518',4,2019,6,'00:00:00','00:00:00','NA','ADL-N','ADL'),('6520',1,2019,1,'00:09:00','00:11:00','Z.111','ADL-Z','ADL'),('6521',1,2019,4,'00:14:00','00:16:00','B.B04','ADL-B','ADL'),('6522',3,2019,6,'00:00:00','00:00:00','NA','ADL-N','ADL'),('6523',3,2019,6,'00:00:00','00:00:00','NA','ADL-N','ADL'),('6525',1,2019,4,'00:18:30','00:20:30','A.103','ADL-A','ADL'),('6525',3,2019,6,'00:00:00','00:00:00','NA','ADL-N','ADL'),('6528',1,2019,3,'00:09:00','00:12:00','Z.111','ADL-Z','ADL'),('6528',3,2019,6,'00:00:00','00:00:00','NA','ADL-N','ADL'),('6529',2,2019,4,'00:14:00','00:16:00','A.203','ADL-A','ADL'),('6530',3,2019,6,'00:00:00','00:00:00','NA','ADL-N','ADL'),('6531',1,2019,1,'00:09:00','00:11:00','Z.111','ADL-Z','ADL'),('6531',3,2019,6,'00:00:00','00:00:00','NA','ADL-N','ADL'),('6533',3,2019,6,'00:00:00','00:00:00','NA','ADL-N','ADL'),('6536',3,2019,6,'00:00:00','00:00:00','NA','ADL-N','ADL'),('6537',1,2019,4,'00:18:30','00:20:30','A.103','ADL-A','ADL'),('6537',3,2019,6,'00:00:00','00:00:00','NA','ADL-N','ADL'),('6540',1,2019,2,'00:11:30','00:13:30','A.105','ADL-A','ADL'),('6540',1,2019,2,'00:14:00','00:16:00','A.105','ADL-A','ADL'),('6540',3,2019,6,'00:00:00','00:00:00','NA','ADL-N','ADL'),('6541',1,2019,1,'00:09:00','00:11:00','Z.111','ADL-Z','ADL'),('6543',3,2019,6,'00:00:00','00:00:00','NA','ADL-N','ADL'),('6544',1,2019,1,'00:11:30','00:13:30','A.113','ADL-A','ADL'),('6545',3,2019,6,'00:00:00','00:00:00','NA','ADL-N','ADL'),('6548',1,2019,3,'00:18:30','00:20:30','A.204','ADL-A','ADL'),('6548',3,2019,6,'00:00:00','00:00:00','NA','ADL-N','ADL'),('6549',3,2019,6,'00:00:00','00:00:00','NA','ADL-N','ADL'),('6551',1,2019,1,'00:09:00','00:11:00','Z.111','ADL-Z','ADL'),('6551',3,2019,6,'00:00:00','00:00:00','NA','ADL-N','ADL'),('6554',2,2019,1,'00:09:00','00:11:00','A.203','ADL-A','ADL'),('6554',2,2019,3,'00:11:30','00:13:30','A.203','ADL-A','ADL'),('6554',3,2019,6,'00:00:00','00:00:00','NA','ADL-N','ADL'),('6555',1,2019,1,'00:11:30','00:13:30','A.113','ADL-A','ADL'),('6556',3,2019,6,'00:00:00','00:00:00','NA','ADL-N','ADL'),('6559',3,2019,6,'00:00:00','00:00:00','NA','ADL-N','ADL'),('6560',1,2019,1,'00:09:00','00:11:00','Z.111','ADL-Z','ADL'),('6560',3,2019,6,'00:00:00','00:00:00','NA','ADL-N','ADL'),('6561',1,2019,3,'00:18:30','00:20:30','A.204','ADL-A','ADL'),('6563',3,2019,6,'00:00:00','00:00:00','NA','ADL-N','ADL'),('6564',3,2019,6,'00:00:00','00:00:00','NA','ADL-N','ADL'),('6566',3,2019,6,'00:00:00','00:00:00','NA','ADL-N','ADL'),('6567',1,2019,1,'00:11:30','00:13:30','A.113','ADL-A','ADL'),('6568',3,2019,6,'00:00:00','00:00:00','NA','ADL-N','ADL'),('6569',1,2019,1,'00:09:00','00:11:00','Z.111','ADL-Z','ADL'),('6570',2,2019,2,'00:09:00','00:11:00','A.203','ADL-A','ADL'),('6570',2,2019,4,'00:11:30','00:13:30','A.203','ADL-A','ADL'),('6570',3,2019,6,'00:00:00','00:00:00','NA','ADL-N','ADL'),('6573',3,2019,6,'00:00:00','00:00:00','NA','ADL-N','ADL'),('6574',1,2019,3,'00:18:30','00:20:30','A.204','ADL-A','ADL'),('6575',3,2019,6,'00:00:00','00:00:00','NA','ADL-N','ADL'),('6577',3,2019,6,'00:00:00','00:00:00','NA','ADL-N','ADL'),('6579',1,2019,1,'00:09:00','00:11:00','Z.111','ADL-Z','ADL'),('6579',3,2019,6,'00:00:00','00:00:00','NA','ADL-N','ADL'),('6580',3,2019,6,'00:00:00','00:00:00','NA','ADL-N','ADL'),('6582',1,2019,1,'00:09:00','00:11:00','Z.111','ADL-Z','ADL'),('6584',1,2019,3,'00:18:30','00:20:30','A.204','ADL-A','ADL'),('6584',3,2019,6,'00:00:00','00:00:00','NA','ADL-N','ADL'),('6585',1,2019,4,'00:14:00','00:16:00','A.210','ADL-A','ADL'),('6585',3,2019,6,'00:00:00','00:00:00','NA','ADL-N','ADL'),('6587',3,2019,6,'00:00:00','00:00:00','NA','ADL-N','ADL'),('6588',3,2019,6,'00:00:00','00:00:00','NA','ADL-N','ADL'),('6589',1,2019,1,'00:09:00','00:11:00','Z.111','ADL-Z','ADL'),('6590',3,2019,6,'00:00:00','00:00:00','NA','ADL-N','ADL'),('6592',1,2019,1,'00:09:00','00:11:00','Z.111','ADL-Z','ADL'),('6592',3,2019,6,'00:00:00','00:00:00','NA','ADL-N','ADL'),('6593',3,2019,6,'00:00:00','00:00:00','NA','ADL-N','ADL'),('6594',3,2019,6,'00:00:00','00:00:00','NA','ADL-N','ADL'),('6596',1,2019,4,'00:18:30','00:20:30','A.103','ADL-A','ADL'),('6597',3,2019,6,'00:00:00','00:00:00','NA','ADL-N','ADL'),('6598',3,2019,6,'00:00:00','00:00:00','NA','ADL-N','ADL'),('6599',3,2019,6,'00:00:00','00:00:00','NA','ADL-N','ADL'),('6600',3,2019,6,'00:00:00','00:00:00','NA','ADL-N','ADL'),('6601',1,2019,1,'00:09:00','00:11:00','Z.111','ADL-Z','ADL'),('6601',3,2019,6,'00:00:00','00:00:00','NA','ADL-N','ADL'),('6602',2,2019,4,'00:11:30','00:13:30','A.218','ADL-A','ADL'),('6604',3,2019,6,'00:00:00','00:00:00','NA','ADL-N','ADL'),('6605',3,2019,6,'00:00:00','00:00:00','NA','ADL-N','ADL'),('6606',3,2019,6,'00:00:00','00:00:00','NA','ADL-N','ADL'),('6607',1,2019,3,'00:18:30','00:20:30','A.204','ADL-A','ADL'),('6607',3,2019,6,'00:00:00','00:00:00','NA','ADL-N','ADL'),('6608',3,2019,6,'00:00:00','00:00:00','NA','ADL-N','ADL'),('6609',3,2019,6,'00:00:00','00:00:00','NA','ADL-N','ADL'),('6610',1,2019,1,'00:09:00','00:11:00','Z.111','ADL-Z','ADL'),('6610',3,2019,6,'00:00:00','00:00:00','NA','ADL-N','ADL'),('6611',3,2019,6,'00:00:00','00:00:00','NA','ADL-N','ADL'),('6613',3,2019,6,'00:00:00','00:00:00','NA','ADL-N','ADL'),('6614',3,2019,6,'00:00:00','00:00:00','NA','ADL-N','ADL'),('6615',3,2019,6,'00:00:00','00:00:00','NA','ADL-N','ADL'),('6617',3,2019,6,'00:00:00','00:00:00','NA','ADL-N','ADL'),('6618',3,2019,6,'00:00:00','00:00:00','NA','ADL-N','ADL'),('6619',3,2019,6,'00:00:00','00:00:00','NA','ADL-N','ADL'),('6620',3,2019,6,'00:00:00','00:00:00','NA','ADL-N','ADL'),('6621',1,2019,1,'00:09:00','00:11:00','Z.111','ADL-Z','ADL'),('6621',3,2019,6,'00:00:00','00:00:00','NA','ADL-N','ADL'),('6622',3,2019,6,'00:00:00','00:00:00','NA','ADL-N','ADL'),('6623',3,2019,6,'00:00:00','00:00:00','NA','ADL-N','ADL'),('6624',3,2019,6,'00:00:00','00:00:00','NA','ADL-N','ADL'),('6625',1,2019,3,'00:18:30','00:20:30','A.204','ADL-A','ADL'),('6625',3,2019,6,'00:00:00','00:00:00','NA','ADL-N','ADL'),('6627',3,2019,6,'00:00:00','00:00:00','NA','ADL-N','ADL'),('6628',3,2019,6,'00:00:00','00:00:00','NA','ADL-N','ADL'),('6629',3,2019,6,'00:00:00','00:00:00','NA','ADL-N','ADL'),('6630',3,2019,6,'00:00:00','00:00:00','NA','ADL-N','ADL'),('6631',1,2019,1,'00:09:00','00:11:00','Z.111','ADL-Z','ADL'),('6631',3,2019,6,'00:00:00','00:00:00','NA','ADL-N','ADL'),('6632',3,2019,6,'00:00:00','00:00:00','NA','ADL-N','ADL'),('6633',2,2019,3,'00:14:00','00:16:00','A.203','ADL-A','ADL'),('6633',2,2019,5,'00:11:30','00:13:30','A.203','ADL-A','ADL'),('6633',3,2019,6,'00:00:00','00:00:00','NA','ADL-N','ADL'),('6634',3,2019,6,'00:00:00','00:00:00','NA','ADL-N','ADL'),('6635',3,2019,6,'00:00:00','00:00:00','NA','ADL-N','ADL'),('6636',1,2019,3,'00:18:30','00:20:30','A.204','ADL-A','ADL'),('6636',3,2019,6,'00:00:00','00:00:00','NA','ADL-N','ADL'),('6637',3,2019,6,'00:00:00','00:00:00','NA','ADL-N','ADL'),('6638',3,2019,6,'00:00:00','00:00:00','NA','ADL-N','ADL'),('6639',3,2019,6,'00:00:00','00:00:00','NA','ADL-N','ADL'),('6640',3,2019,6,'00:00:00','00:00:00','NA','ADL-N','ADL'),('6641',1,2019,1,'00:09:00','00:11:00','Z.111','ADL-Z','ADL'),('6641',3,2019,6,'00:00:00','00:00:00','NA','ADL-N','ADL'),('6642',3,2019,6,'00:00:00','00:00:00','NA','ADL-N','ADL'),('6643',3,2019,6,'00:00:00','00:00:00','NA','ADL-N','ADL'),('6644',4,2019,6,'00:00:00','00:00:00','NA','ADL-N','ADL'),('6646',4,2019,6,'00:00:00','00:00:00','NA','ADL-N','ADL'),('6647',4,2019,6,'00:00:00','00:00:00','NA','ADL-N','ADL'),('6648',4,2019,6,'00:00:00','00:00:00','NA','ADL-N','ADL'),('6649',2,2019,4,'00:11:30','00:13:30','A.218','ADL-A','ADL'),('6649',4,2019,6,'00:00:00','00:00:00','NA','ADL-N','ADL'),('6650',4,2019,6,'00:00:00','00:00:00','NA','ADL-N','ADL'),('6651',1,2019,3,'00:18:30','00:20:30','A.204','ADL-A','ADL'),('6651',4,2019,6,'00:00:00','00:00:00','NA','ADL-N','ADL'),('6652',4,2019,6,'00:00:00','00:00:00','NA','ADL-N','ADL'),('6653',4,2019,6,'00:00:00','00:00:00','NA','ADL-N','ADL'),('6654',4,2019,6,'00:00:00','00:00:00','NA','ADL-N','ADL'),('6655',4,2019,6,'00:00:00','00:00:00','NA','ADL-N','ADL'),('6656',4,2019,6,'00:00:00','00:00:00','NA','ADL-N','ADL'),('6657',4,2019,6,'00:00:00','00:00:00','NA','ADL-N','ADL'),('6658',4,2019,6,'00:00:00','00:00:00','NA','ADL-N','ADL'),('6659',4,2019,6,'00:00:00','00:00:00','NA','ADL-N','ADL'),('6660',4,2019,6,'00:00:00','00:00:00','NA','ADL-N','ADL'),('6661',4,2019,6,'00:00:00','00:00:00','NA','ADL-N','ADL'),('6662',2,2019,3,'00:14:00','00:16:00','A.203','ADL-A','ADL'),('6662',2,2019,5,'00:11:30','00:13:30','A.203','ADL-A','ADL'),('6662',3,2019,6,'00:00:00','00:00:00','NA','ADL-N','ADL'),('6663',1,2019,3,'00:18:30','00:20:30','A.204','ADL-A','ADL'),('6663',4,2019,6,'00:00:00','00:00:00','NA','ADL-N','ADL'),('6664',1,2019,1,'00:09:00','00:11:00','Z.111','ADL-Z','ADL'),('6664',4,2019,6,'00:00:00','00:00:00','NA','ADL-N','ADL'),('6670',1,2019,1,'00:09:00','00:11:00','Z.111','ADL-Z','ADL'),('6671',1,2019,1,'00:09:00','00:11:00','A.106','ADL-A','ADL'),('6675',1,2019,3,'00:18:30','00:20:30','A.204','ADL-A','ADL'),('6681',1,2019,1,'00:14:00','00:16:00','A.105','ADL-A','ADL'),('6685',2,2019,4,'00:11:30','00:13:30','A.218','ADL-A','ADL'),('6686',1,2019,4,'00:18:30','00:20:30','A.103','ADL-A','ADL'),('6689',1,2019,2,'00:13:00','00:16:00','Z.111','ADL-Z','ADL'),('6689',1,2019,3,'00:09:00','00:12:00','Z.111','ADL-Z','ADL'),('6690',1,2019,1,'00:09:00','00:11:00','Z.111','ADL-Z','ADL'),('6691',1,2019,4,'00:09:00','00:11:00','A.106','ADL-A','ADL'),('6695',1,2019,4,'00:18:30','00:20:30','A.103','ADL-A','ADL'),('6696',2,2019,3,'00:14:00','00:16:00','A.203','ADL-A','ADL'),('6696',2,2019,5,'00:11:30','00:13:30','A.203','ADL-A','ADL'),('6699',1,2019,1,'00:09:00','00:11:00','Z.111','ADL-Z','ADL'),('6704',1,2019,4,'00:14:00','00:16:00','A.106','ADL-A','ADL'),('6706',1,2019,4,'00:18:30','00:20:30','A.103','ADL-A','ADL'),('6710',1,2019,1,'00:09:00','00:11:00','Z.111','ADL-Z','ADL'),('6713',1,2019,4,'00:11:30','00:13:30','B.B02','ADL-B','ADL'),('6714',1,2019,2,'00:14:00','00:16:00','A.106','ADL-A','ADL'),('6716',1,2019,4,'00:18:30','00:20:30','A.103','ADL-A','ADL'),('6720',1,2019,1,'00:09:00','00:11:00','Z.111','ADL-Z','ADL'),('6722',1,2019,3,'00:14:00','00:16:00','A.112','ADL-A','ADL'),('6725',1,2019,4,'00:18:30','00:20:30','A.103','ADL-A','ADL'),('6734',1,2019,1,'00:09:00','00:11:00','Z.111','ADL-Z','ADL'),('6735',3,2019,3,'00:13:00','00:17:00','NA','ADL-N','ADL'),('6736',3,2019,3,'00:13:00','00:17:00','NA','ADL-N','ADL'),('6737',1,2019,1,'00:09:00','00:11:00','Z.111','ADL-Z','ADL'),('6737',3,2019,3,'00:13:00','00:17:00','NA','ADL-N','ADL'),('6738',3,2019,3,'00:13:00','00:17:00','NA','ADL-N','ADL'),('6739',3,2019,3,'00:13:00','00:17:00','NA','ADL-N','ADL'),('6740',3,2019,3,'00:13:00','00:17:00','NA','ADL-N','ADL'),('6742',1,2019,1,'00:09:00','00:11:00','Z.111','ADL-Z','ADL'),('6747',1,2019,2,'00:09:00','00:11:00','A.203','ADL-A','ADL'),('6751',1,2019,1,'00:09:00','00:11:00','Z.111','ADL-Z','ADL'),('6755',1,2019,4,'00:11:30','00:13:30','B.B02','ADL-B','ADL'),('6759',1,2019,1,'00:09:00','00:11:00','Z.111','ADL-Z','ADL'),('6762',1,2019,2,'00:09:00','00:11:00','A.103','ADL-A','ADL'),('6766',1,2019,4,'00:11:30','00:13:30','A.210','ADL-A','ADL'),('6770',2,2019,1,'00:09:00','00:11:00','A.218','ADL-A','ADL'),('6771',1,2019,2,'00:13:00','00:16:00','Z.111','ADL-Z','ADL'),('6775',1,2019,4,'00:09:00','00:11:00','A.112','ADL-A','ADL'),('6780',1,2019,3,'00:09:00','00:12:00','Z.111','ADL-Z','ADL'),('6785',1,2019,4,'00:09:00','00:11:00','A.112','ADL-A','ADL'),('6787',1,2019,3,'00:09:00','00:12:00','Z.111','ADL-Z','ADL'),('6789',2,2019,2,'00:11:30','00:13:30','A.218','ADL-A','ADL'),('6789',2,2019,5,'00:11:30','00:13:30','A.218','ADL-A','ADL'),('6794',1,2019,3,'00:11:30','00:13:30','A.112','ADL-A','ADL'),('6796',1,2019,2,'00:13:00','00:16:00','Z.111','ADL-Z','ADL'),('6796',1,2019,3,'00:09:00','00:12:00','Z.111','ADL-Z','ADL'),('6798',1,2019,1,'00:09:00','00:11:00','Z.111','ADL-Z','ADL'),('6804',1,2019,2,'00:11:30','00:13:30','A.218','ADL-A','ADL'),('6804',1,2019,5,'00:11:30','00:13:30','A.218','ADL-A','ADL'),('6806',1,2019,3,'00:11:30','00:13:30','A.112','ADL-A','ADL'),('6808',1,2019,2,'00:13:00','00:16:00','Z.111','ADL-Z','ADL'),('6808',1,2019,3,'00:09:00','00:12:00','Z.111','ADL-Z','ADL'),('6809',1,2019,1,'00:09:00','00:11:00','Z.111','ADL-Z','ADL'),('6815',1,2019,1,'00:09:00','00:11:00','Z.111','ADL-Z','ADL'),('6817',1,2019,3,'00:11:30','00:13:30','A.112','ADL-A','ADL'),('6819',2,2019,5,'00:14:00','00:16:00','A.106','ADL-A','ADL'),('6826',1,2019,1,'00:09:00','00:11:00','Z.111','ADL-Z','ADL'),('6827',1,2019,2,'00:11:30','00:13:30','A.218','ADL-A','ADL'),('6827',1,2019,5,'00:11:30','00:13:30','A.218','ADL-A','ADL'),('6829',1,2019,1,'00:14:00','00:16:00','B.B02','ADL-B','ADL'),('6834',1,2019,1,'00:09:00','00:11:00','Z.111','ADL-Z','ADL'),('6837',1,2019,1,'00:14:00','00:16:00','B.B02','ADL-B','ADL'),('6839',2,2019,1,'00:14:00','00:16:00','Z.111','ADL-Z','ADL'),('6839',2,2019,3,'00:11:30','00:13:30','Z.111','ADL-Z','ADL'),('6841',1,2019,1,'00:09:00','00:11:00','Z.111','ADL-Z','ADL'),('6846',1,2019,1,'00:14:00','00:16:00','B.B02','ADL-B','ADL'),('6848',1,2019,1,'00:09:00','00:11:00','Z.111','ADL-Z','ADL'),('6851',2,2019,1,'00:14:00','00:16:00','Z.111','ADL-Z','ADL'),('6851',2,2019,3,'00:11:30','00:13:30','Z.111','ADL-Z','ADL'),('6852',1,2019,3,'00:11:30','00:13:30','B.B04','ADL-B','ADL'),('6855',1,2019,1,'00:14:00','00:16:00','B.B02','ADL-B','ADL'),('6857',1,2019,1,'00:09:00','00:11:00','Z.111','ADL-Z','ADL'),('6860',1,2019,2,'00:11:30','00:13:30','A.218','ADL-A','ADL'),('6860',1,2019,5,'00:11:30','00:13:30','A.218','ADL-A','ADL'),('6864',1,2019,1,'00:11:30','00:13:30','B.B02','ADL-B','ADL'),('6867',1,2019,1,'00:09:00','00:11:00','Z.111','ADL-Z','ADL'),('6871',1,2019,1,'00:09:00','00:11:00','A.218','ADL-A','ADL'),('6871',1,2019,5,'00:09:00','00:11:00','A.218','ADL-A','ADL'),('6876',1,2019,1,'00:11:30','00:13:30','B.B02','ADL-B','ADL'),('6883',1,2019,1,'00:09:00','00:11:00','A.218','ADL-A','ADL'),('6883',1,2019,5,'00:09:00','00:11:00','A.218','ADL-A','ADL'),('6884',1,2019,3,'00:14:00','00:16:00','B.B03','ADL-B','ADL'),('6890',1,2019,1,'00:09:00','00:11:00','A.218','ADL-A','ADL'),('6890',1,2019,5,'00:09:00','00:11:00','A.218','ADL-A','ADL'),('6893',1,2019,3,'00:14:00','00:16:00','B.B03','ADL-B','ADL'),('6900',2,2019,1,'00:14:00','00:16:00','A.113','ADL-A','ADL'),('6902',1,2019,2,'00:11:30','00:13:30','B.B03','ADL-B','ADL'),('6907',1,2019,5,'00:11:30','00:13:30','A.103','ADL-A','ADL'),('6909',1,2019,2,'00:11:30','00:13:30','B.B03','ADL-B','ADL'),('6913',1,2019,2,'00:16:30','00:18:30','A.203','ADL-A','ADL'),('6916',1,2019,2,'00:11:30','00:13:30','B.B03','ADL-B','ADL'),('6919',1,2019,2,'00:14:00','00:16:00','A.203','ADL-A','ADL'),('6924',1,2019,4,'00:14:00','00:16:00','A.113','ADL-A','ADL'),('6927',1,2019,4,'00:09:00','00:11:00','B.B04','ADL-B','ADL'),('6931',1,2019,3,'00:11:30','00:13:30','A.218','ADL-A','ADL'),('6932',1,2019,4,'00:14:00','00:16:00','A.113','ADL-A','ADL'),('6939',1,2019,4,'00:14:00','00:16:00','A.113','ADL-A','ADL'),('6942',1,2019,3,'00:14:00','00:16:00','B.B02','ADL-B','ADL'),('6942',1,2019,5,'00:09:00','00:11:00','A.113','ADL-A','ADL'),('6944',2,2019,4,'00:14:00','00:16:00','A.112','ADL-A','ADL'),('6947',1,2019,5,'00:11:30','00:13:30','A.112','ADL-A','ADL'),('6950',1,2019,3,'00:14:00','00:16:00','B.B02','ADL-B','ADL'),('6950',1,2019,5,'00:09:00','00:11:00','A.113','ADL-A','ADL'),('6951',2,2019,1,'00:14:00','00:16:00','A.218','ADL-A','ADL'),('6951',2,2019,3,'00:11:30','00:13:30','A.218','ADL-A','ADL'),('6953',1,2019,5,'00:11:30','00:13:30','A.112','ADL-A','ADL'),('6961',1,2019,1,'00:16:30','00:18:30','B.B04','ADL-B','ADL'),('6965',1,2019,5,'00:16:00','00:18:00','A.105','ADL-A','ADL'),('6967',2,2019,1,'00:14:00','00:16:00','B.B02','ADL-B','ADL'),('6970',2,2019,1,'00:11:30','00:13:30','A.218','ADL-A','ADL'),('6970',2,2019,4,'00:09:00','00:11:00','A.218','ADL-A','ADL'),('6972',1,2019,5,'00:09:00','00:11:00','B.B04','ADL-B','ADL'),('6975',2,2019,1,'00:09:00','00:11:00','Z.111','ADL-Z','ADL'),('6979',1,2019,4,'00:11:30','00:13:30','A.106','ADL-A','ADL'),('6980',1,2019,1,'00:11:30','00:13:30','A.218','ADL-A','ADL'),('6980',1,2019,4,'00:09:00','00:11:00','A.218','ADL-A','ADL'),('6982',1,2019,1,'00:09:00','00:11:00','B.B02','ADL-B','ADL'),('6988',1,2019,1,'00:11:30','00:13:30','A.111','ADL-A','ADL'),('6989',2,2019,4,'00:14:00','00:16:00','A.112','ADL-A','ADL'),('6990',1,2019,3,'00:09:00','00:11:00','B.B03','ADL-B','ADL'),('6997',2,2019,1,'00:11:30','00:13:30','B.B04','ADL-B','ADL'),('6997',2,2019,5,'00:09:00','00:11:00','B.B04','ADL-B','ADL'),('6999',1,2019,1,'00:11:30','00:13:30','A.111','ADL-A','ADL'),('7000',1,2019,1,'00:11:30','00:13:30','A.218','ADL-A','ADL'),('7000',1,2019,4,'00:09:00','00:11:00','A.218','ADL-A','ADL'),('7006',2,2019,3,'00:09:00','00:11:00','A.111','ADL-A','ADL'),('7009',1,2019,3,'00:11:30','00:13:30','A.106','ADL-A','ADL'),('7015',2,2019,3,'00:09:00','00:11:00','A.111','ADL-A','ADL'),('7016',1,2019,2,'00:14:00','00:16:00','A.112','ADL-A','ADL'),('7018',2,2019,4,'00:14:00','00:16:00','A.112','ADL-A','ADL'),('7021',1,2019,4,'00:09:00','00:11:00','A.113','ADL-A','ADL'),('7023',1,2019,2,'00:14:00','00:16:00','A.112','ADL-A','ADL'),('7024',1,2019,3,'00:09:00','00:11:00','A.113','ADL-A','ADL'),('7028',1,2019,4,'00:09:00','00:11:00','A.113','ADL-A','ADL'),('7029',1,2019,1,'00:11:30','00:13:30','A.218','ADL-A','ADL'),('7029',1,2019,4,'00:09:00','00:11:00','A.218','ADL-A','ADL'),('7030',1,2019,2,'00:14:00','00:16:00','A.112','ADL-A','ADL'),('7033',1,2019,4,'00:09:00','00:11:00','A.113','ADL-A','ADL'),('7035',1,2019,2,'00:11:30','00:13:30','A.113','ADL-A','ADL'),('7037',1,2019,5,'00:11:30','00:13:30','A.106','ADL-A','ADL'),('7038',1,2019,4,'00:09:00','00:11:00','A.113','ADL-A','ADL'),('7039',1,2019,2,'00:11:30','00:13:30','A.113','ADL-A','ADL'),('7043',1,2019,5,'00:11:30','00:13:30','A.106','ADL-A','ADL'),('7044',2,2019,4,'00:09:00','00:11:00','A.112','ADL-A','ADL'),('7045',1,2019,2,'00:11:30','00:13:30','A.113','ADL-A','ADL'),('7048',1,2019,5,'00:11:30','00:13:30','A.106','ADL-A','ADL'),('7049',1,2019,4,'00:11:30','00:13:30','A.106','ADL-A','ADL'),('7050',1,2019,2,'00:11:30','00:13:30','A.113','ADL-A','ADL'),('7053',1,2019,5,'00:11:30','00:13:30','A.106','ADL-A','ADL'),('7055',1,2019,2,'00:11:30','00:13:30','A.111','ADL-A','ADL'),('7058',2,2019,4,'00:11:30','00:13:30','B.B02','ADL-B','ADL'),('7059',2,2019,3,'00:09:00','00:11:00','A.106','ADL-A','ADL'),('7062',1,2019,1,'00:09:00','00:11:00','A.111','ADL-A','ADL'),('7063',1,2019,2,'00:09:00','00:11:00','B.B04','ADL-B','ADL'),('7065',1,2019,1,'00:16:00','00:18:00','B.B03','ADL-B','ADL'),('7066',1,2019,1,'00:09:00','00:11:00','Z.111','ADL-Z','ADL'),('7067',1,2019,6,'00:09:00','00:11:00','Z.111','ADL-Z','ADL'),('7072',1,2019,1,'00:09:00','00:11:00','Z.111','ADL-Z','ADL'),('7073',1,2019,3,'00:09:00','00:11:00','B.B04','ADL-B','ADL'),('7076',1,2019,1,'00:09:00','00:11:00','Z.111','ADL-Z','ADL'),('7078',1,2019,1,'00:09:00','00:11:00','Z.111','ADL-Z','ADL'),('7079',1,2019,4,'00:09:00','00:11:00','A.103','ADL-A','ADL'),('7080',1,2019,3,'00:09:00','00:11:00','B.B04','ADL-B','ADL'),('7082',1,2019,6,'00:09:00','00:11:00','Z.111','ADL-Z','ADL'),('7084',2,2019,3,'00:11:30','00:13:30','A.103','ADL-A','ADL'),('7085',1,2019,1,'00:09:00','00:11:00','Z.111','ADL-Z','ADL'),('7087',1,2019,3,'00:14:00','00:16:00','B.B04','ADL-B','ADL'),('7092',1,2019,6,'00:09:00','00:11:00','Z.111','ADL-Z','ADL'),('7093',1,2019,1,'00:09:00','00:11:00','Z.111','ADL-Z','ADL'),('7094',1,2019,3,'00:14:00','00:16:00','A.106','ADL-A','ADL'),('7097',1,2019,4,'00:09:00','00:11:00','B.B02','ADL-B','ADL'),('7098',1,2019,1,'00:09:00','00:11:00','Z.111','ADL-Z','ADL'),('7100',1,2019,4,'00:14:00','00:16:00','A.111','ADL-A','ADL'),('7102',1,2019,6,'00:09:00','00:11:00','Z.111','ADL-Z','ADL'),('7103',1,2019,4,'00:09:00','00:11:00','B.B02','ADL-B','ADL'),('7104',2,2019,1,'00:09:00','00:11:00','Z.111','ADL-Z','ADL'),('7107',1,2019,4,'00:14:00','00:16:00','A.111','ADL-A','ADL'),('7109',2,2019,1,'00:09:00','00:11:00','Z.111','ADL-Z','ADL'),('7110',1,2019,2,'00:09:00','00:11:00','A.218','ADL-A','ADL'),('7112',1,2019,4,'00:11:30','00:13:30','A.103','ADL-A','ADL'),('7112',1,2019,5,'00:11:30','00:13:30','A.210','ADL-A','ADL'),('7114',1,2019,1,'00:09:00','00:11:00','Z.111','ADL-Z','ADL'),('7115',2,2019,1,'00:09:00','00:11:00','Z.111','ADL-Z','ADL'),('7117',1,2019,2,'00:09:00','00:11:00','A.218','ADL-A','ADL'),('7118',2,2019,1,'00:09:00','00:11:00','Z.111','ADL-Z','ADL'),('7119',1,2019,1,'00:09:00','00:11:00','Z.111','ADL-Z','ADL'),('7120',1,2019,1,'00:09:00','00:11:00','Z.111','ADL-Z','ADL'),('7124',2,2019,4,'00:11:30','00:13:30','A.103','ADL-A','ADL'),('7124',2,2019,5,'00:09:00','00:11:00','A.103','ADL-A','ADL'),('7126',1,2019,1,'00:09:00','00:11:00','Z.111','ADL-Z','ADL'),('7127',1,2019,2,'00:14:00','00:16:00','B.B02','ADL-B','ADL'),('7130',1,2019,1,'00:09:00','00:11:00','Z.111','ADL-Z','ADL'),('7132',1,2019,2,'00:09:00','00:11:00','B.B03','ADL-B','ADL'),('7133',2,2019,4,'00:11:30','00:13:30','A.103','ADL-A','ADL'),('7133',2,2019,5,'00:09:00','00:11:00','A.103','ADL-A','ADL'),('7135',1,2019,1,'00:09:00','00:11:00','Z.111','ADL-Z','ADL'),('7137',1,2019,1,'00:09:00','00:11:00','B.B04','ADL-B','ADL'),('7138',1,2019,1,'00:09:00','00:11:00','Z.111','ADL-Z','ADL'),('7140',1,2019,6,'00:09:00','00:11:00','Z.111','ADL-Z','ADL'),('7143',1,2019,1,'00:09:00','00:11:00','Z.111','ADL-Z','ADL'),('7145',1,2019,1,'00:14:00','00:16:00','B.B04','ADL-B','ADL'),('7146',1,2019,1,'00:09:00','00:11:00','Z.111','ADL-Z','ADL'),('7149',1,2019,6,'00:09:00','00:11:00','Z.111','ADL-Z','ADL'),('7151',1,2019,1,'00:14:00','00:16:00','B.B04','ADL-B','ADL'),('7152',1,2019,1,'00:09:00','00:11:00','Z.111','ADL-Z','ADL'),('7155',1,2019,3,'00:14:00','00:16:00','A.111','ADL-A','ADL'),('7156',1,2019,6,'00:09:00','00:11:00','Z.111','ADL-Z','ADL'),('7159',1,2019,1,'00:09:00','00:11:00','Z.111','ADL-Z','ADL'),('7161',1,2019,1,'00:09:00','00:11:00','B.B03','ADL-B','ADL'),('7163',1,2019,6,'00:09:00','00:11:00','Z.111','ADL-Z','ADL'),('7165',1,2019,1,'00:09:00','00:11:00','Z.111','ADL-Z','ADL'),('7168',1,2019,2,'00:16:30','00:18:30','B.B04','ADL-B','ADL'),('7169',1,2019,1,'00:09:00','00:11:00','Z.111','ADL-Z','ADL'),('7170',2,2019,4,'00:09:00','00:11:00','A.103','ADL-A','ADL'),('7174',1,2019,2,'00:16:30','00:18:30','B.B04','ADL-B','ADL'),('7178',1,2019,6,'00:09:00','00:11:00','Z.111','ADL-Z','ADL'),('7180',1,2019,4,'00:11:30','00:13:30','B.B03','ADL-B','ADL'),('7184',1,2019,6,'00:09:00','00:11:00','Z.111','ADL-Z','ADL'),('7187',1,2019,1,'00:11:30','00:13:30','A.112','ADL-A','ADL'),('7191',1,2019,3,'00:14:00','00:16:00','A.113','ADL-A','ADL'),('7192',1,2019,4,'00:14:00','00:16:00','A.103','ADL-A','ADL'),('7196',1,2019,2,'00:09:00','00:11:00','A.106','ADL-A','ADL'),('7197',2,2019,3,'00:09:00','00:11:00','B.B02','ADL-B','ADL'),('7201',1,2019,2,'00:09:00','00:11:00','A.106','ADL-A','ADL'),('7204',2,2019,4,'00:14:00','00:16:00','A.105','ADL-A','ADL'),('7204',2,2019,5,'00:14:00','00:16:00','A.105','ADL-A','ADL'),('7208',1,2019,2,'00:09:00','00:11:00','A.106','ADL-A','ADL'),('7210',2,2019,4,'00:14:00','00:16:00','A.105','ADL-A','ADL'),('7210',2,2019,5,'00:14:00','00:16:00','A.105','ADL-A','ADL'),('7213',1,2019,2,'00:09:00','00:11:00','A.106','ADL-A','ADL'),('7216',2,2019,4,'00:14:00','00:16:00','A.105','ADL-A','ADL'),('7216',2,2019,5,'00:14:00','00:16:00','A.105','ADL-A','ADL'),('7223',1,2019,1,'00:14:00','00:16:00','B.B03','ADL-B','ADL'),('7233',2,2019,1,'00:09:00','00:11:00','Z.111','ADL-Z','ADL'),('7236',2,2019,1,'00:09:00','00:11:00','Z.111','ADL-Z','ADL'),('7238',2,2019,1,'00:09:00','00:11:00','Z.111','ADL-Z','ADL'),('7241',2,2019,6,'00:09:00','00:11:00','Z.111','ADL-Z','ADL'),('7244',2,2019,6,'00:09:00','00:11:00','Z.111','ADL-Z','ADL'),('7247',2,2019,1,'00:09:00','00:11:00','Z.111','ADL-Z','ADL'),('7250',2,2019,1,'00:09:00','00:11:00','Z.111','ADL-Z','ADL'),('7252',2,2019,1,'00:09:00','00:11:00','Z.111','ADL-Z','ADL'),('7255',2,2019,1,'00:09:00','00:11:00','Z.111','ADL-Z','ADL'),('7258',2,2019,1,'00:09:00','00:11:00','Z.111','ADL-Z','ADL'),('7261',2,2019,1,'00:09:00','00:11:00','Z.111','ADL-Z','ADL'),('7264',2,2019,1,'00:09:00','00:11:00','Z.111','ADL-Z','ADL'),('7265',2,2019,1,'00:09:00','00:11:00','Z.111','ADL-Z','ADL'),('7268',2,2019,1,'00:09:00','00:11:00','Z.111','ADL-Z','ADL'),('7274',1,2019,1,'00:09:00','00:11:00','Z.111','ADL-Z','ADL'),('7277',2,2019,1,'00:09:00','00:11:00','Z.111','ADL-Z','ADL'),('7279',2,2019,1,'00:09:00','00:11:00','Z.111','ADL-Z','ADL'),('7497',1,2019,1,'00:09:00','00:11:00','Z.111','ADL-Z','ADL'),('7498',2,2019,1,'00:09:00','00:11:00','Z.111','ADL-Z','ADL'),('7584',2,2019,4,'00:14:00','00:16:00','A.203','ADL-A','ADL'),('7585',1,2019,1,'00:09:00','00:11:00','Z.111','ADL-Z','ADL'),('7587',1,2019,1,'00:09:00','00:11:00','Z.111','ADL-Z','ADL'),('7588',1,2019,1,'00:09:00','00:11:00','Z.111','ADL-Z','ADL');
/*!40000 ALTER TABLE `crn_session_timetable` ENABLE KEYS */;
UNLOCK TABLES;

--
-- Table structure for table `day_of_week`
--

DROP TABLE IF EXISTS `day_of_week`;
/*!40101 SET @saved_cs_client     = @@character_set_client */;
 SET character_set_client = utf8mb4 ;
CREATE TABLE `day_of_week` (
  `DayCode` int(1) NOT NULL,
  `DayShortName` char(3) NOT NULL,
  `DayLongName` varchar(9) NOT NULL,
  PRIMARY KEY (`DayCode`)
) ENGINE=InnoDB DEFAULT CHARSET=utf8mb4 COLLATE=utf8mb4_0900_ai_ci;
/*!40101 SET character_set_client = @saved_cs_client */;

--
-- Dumping data for table `day_of_week`
--

LOCK TABLES `day_of_week` WRITE;
/*!40000 ALTER TABLE `day_of_week` DISABLE KEYS */;
INSERT INTO `day_of_week` VALUES (1,'Mon','Monday'),(2,'Tue','Tuesday'),(3,'Wed','Wednesday'),(4,'Thu','Thursday'),(5,'Fri','Friday'),(6,'Sat','Saturday'),(7,'Sun','Sunday');
/*!40000 ALTER TABLE `day_of_week` ENABLE KEYS */;
UNLOCK TABLES;

--
-- Table structure for table `department`
--

DROP TABLE IF EXISTS `department`;
/*!40101 SET @saved_cs_client     = @@character_set_client */;
 SET character_set_client = utf8mb4 ;
CREATE TABLE `department` (
  `DepartmentCode` varchar(8) NOT NULL,
  `Department` varchar(64) NOT NULL,
  PRIMARY KEY (`DepartmentCode`)
) ENGINE=InnoDB DEFAULT CHARSET=utf8mb4 COLLATE=utf8mb4_0900_ai_ci;
/*!40101 SET character_set_client = @saved_cs_client */;

--
-- Dumping data for table `department`
--

LOCK TABLES `department` WRITE;
/*!40000 ALTER TABLE `department` DISABLE KEYS */;
INSERT INTO `department` VALUES ('KJ','Information Technology');
/*!40000 ALTER TABLE `department` ENABLE KEYS */;
UNLOCK TABLES;

--
-- Table structure for table `lecturer`
--

DROP TABLE IF EXISTS `lecturer`;
/*!40101 SET @saved_cs_client     = @@character_set_client */;
 SET character_set_client = utf8mb4 ;
CREATE TABLE `lecturer` (
  `LecturerID` char(9) NOT NULL,
  `GivenName` varchar(64) NOT NULL,
  `LastName` varchar(64) NOT NULL,
  `EmailAddress` varchar(64) NOT NULL,
  PRIMARY KEY (`LecturerID`)
) ENGINE=InnoDB DEFAULT CHARSET=utf8mb4 COLLATE=utf8mb4_0900_ai_ci;
/*!40101 SET character_set_client = @saved_cs_client */;

--
-- Dumping data for table `lecturer`
--

LOCK TABLES `lecturer` WRITE;
/*!40000 ALTER TABLE `lecturer` DISABLE KEYS */;
INSERT INTO `lecturer` VALUES ('000000000','Unknown','Unknown','Unknown.Unknown@tafesa.edu.au'),('000010546','Julie','Ruiz','Julie.Ruiz@tafesa.edu.au'),('000010581','Santi','Ruiz','Santi.Ruiz@tafesa.edu.au'),('000010849','Kwok','Lau','Kwok.Lau@tafesa.edu.au'),('000010901','Nadil','Sundarapperuma','Nadil.Sundarapperuma@tafesa.edu.au'),('000011123','Danny','Sarris','Danny.Sarris@tafesa.edu.au'),('000011327','Stuart','Clement','Stuart.Clement@tafesa.edu.au'),('000011349','Vicki','Thomas','Vicki.Thomas@tafesa.edu.au'),('000011369','Kym','Bond','Kym.Bond@tafesa.edu.au'),('000011942','Paul','Kasperski','Paul.Kasperski@tafesa.edu.au'),('000012085','Glenn','McCallum','Glenn.McCallum@tafesa.edu.au'),('000012109','Prem','Paelchen','Prem.Paelchen@tafesa.edu.au'),('000012439','Alex','Worrall','alexander.worrall@tafesa.edu.au'),('000012517','Greg','Lynch','Greg.Lynch@tafesa.edu.au'),('000012763','Deb','Farrell','Deb.Farrell@tafesa.edu.au'),('000012974','Stuart','McIntyre','Stuart.McIntyre@tafesa.edu.au'),('000013015','James','Corbett','James.Corbett@tafesa.edu.au'),('000013047','Alex ','Zhao','Alex .Zhao@tafesa.edu.au'),('000013125','Paul','Burke','Paul.Burke@tafesa.edu.au'),('000013221','Karina','Miegel','Karina.Miegel@tafesa.edu.au'),('000013268','Trevor','Learey','Trevor.Learey@tafesa.edu.au'),('000013289','Russell','James','Russell.James@tafesa.edu.au'),('000013311','Heath','Barratt','Heath.Barratt@tafesa.edu.au'),('000013490','Stephen','Hindle','Stephen.Hindle@tafesa.edu.au'),('000013514','Dale','Van Heer','Dale.Van Heer@tafesa.edu.au'),('000013540','Jason','Butler','Jason.Butler@tafesa.edu.au'),('000013605','Karyn','Beyne','Karyn.Beyne@tafesa.edu.au'),('000013632','Ruslan','Sagirov','Ruslan.Sagirov@tafesa.edu.au'),('000017445','Roberto','Cevallos','Roberto.Cevallos@tafesa.edu.au'),('000276592','Craig','Moody','Craig.Moody@tafesa.edu.au'),('000320151','Daryn','Piltz','Daryn.Piltz@tafesa.edu.au'),('000857816','Jacquelin','Brooks','Jackie.Brooks@tafesa.edu.au'),('000928152','Michelle','Minkoff','Michelle.Minkoff@tafesa.edu.au'),('000944814','Melissa','Huikeshoven','Melissa.Huikeshoven@tafesa.edu.au'),('001034176','Brenton','McKinlay','Brenton.McKinlay@tafesa.edu.au'),('001038996','Mustafa','Abdelwahab','Mustafa.Abdelwahab@tafesa.edu.au'),('001087020','Xinxin','Liang','Xinxin.Liang@tafesa.edu.au'),('001114726','Terry','Dean','Terry.Dean@tafesa.edu.au'),('001119994','Sas','Mihindu','Sas.Mihindu@tafesa.edu.au'),('00Unknown','Unknown','Unknown','Unknown.Unknown@tafesa.edu.au'),('1034176','Brenton','McKinlay','Brenton.McKinlay@tafesa.edu.au'),('1038996','Mustafa','Abdelwahab','Mustafa.Abdelwahab@tafesa.edu.au');
/*!40000 ALTER TABLE `lecturer` ENABLE KEYS */;
UNLOCK TABLES;

--
-- Table structure for table `qualification`
--

DROP TABLE IF EXISTS `qualification`;
/*!40101 SET @saved_cs_client     = @@character_set_client */;
 SET character_set_client = utf8mb4 ;
CREATE TABLE `qualification` (
  `QualCode` varchar(20) NOT NULL,
  `NationalQualCode` varchar(32) NOT NULL,
  `TafeQualCode` varchar(32) NOT NULL,
  `QualName` varchar(100) NOT NULL,
  `TotalUnits` int(11) NOT NULL,
  `CoreUnits` int(11) NOT NULL,
  `ElectedUnits` int(11) NOT NULL DEFAULT '0',
  `ReqListedElectedUnits` int(11) NOT NULL DEFAULT '0',
  PRIMARY KEY (`QualCode`)
) ENGINE=InnoDB DEFAULT CHARSET=utf8mb4 COLLATE=utf8mb4_0900_ai_ci;
/*!40101 SET character_set_client = @saved_cs_client */;

--
-- Dumping data for table `qualification`
--

LOCK TABLES `qualification` WRITE;
/*!40000 ALTER TABLE `qualification` DISABLE KEYS */;
INSERT INTO `qualification` VALUES ('AD_CST11','ICA60511','TP00279','Advanced Diploma of Computer Systems Technology',18,12,6,3),('AD_CST15','ICT60515','TP00754','Advanced Diploma of Computer Systems Technology',18,12,3,3),('AD_NETSEC11','ICA60211','TP00124','Advanced Diploma of Network Security',12,5,7,5),('AD_NETSEC15','ICT60215','TP00753','Advanced Diploma of Network Security',12,5,2,5),('C1_IDM11','ICA10111','TP00100','Certificate I in Information, Digital Media and Technology',6,4,2,0),('C1_IDM15','ICT10115','TP00734','Certificate I in Information, Digital Media and Technology',6,4,2,0),('C2_IDM11','ICA20111','TP00101','Certificate II in Information, Digital Media and Technology',14,7,7,4),('C2_IDM15','ICT20115','TP00735','Certificate II in Information, Digital Media and Technology',14,7,0,7),('C3_IDM11_APP','ICA30111','TP00102','Certificate III Prgm in Information, Digital Media and Technology (Applications)',17,6,11,5),('C3_IDM11_DM','ICA30111','TP00102','Certificate III in Information, Digital Media and Technology - Digital Media Version',17,6,11,5),('C3_IDM11_GEN','ICA30111','TP00102','Certificate III in Information, Digital Media and Technology - General Version',17,6,11,5),('C3_IDM11_NET','ICA30111','TP00102','Certificate III in Information, Digital Media and Technology -  Networking Version',17,6,11,5),('C3_IDM11_PRG','ICA30111','TP00102','Certificate III in Information, Digital Media and Technology - Programming Version',17,6,11,5),('C3_IDM11_WEB','ICA30111','TP00102','Certificate III in Information, Digital Media and Technology - Web Technologies version',17,6,11,5),('C3_IDM15','ICT30115','TP00736','Certificate III in Information, Digital Media and Technology',17,6,2,9),('C3_IDM15_APP','ICT30115','TP00736','Certificate III Prgm in Information, Digital Media and Technology (Applications)',17,6,11,5),('C3_IDM15_DM','ICT30115','TP00736','Certificate III Prgm in Information, Digital Media and Technology  (Digital Media)',17,6,11,5),('C3_IDM15_GEN','ICT30115','TP00736','Certificate III Prgm in Information, Digital Media and Technology  (General)',17,6,11,5),('C3_IDM15_NET','ICT30115','TP00736','Certificate III Prgm in Information, Digital Media and Technology  (Networking)',17,6,11,5),('C3_IDM15_PRG','ICT30115','TP00736','Certificate III Prgm in Information, Digital Media and Technology  (Programming)',17,6,11,5),('C3_IDM15_WEB','ICT30115','TP00736','Certificate III Prgm in Information, Digital Media and Technology  (Web Design)',17,6,11,5),('C4_CST11','ICA41011','TP00652','Certificate IV in Computer System Technology',20,12,8,4),('C4_CST15','ICT41015','TP00744','Certificate IV in Computer System Technology',20,12,8,4),('C4_CySec18','22334VIC','22334VIC','Certificate IV in Cyber Security',16,10,0,6),('C4_DM11','ICA40811','TP00119','Certificate IV in Digital Media Technologies',17,7,10,5),('C4_DM15','ICT40815','TP00742','Certificate IV in Digital Media Technologies',17,7,2,8),('C4_IT11','ICA40111','TP00114','Certificate IV in Information Technology',20,5,15,5),('C4_IT15','ICT40115','TP00737','Certificate IV in Information Technology',20,5,5,10),('C4_NET11','ICA40411','TP00117','Certificate IV in Information Technology Networking',17,8,9,6),('C4_NET15','ICT40415','TP00740','Certificate IV in Information Technology Networking',17,8,3,6),('C4_PRG11','ICA40511','TP00118','Certificate IV in Programming',18,10,8,0),('C4_PRG15','ICT40515','TP00741','Certificate IV in Programming',18,10,3,5),('C4_WBT11','ICA40311','TP00116','Certificate IV in Web-Based Technologies',22,8,14,5),('C4_WBT15','ICT40315','TP00739','Certificate IV in Web-Based Technologies',22,8,3,11),('D_DM11','ICA50911','TP00123','Diploma of Digital Media Technologies',18,7,11,0),('D_DM15','ICT50915','TP00751','Diploma of Digital Media Technologies',18,7,4,7),('D_NET11','ICA50411','TP00120','Diploma of Information Technology Networking',16,5,11,0),('D_NET15','ICT50415','TP00748','Diploma of Information Technology Networking',16,5,3,8),('D_SD11','ICA50711','TP00122','Diploma of Software Development',16,10,6,0),('D_SD15','ICT50715','TP00750','Diploma of Software Development',16,10,3,3),('D_WEB11','ICA50611','TP00121','Diploma of Website Development',20,8,12,0),('D_WEB15','ICT50615','TP00749','Diploma of Website Development',20,8,4,8),('SS_HWTech11','ICASS00019','SK00031','Hardware Technician Skill Set',6,6,0,0),('SS_HWTech15','ICTSS00048','SK00066','Hardware Technician Skill Set',6,6,0,0);
/*!40000 ALTER TABLE `qualification` ENABLE KEYS */;
UNLOCK TABLES;

--
-- Table structure for table `student`
--

DROP TABLE IF EXISTS `student`;
/*!40101 SET @saved_cs_client     = @@character_set_client */;
 SET character_set_client = utf8mb4 ;
CREATE TABLE `student` (
  `StudentID` varchar(9) NOT NULL,
  `GivenName` varchar(64) NOT NULL,
  `LastName` varchar(64) NOT NULL,
  `EmailAddress` varchar(64) NOT NULL,
  PRIMARY KEY (`StudentID`)
) ENGINE=InnoDB DEFAULT CHARSET=utf8mb4 COLLATE=utf8mb4_0900_ai_ci;
/*!40101 SET character_set_client = @saved_cs_client */;

--
-- Dumping data for table `student`
--

LOCK TABLES `student` WRITE;
/*!40000 ALTER TABLE `student` DISABLE KEYS */;
INSERT INTO `student` VALUES ('000724247','Martin','Perez','m_perez@hotmail.com'),('000896534','Sally','Smith','sally.smith@student.tafesa.edu.au');
/*!40000 ALTER TABLE `student` ENABLE KEYS */;
UNLOCK TABLES;

--
-- Table structure for table `student_grade`
--

DROP TABLE IF EXISTS `student_grade`;
/*!40101 SET @saved_cs_client     = @@character_set_client */;
 SET character_set_client = utf8mb4 ;
CREATE TABLE `student_grade` (
  `StudentID` varchar(9) NOT NULL,
  `CRN` varchar(32) NOT NULL,
  `TafeCompCode` varchar(10) NOT NULL,
  `TermCode` int(1) NOT NULL,
  `TermYear` int(4) NOT NULL,
  `Grade` varchar(2) DEFAULT NULL,
  `GradeDate` date DEFAULT NULL,
  PRIMARY KEY (`StudentID`,`CRN`,`TermCode`,`TermYear`),
  KEY `FK_StudentGrade_CRN` (`CRN`,`TermCode`,`TermYear`),
  KEY `FK_StudentGrade_TermStart` (`TermCode`,`TermYear`),
  CONSTRAINT `FK_StudentGrade_CRN` FOREIGN KEY (`CRN`, `TermCode`, `TermYear`) REFERENCES `crn_detail` (`CRN`, `TermCodeStart`, `TermYearStart`) ON UPDATE CASCADE,
  CONSTRAINT `FK_StudentGrade_Student` FOREIGN KEY (`StudentID`) REFERENCES `student` (`StudentID`) ON UPDATE CASCADE,
  CONSTRAINT `FK_StudentGrade_TermStart` FOREIGN KEY (`TermCode`, `TermYear`) REFERENCES `term_datetime` (`TermCode`, `TermYear`) ON UPDATE CASCADE
) ENGINE=InnoDB DEFAULT CHARSET=utf8mb4 COLLATE=utf8mb4_0900_ai_ci;
/*!40101 SET character_set_client = @saved_cs_client */;

--
-- Dumping data for table `student_grade`
--

LOCK TABLES `student_grade` WRITE;
/*!40000 ALTER TABLE `student_grade` DISABLE KEYS */;
INSERT INTO `student_grade` VALUES ('000724247','6319','TAAEW',1,2019,'PA','2018-04-03'),('000724247','6649','TAABE',2,2019,'PA','2016-05-31'),('000724247','6685','TAAEX',2,2019,'PA','2016-05-31'),('000724247','6713','FABRP',1,2019,'PA','2016-04-03'),('000724247','6755','FACNL',1,2019,'PA','2016-04-03'),('000724247','6766','TAAGC',1,2019,'PA','2018-04-03'),('000724247','6779','TAAGM',2,2019,'PA','2016-05-31'),('000724247','6789','TAAGL',2,2019,'PA','2016-05-31'),('000724247','6827','TAABF',1,2019,'PA','2018-04-03'),('000724247','6838','TAAEY',2,2019,'PA','2016-05-31'),('000724247','6846','TAAGN',1,2019,'PA','2016-04-03'),('000724247','6855','TAAGS',1,2019,'PA','2016-04-03'),('000724247','6860','TAADS',1,2019,'PA','2018-04-03'),('000724247','6942','TAABC',1,2019,'PA','2018-04-03'),('000724247','6944','TAABB',2,2019,'PA','2016-05-31'),('000724247','6951','TAAFR',2,2019,'PA','2016-05-31'),('000724247','7044','TAACZ',2,2019,'PA','2016-05-31'),('000896534','5835','TAABX',2,2019,'PA','2016-05-31'),('000896534','6028','TAABG',2,2019,'PA','2016-05-31'),('000896534','6075','TAACA',1,2019,'F','2016-04-10'),('000896534','6319','TAAEW',1,2019,'W','2016-04-10'),('000896534','6330','TAAGA',1,2019,'PA','2016-04-10'),('000896534','6350','TAABY',1,2019,'PA','2016-04-10'),('000896534','6689','TABFG',1,2019,'NS','2016-04-10'),('000896534','7170','TAAEA',2,2019,'W','2016-05-31'),('000896534','7233','TAACB',2,2019,'NS','2016-05-31');
/*!40000 ALTER TABLE `student_grade` ENABLE KEYS */;
UNLOCK TABLES;

--
-- Table structure for table `student_studyplan`
--

DROP TABLE IF EXISTS `student_studyplan`;
/*!40101 SET @saved_cs_client     = @@character_set_client */;
 SET character_set_client = utf8mb4 ;
CREATE TABLE `student_studyplan` (
  `StudentID` varchar(9) NOT NULL,
  `QualCode` varchar(20) NOT NULL,
  `TermCodeStart` int(1) NOT NULL,
  `TermYearStart` int(4) NOT NULL,
  `EnrolmentType` varchar(20) NOT NULL,
  PRIMARY KEY (`StudentID`,`QualCode`),
  KEY `FK_StudentStudyplan_QualCode` (`QualCode`),
  KEY `FK_StudentStudyplan_TermStart` (`TermCodeStart`,`TermYearStart`),
  CONSTRAINT `FK_StudentStudyplan_QualCode` FOREIGN KEY (`QualCode`) REFERENCES `qualification` (`QualCode`) ON UPDATE CASCADE,
  CONSTRAINT `FK_StudentStudyplan_StudentID` FOREIGN KEY (`StudentID`) REFERENCES `student` (`StudentID`),
  CONSTRAINT `FK_StudentStudyplan_TermStart` FOREIGN KEY (`TermCodeStart`, `TermYearStart`) REFERENCES `term_datetime` (`TermCode`, `TermYear`) ON UPDATE CASCADE
) ENGINE=InnoDB DEFAULT CHARSET=utf8mb4 COLLATE=utf8mb4_0900_ai_ci;
/*!40101 SET character_set_client = @saved_cs_client */;

--
-- Dumping data for table `student_studyplan`
--

LOCK TABLES `student_studyplan` WRITE;
/*!40000 ALTER TABLE `student_studyplan` DISABLE KEYS */;
INSERT INTO `student_studyplan` VALUES ('000724247','C3_IDM15',1,2019,'WR'),('000896534','C4_NET15',1,2019,'WR');
/*!40000 ALTER TABLE `student_studyplan` ENABLE KEYS */;
UNLOCK TABLES;

--
-- Table structure for table `studyplan_qualification`
--

DROP TABLE IF EXISTS `studyplan_qualification`;
/*!40101 SET @saved_cs_client     = @@character_set_client */;
 SET character_set_client = utf8mb4 ;
CREATE TABLE `studyplan_qualification` (
  `StudyPlanCode` varchar(20) NOT NULL,
  `QualCode` varchar(20) NOT NULL,
  `Priority` int(11) NOT NULL DEFAULT '1',
  PRIMARY KEY (`StudyPlanCode`),
  KEY `FK_StudyPlanQual_QualCode` (`QualCode`),
  CONSTRAINT `FK_StudyPlanQual_QualCode` FOREIGN KEY (`QualCode`) REFERENCES `qualification` (`QualCode`) ON UPDATE CASCADE
) ENGINE=InnoDB DEFAULT CHARSET=utf8mb4 COLLATE=utf8mb4_0900_ai_ci;
/*!40101 SET character_set_client = @saved_cs_client */;

--
-- Dumping data for table `studyplan_qualification`
--

LOCK TABLES `studyplan_qualification` WRITE;
/*!40000 ALTER TABLE `studyplan_qualification` DISABLE KEYS */;
/*!40000 ALTER TABLE `studyplan_qualification` ENABLE KEYS */;
UNLOCK TABLES;

--
-- Table structure for table `studyplan_subject`
--

DROP TABLE IF EXISTS `studyplan_subject`;
/*!40101 SET @saved_cs_client     = @@character_set_client */;
 SET character_set_client = utf8mb4 ;
CREATE TABLE `studyplan_subject` (
  `StudyPlanCode` varchar(20) NOT NULL,
  `SubjectCode` varchar(32) NOT NULL,
  `TimingSemester` int(11) NOT NULL DEFAULT '1',
  `TimingSemesterTerm` int(11) NOT NULL DEFAULT '1',
  PRIMARY KEY (`StudyPlanCode`,`SubjectCode`),
  KEY `FK_StudyPlanSubject_SubjectCode` (`SubjectCode`),
  CONSTRAINT `FK_StudyPlanSubject_StudyPlanCode` FOREIGN KEY (`StudyPlanCode`) REFERENCES `studyplan_qualification` (`StudyPlanCode`) ON UPDATE CASCADE,
  CONSTRAINT `FK_StudyPlanSubject_SubjectCode` FOREIGN KEY (`SubjectCode`) REFERENCES `subject` (`SubjectCode`) ON UPDATE CASCADE
) ENGINE=InnoDB DEFAULT CHARSET=utf8mb4 COLLATE=utf8mb4_0900_ai_ci;
/*!40101 SET character_set_client = @saved_cs_client */;

--
-- Dumping data for table `studyplan_subject`
--

LOCK TABLES `studyplan_subject` WRITE;
/*!40000 ALTER TABLE `studyplan_subject` DISABLE KEYS */;
/*!40000 ALTER TABLE `studyplan_subject` ENABLE KEYS */;
UNLOCK TABLES;

--
-- Table structure for table `subject`
--

DROP TABLE IF EXISTS `subject`;
/*!40101 SET @saved_cs_client     = @@character_set_client */;
 SET character_set_client = utf8mb4 ;
CREATE TABLE `subject` (
  `SubjectCode` varchar(32) NOT NULL,
  `SubjectDescription` varchar(256) NOT NULL,
  PRIMARY KEY (`SubjectCode`)
) ENGINE=InnoDB DEFAULT CHARSET=utf8mb4 COLLATE=utf8mb4_0900_ai_ci;
/*!40101 SET character_set_client = @saved_cs_client */;

--
-- Dumping data for table `subject`
--

LOCK TABLES `subject` WRITE;
/*!40000 ALTER TABLE `subject` DISABLE KEYS */;
INSERT INTO `subject` VALUES ('1INE','Use Communicate and Search Securely on the internet'),('1OPC','Operate a Personal Computer'),('1OPP','Operate Presentation Packages'),('1OSS','Operate Spreadsheet Applications'),('1OWP','Operate Word-Processing Applications'),('1PPT','Use Personal Productivity Tools'),('1UDD','Use Digital Devices'),('2CUH','Connect and Use Hardware'),('2DMP','Operate a Digital Media Technology Package'),('2IOS','Install and Optimise Software'),('2OPD','Operate Database Application'),('2PSI','Protect and Secure Information'),('2SMT','Social Media Tools'),('2SWP','Sustainable Work Practices'),('2UAP','Use Application Packages'),('2WHS','Workplace Health & Safety'),('2WIT','Work in an IT Environment'),('3ACA','Advanced Features of Computer Applications'),('3BSW','ICTWEB302-Build simple websites using commercial programs (3BSW)'),('3CDB','BSBITU301-Create and use databases (3CDB)'),('3CFCH','Care for Computer Hardware'),('3CIHW','Connect Internal Hardware'),('3CLD','Cloud Computing'),('3CPS','ICTICT307-Customise packaged software applications for clients (3CPS)'),('3CUD','Create User Documentation'),('3ESS','Computing Essentials'),('3IOOS','Install and Optimise OS Software'),('3ISC','ICTICT304-Implement system software changes (3ISC)'),('3MEAS','Maintain Equipment & Software'),('3PBSA','Provide Basic Systems Adminstration'),('3PITA','Provide IT Advice to Clients'),('3PRB','Programming Basics'),('3RSDT','Run Standard Diagnostic Tests'),('3SOHO','ICTSAS307-Install configure and secure a small office or home office network (3SOHO)'),('3SPT','IT Support'),('3SWP','Sustainable Work Practices'),('3WHS','Workplace Health & Safety'),('3WNF','Windows Networking Fundamentals'),('3WSF','Windows Server Fundamentals'),('42DA','2D Animation (Flash)'),('43DM','3D Modelling (3DS Max)'),('4ACN','Address Customer Needs'),('4ACR','Action Change Requests'),('4APN','Automating Process with Powershell'),('4AWS','Administering Windows Server'),('4BSWN','Build Small Wireless Networks'),('4BUI','Build a User Interface'),('4C','ICTPRG403-Develop data-driven applications (4C)'),('4C#B','C# Basics'),('4C#M','C# Mobile'),('4CB','ICTPRG414-Apply introductory programming skills in another language (4CB)'),('4CDE','Configure Desktop Environment'),('4CEP','Copyright Ethics and Privacy'),('4CIN','Cisco Introduction to Networks'),('4CIRS6','Cisco Introduction Routing Switching'),('4CMDB','Configure & Maintain Databases'),('4CMS','Content Management Systems'),('4CNS','Create Network Scripts'),('4CYACI','Analyse and Communicate Information'),('4CYBCS','Basic IT skills for cyber security'),('4CYCSF','Cyber security fundamentals'),('4CYDAT','Introduction to Data collection and analysis'),('4CYIRP','Incident Response Plan'),('4CYITS','Introduction to scripting'),('4CYMAN','Manage system security'),('4CYMIR','Manage ICT Risks'),('4CYNET','Networking fundamentals for cyber security'),('4CYPRO','Cyber security industry project'),('4CYSEC','Network Security'),('4CYTST','System testing procedures'),('4CYWEB','Website security'),('4CYWHS','WH&S for Cyber Security'),('4DBB','Database Basics'),('4DBB_GEN','Database Basics'),('4DCR','Determine Client Requirements'),('4DMT','Develop Macros and Templates'),('4DVP','Digital Video Production'),('4DWL','Design Webpage Layouts'),('4DWP','Develop Work Priorities'),('4DWR','Determine Website Requirements'),('4HTML5','HyperText Markup Language'),('4HTML5_GEN','Hypertext Markup Language'),('4ICI','Implement Continuous Improvement'),('4ICWS','ICTICT401-Determine and confirm client business requirements (4ICWS)'),('4IMWS','Install Manage Windows Server'),('4IMWS_INT','Install Manage Windows Server (INT)'),('4IRCP','Identify Resolve Client Problems'),('4IVM','Install Virtual Machines'),('4JAB','Java Basics'),('4JSB','Javascript Basics'),('4LTSF','Locate Troubleshoot System Faults'),('4LXA','Linux Administration'),('4MWA','Multimedia and Web Authoring (Dreamweaver)'),('4PHP','PHP Basics'),('4PICTS','Participate in ICT Services'),('4POTO','Provide One-to-One Instruction'),('4PRHS','Provide Remote Help-Desk Support'),('4SCCM','System Centre Configuration Manager'),('4SCCM_INT','System Centre Configuration Manager (INT)'),('4SDB','Systems Design Basics'),('4SEO','Search Engine Optimisation'),('4SPRJ','Software Project (C4)'),('4SSP','Small Scale Projects'),('4STDA','Support Troubleshoot Desktop Applications'),('4SWP','Sustainable Work Practices'),('4TST','Testing Techniques'),('4VGC','Vector Graphic Creation (Illustrator)'),('4WAP','Website Authoring and Programming'),('4WAU','Website Accessibility and Usability'),('4WDM','Working in Digital Media'),('52DA','Advanced 2D Animation (Flash)'),('53DA','3D Animation (3DS Max)'),('5AWT','Acceptance and Website Testing'),('5C','ICTPRG523-Apply advanced programming skills in another language (5C)'),('5C#W','C# for Web Development'),('5CCN','Cisco Connecting Networks'),('5CCN6','Cisco Connecting Networks V6'),('5CCN6_INT','Cisco Connecting Networks V6 (INT)'),('5CNW','Complex Networks'),('5CRS','Cisco Routing and Switching'),('5CRS6','Cisco Routing and Switching V6'),('5CRS6_INT','Cisco Routing and Switching V6 (INT)'),('5CSN','Cisco Scaling Networks'),('5CSN6','Cisco Scaling Networks V6'),('5CSN6_INT','Cisco Scaling Networks V6 (INT)'),('5DD','Database Design'),('5DIW','Advanced Edit Digital Images (Photoshop)'),('5DVE','Digital Video Editting'),('5DWS','Develop Website Services'),('5ECS','Enterprise Communication Solutions'),('5ECS_INT','Enterprise Communication Solutions (INT)'),('5EVC','Enterprise Virtual Computing'),('5EWD','E-Commerce Website Development'),('5ICW','Implementing and Configuring Windows Server'),('5ICW_GEN','Implementing and Configuring Windows Server'),('5ICW_INT','Install Configure Windows Server (INT)'),('5IOSMD','IOS Mobile Development (Basics)'),('5ISV','Implement Server Virtualisation'),('5IUOS','Install & Upgrade Operating Systems'),('5JAM','Java for Mobile Development'),('5JAW','Java for Web Development'),('5JAWB','Java for Web - Basics'),('5JSI','Intermediate Javascript'),('5LXN','Linux Network'),('5MITP','Manage ICT Projects'),('5MWD','Mobile Website Development'),('5NIST','Networking Industry Specific Technologies'),('5PHP','PHP Basics'),('5PVP','Post Video Production'),('5SDA','Systems Design Advanced'),('5TSD','Team Software Development'),('5TST','Testing Techniques'),('5WHSM','WHS Management'),('5WORK',''),('5WORK1',''),('5WORK2',''),('6CLP','Cloud Programming'),('6CNS','Cisco Network Security'),('6DIS','Design and Implement Security'),('6EWD','Enterprise Wireless Design'),('6EWN','Enterprise Wireless Networks'),('6EWS','Enterprise Wireless Security'),('6IOSMD','IOS Mobile Development (Advanced)'),('6MITP','Manage an IT Project'),('6SIMP','Manage Systems Implementation Project'),('6SUS','ICT Sustainability'),('DXC_IND','DXC Workplace Induction (DXC)'),('DXC_Prep1','DXC Workplace Preparation (TAFESA)'),('DXC_WP1','DXC Technologies Work Placement Term 1 (inc. term break)'),('DXC_WP2','DXC Technologies Work Placement Term 2 (inc. semeser break)'),('DXC_WP3','DXC Technologies Work Placement Term 3 (inc. term break)'),('DXC_WP4','DXC Technologies Work Placement Term 4 (inc. semester break)'),('IT_Prac','Learning Support Activities (General)'),('IT_Tutorial','IT Tutorial - General'),('NA','Configure a desktop environment'),('SC_1INE','Internet Know How'),('SC_1OPC','Computing Basics'),('SC_1OPP','Microsoft Powerpoint Fundamentals'),('SC_1OSS_2013','Microsoft Excel 2013 Fundamentals'),('SC_1OSS_2016','Microsoft Excel 2016 Fundamentals'),('SC_1OWP','Microsoft Word 2016 Fundamentals'),('SC_1PPT','Microsoft Outlook Fundamental - Get Organised!'),('SC_1UDD','Get the best from your digital devices'),('SC_2CUH','Connect and Set Up Hardware'),('SC_2DMP','Digital Media Tools'),('SC_2IOS','Install and Optimise Software'),('SC_2OPD','Microsoft Access 2016 Fundamentals'),('SC_2PSI','Information Security Online Essentials'),('SC_2SMT','S	ocial Media Tools for Business'),('SC_2UAP','Microsoft Office 2016 Suite - Word, Excel, Powerpoint, Access Training'),('SC_3ACA','Use Advanced features of MS Word, Excel & Access'),('SC_3ESS','Cisco IT Essentials'),('SC_3PRB','Introduction to C# Programming'),('SC_3WNF','Cisco Networking Fundamentals'),('SC_4CIN','CISCO 1 Network Fundamentals'),('SC_4DBB','Introduction to MySQL '),('SC_4HTML5','Building a Website - Introduction to HTML5 and CSS3'),('SC_4JAB','Java SE Programming Basics'),('SC_4JSB','	JavaScript Basics'),('SC_4LXA','Linux Essential for Beginners'),('SC_4SEO','Search Engine Optimisation'),('SC_4SSP','Project Scoping Fundamentals'),('SC_5C#W','ASP.NET MVC 4.0'),('SC_5CRS','CISCO 2 Routing & Switching Essentials'),('SC_5CSN','CISCO 3 Scaling Networks'),('SC_5EWD','PHP Programming'),('SC_5JAM','Android Application Development'),('SC_5JAW','Java EE Programming'),('SC_AWS_2016','Administering Microsoft Windows Server 2016'),('SC_CBW','Creating a Business Website'),('SC_CCN','CISCO 4: Connecting Networks'),('SC_CSHSB','Cyber Security for Home and Small Business'),('SC_CTIAL','CompTIA Linux+'),('SC_FORT_NSE4_1','FortiNet NSE4 - FortiGate I'),('SC_FORT_NSE4_2','FortiNet NSE4 - FortiGate II'),('SC_GAN','Google Analytics'),('SC_HMC','Home Media Set Up'),('SC_IaaS_AAWS','Introduction to IaaS within AWS'),('SC_IaaS_Azure','Introduction to IaaS within Microsoft Azure'),('SC_ID_BEG','Adobe InDesign For Beginners'),('SC_ILL_BEG','Adobe Illustrator - Beginners'),('SC_IOS','iOS Application Development'),('SC_ITIL','ITIL'),('SC_MO365F','Microsoft O365 Fundamentals'),('SC_MSAA_2016','Microsoft Access 2016 Advanced'),('SC_MSAI_2016','Microsoft Access 2016 Intermediate'),('SC_MSEA_2016','Microsoft Excel 2016 Advanced'),('SC_MSEI_2016','Microsoft Excel 2016 Intermediate'),('SC_MSOA_2016','Microsoft Outlook 2016 Advanced'),('SC_MSOF_2016','Microsoft Outlook 2016 Fundamentals'),('SC_MSONF_2016','Microsoft OneNote 2016 Fundamentals'),('SC_MSPB_2016','Microsoft Project 2016 Fundamentals'),('SC_MSWI_2016','Microsoft Word 2016 Intermediate'),('SC_MTAE','Microsoft Technology Associates (MTA) Exams'),('SC_PSE_CS6','Photoshop Essentials CS6'),('SC_TEMP_190215145110','TestOut Client Pro - MS Install and Configure Windows'),('SC_TEMP_190215151509','Introduction to Microsoft PowerPoint'),('SC_TEMP_190215151739','Introduction to Social Media'),('SC_TEMP_190215151834','Create a Business Website using WordPress'),('SC_TEMP_190215161203','Advanced Microsoft Word, Excel and Access'),('SC_TEMP_190215161349','Create, Format and Upload a Basic Website (HTML and CSS)'),('SC_TEMP_190215165255','Introduction to Python Programming'),('SC_TEMP_190215165346','Introduction to JavaScript'),('SC_TEMP_190218092639','Intermediate Microsoft Word, Excel and Access'),('SC_TEMP_190218092647','Introduction to Microsoft Word'),('SC_TEMP_190218092715','Introduction to Microsoft Access'),('SC_TEMP_190218092814','Introduction to Microsoft Excel'),('SC_TEMP_190218092902','Introduction to Computing'),('SC_TEMP_190218093149','Searching the Internet and Introduction to Email using Microsoft Outlook'),('SC_TEMP_190218093202','Intermediate Microsoft Word, Excel and PowerPoint'),('SC_TEMP_190218094044','CISCO 1 Introduction to Networks'),('SC_TEMP_190218094131','Server Pro 2016: Install and Storage'),('SC_TEMP_190218094154','Server Pro 2016: Networking'),('SC_TEMP_190502151721','Creating Simple Budgets Using Microsoft Excel'),('SC_TEMP_190502161522','Creating Letters and Brochures Using Microsoft Word'),('SC_TEMP_190502162147','Getting to Know Your Computer'),('SC_TEMP_190502163004','Fortinet NSE4 - FortiGate Security'),('SC_TEMP_190502163014','Fortinet NSE4 - FortiGate Infrastructure'),('SC_TO_CAWS_2012','Configuring Advanced Windows Server 2012'),('SC_TO_CCNA','CISCO CCNA - Switching and Routing Pro'),('SC_TO_ICMS_2012','Install and Configure Microsoft Server 2012'),('SC_TO_LIN','CompTIA Linux+'),('SC_TO_MAMS_2012','Manage and Administer Microsoft Server 2012'),('SC_TO_SPS','TestOut Security Pro - CompTIA Security+'),('SC_UCS','Utilising Cloud Services in a Small Business'),('SC_VIS','VISIO');
/*!40000 ALTER TABLE `subject` ENABLE KEYS */;
UNLOCK TABLES;

--
-- Table structure for table `subject_competency`
--

DROP TABLE IF EXISTS `subject_competency`;
/*!40101 SET @saved_cs_client     = @@character_set_client */;
 SET character_set_client = utf8mb4 ;
CREATE TABLE `subject_competency` (
  `SubjectCode` varchar(32) NOT NULL,
  `TafeCompCode` varchar(10) NOT NULL,
  PRIMARY KEY (`SubjectCode`,`TafeCompCode`),
  KEY `FK_SubjComp_TafeCompCode` (`TafeCompCode`),
  CONSTRAINT `FK_SubjComp_SubjectCode` FOREIGN KEY (`SubjectCode`) REFERENCES `subject` (`SubjectCode`) ON UPDATE CASCADE,
  CONSTRAINT `FK_SubjComp_TafeCompCode` FOREIGN KEY (`TafeCompCode`) REFERENCES `competency` (`TafeCompCode`) ON UPDATE CASCADE
) ENGINE=InnoDB DEFAULT CHARSET=utf8mb4 COLLATE=utf8mb4_0900_ai_ci;
/*!40101 SET character_set_client = @saved_cs_client */;

--
-- Dumping data for table `subject_competency`
--

LOCK TABLES `subject_competency` WRITE;
/*!40000 ALTER TABLE `subject_competency` DISABLE KEYS */;
INSERT INTO `subject_competency` VALUES ('SC_2PSI','AAHCY'),('SC_1OPC','AAHME'),('SC_CBW','AAHME'),('4CYACI','AAHSP'),('4DWL','CABRE'),('4DVP','DAAKR'),('4MWA','DAAKZ'),('5PVP','DAAMW'),('5DIW','DAASN'),('IT_Tutorial','ENGG'),('2WHS','FABNX'),('4DVP','FABRH'),('5WORK','FABRK'),('5WORK1','FABRK'),('5WORK2','FABRK'),('2SWP','FABRL'),('3WHS','FABRP'),('5WHSM','FABRS'),('4CYACI','FABXA'),('4MWA','FABXC'),('4CYWHS','FABZM'),('4DWP','FACAK'),('4ACN','FACBW'),('4ICI','FACHP'),('3SWP','FACNL'),('4SWP','FACNL'),('5EWD','TAAAM'),('5WORK','TAAAS'),('5WORK1','TAAAS'),('5WORK2','TAAAS'),('1OPC','TAAAW'),('SC_1OPC','TAAAW'),('SC_CBW','TAAAW'),('1OWP','TAAAX'),('SC_1OWP','TAAAX'),('1INE','TAAAY'),('SC_1INE','TAAAY'),('1UDD','TAAAZ'),('SC_1UDD','TAAAZ'),('2IOS','TAABA'),('SC_2IOS','TAABA'),('2WIT','TAABB'),('2UAP','TAABC'),('SC_2UAP','TAABC'),('2DMP','TAABD'),('SC_2DMP','TAABD'),('3CUD','TAABE'),('3ESS','TAABF'),('3IOOS','TAABF'),('4DCR','TAABG'),('4DWR','TAABG'),('5ICW','TAABG'),('5ICW_INT','TAABG'),('43DM','TAABH'),('4SPRJ','TAABK'),('4CEP','TAABL'),('4WDM','TAABM'),('5ECS','TAABR'),('5ECS_INT','TAABR'),('5WORK','TAABS'),('5WORK1','TAABS'),('5WORK2','TAABS'),('5ICW','TAABX'),('5ICW_GEN','TAABX'),('5ICW_INT','TAABX'),('4IVM','TAABY'),('4AWS','TAABZ'),('4IMWS','TAABZ'),('4IMWS_INT','TAABZ'),('4CIN','TAACA'),('4CIRS6','TAACA'),('3WNF','TAACB'),('4BSWN','TAACB'),('6EWD','TAACC'),('6EWN','TAACC'),('5CCN6','TAACD'),('5CCN6_INT','TAACD'),('5CSN','TAACD'),('5CRS','TAACE'),('5CRS6','TAACE'),('5CRS6_INT','TAACE'),('5CRS','TAACF'),('5CSN6','TAACF'),('5CSN6_INT','TAACF'),('6DIS','TAACG'),('5CNW','TAACK'),('6CNS','TAACL'),('6DIS','TAACM'),('6EWN','TAACN'),('6EWS','TAACN'),('4SSP','TAACP'),('5MITP','TAACR'),('6MITP','TAACS'),('6MITP','TAACT'),('4DBB','TAACW'),('4DBB_GEN','TAACW'),('4C#M','TAACX'),('4TST','TAACY'),('5TST','TAACY'),('4APN','TAACZ'),('4JSB','TAACZ'),('4JAB','TAADA'),('4BUI','TAADB'),('4C#B','TAADC'),('4SDB','TAADD'),('4C#M','TAADE'),('52DA','TAADE'),('5JSI','TAADE'),('4SDB','TAADF'),('5JAW','TAADG'),('5TSD','TAADH'),('5TST','TAADK'),('5TSD','TAADL'),('5WORK','TAADM'),('5WORK1','TAADM'),('5WORK2','TAADM'),('5C#W','TAADN'),('5JAM','TAADP'),('5WORK','TAADR'),('5WORK1','TAADR'),('5WORK2','TAADR'),('3ESS','TAADS'),('3RSDT','TAADS'),('3WNF','TAADT'),('4IRCP','TAADX'),('4ACR','TAADY'),('4CIN','TAAEA'),('4LTSF','TAAEA'),('2SMT','TAAEF'),('SC_2SMT','TAAEF'),('4DWR','TAAEG'),('4WAU','TAAEH'),('4HTML5','TAAEK'),('4WAP','TAAEL'),('4DWR','TAAEM'),('4HTML5','TAAEN'),('4html5_GEN','TAAEN'),('52DA','TAAEP'),('5JAWB','TAAEP'),('5JSI','TAAEP'),('5EWD','TAAER'),('5DWS','TAAES'),('5PHP','TAAES'),('5MWD','TAAET'),('3CIHW','TAAEW'),('3ESS','TAAEW'),('3PITA','TAAEX'),('3MEAS','TAAEY'),('3SPT','TAAEY'),('4DBB','TAAFA'),('4SPRJ','TAAFA'),('4VGC','TAAFB'),('42DA','TAAFC'),('5DIW','TAAFD'),('43DM','TAAFE'),('1OPP','TAAFF'),('SC_1OPP','TAAFF'),('1PPT','TAAFG'),('SC_1PPT','TAAFG'),('2UAP','TAAFK'),('SC_2UAP','TAAFK'),('2IOS','TAAFL'),('SC_2IOS','TAAFL'),('2OPD','TAAFM'),('SC_2OPD','TAAFM'),('3ACA','TAAFR'),('SC_3ACA','TAAFR'),('4SPRJ','TAAFS'),('4DMT','TAAFT'),('3WSF','TAAFW'),('3WSF','TAAFX'),('3WNF','TAAFY'),('4AWS','TAAFZ'),('4CDE','TAAGA'),('4LXA','TAAGA'),('4LXA','TAAGB'),('4SCCM','TAAGB'),('4SCCM_INT','TAAGB'),('3PRB','TAAGC'),('4SPRJ','TAAGD'),('2CUH','TAAGE'),('SC_2CUH','TAAGE'),('2CUH','TAAGF'),('SC_2CUH','TAAGF'),('2PSI','TAAGG'),('SC_2PSI','TAAGG'),('2PSI','TAAGH'),('SC_2PSI','TAAGH'),('2CUH','TAAGK'),('SC_2CUH','TAAGK'),('3CFCH','TAAGL'),('3SPT','TAAGL'),('3PBSA','TAAGM'),('3SPT','TAAGM'),('4HTML5','TAAGN'),('4MWA','TAAGP'),('4HTML5','TAAGS'),('4WAP','TAAGT'),('4SEO','TAAGW'),('4DWL','TAAGX'),('4PHP','TAAGY'),('5PHP','TAAGY'),('4WAU','TAAGZ'),('4DBB','TAAHA'),('4SEO','TAAHB'),('5DD','TAAHC'),('5DVE','TAAHD'),('53DA','TAAHE'),('53DA','TAAHF'),('5NIST','TAAHH'),('5PVP','TAAHH'),('6EWD','TAAHK'),('6EWN','TAAHK'),('5ECS','TAAHL'),('5ECS_INT','TAAHL'),('5LXN','TAAHN'),('5ISV','TAAHP'),('5EVC','TAAHR'),('5EVC','TAAHS'),('6EWD','TAAHT'),('6EWN','TAAHT'),('6CNS','TAAHW'),('6SUS','TAAHX'),('5IOSMD','TAAHY'),('5SDA','TAAHZ'),('6CLP','TAAKA'),('5AWT','TAAKB'),('5AWT','TAAKC'),('5MWD','TAAKE'),('5MWD','TAAKF'),('5WORK','TAAKG'),('5WORK1','TAAKG'),('5WORK2','TAAKG'),('5EWD','TAAKH'),('5CSN','TAAKK'),('5SDA','TAAKL'),('1OSS','TAAKM'),('5ICW','TAAMC'),('5ICW_GEN','TAAMC'),('5ICW_INT','TAAMC'),('4CIN','TAAMD'),('4CIN','TAAME'),('4IMWS','TAAME'),('4IMWS_INT','TAAME'),('5CRS','TAAMF'),('5CSN6','TAAMF'),('5CSN6_INT','TAAMF'),('5ISV','TAAMG'),('5CCN','TAAMH'),('5CCN','TAAMK'),('6SUS','TAAML'),('3CLD','TABBY'),('4CMS','TABDN'),('5CRS6','TABEE'),('5CRS6_INT','TABEE'),('5CCN6','TABEF'),('5CCN6_INT','TABEF'),('4CYNET','TABEG'),('4CYTST','TABEH'),('4CYCSF','TABEK'),('4CYSEC','TABEL'),('4CYPRO','TABEM'),('4CYBCS','TABEN'),('4CYDAT','TABEP'),('4CYMAN','TABER'),('4CYIRP','TABES'),('4CYWEB','TABET'),('4CYITS','TABEW'),('4PRHS','TABFA'),('4STDA','TABFB'),('4SCCM','TABFC'),('4SCCM_INT','TABFC'),('4POTO','TABFD'),('5IUOS','TABFE'),('4CMDB','TABFF'),('4PICTS','TABFG'),('4CNS','TABFH'),('4CYMIR','TABFK');
/*!40000 ALTER TABLE `subject_competency` ENABLE KEYS */;
UNLOCK TABLES;

--
-- Table structure for table `subject_qualification`
--

DROP TABLE IF EXISTS `subject_qualification`;
/*!40101 SET @saved_cs_client     = @@character_set_client */;
 SET character_set_client = utf8mb4 ;
CREATE TABLE `subject_qualification` (
  `QualCode` varchar(20) NOT NULL,
  `SubjectCode` varchar(32) NOT NULL,
  `UsageType` varchar(20) DEFAULT NULL,
  PRIMARY KEY (`QualCode`,`SubjectCode`),
  KEY `FK_SubjQual_SubjectCode` (`SubjectCode`),
  CONSTRAINT `FK_SubjQual_QualCode` FOREIGN KEY (`QualCode`) REFERENCES `qualification` (`QualCode`) ON UPDATE CASCADE,
  CONSTRAINT `FK_SubjQual_SubjectCode` FOREIGN KEY (`SubjectCode`) REFERENCES `subject` (`SubjectCode`) ON UPDATE CASCADE
) ENGINE=InnoDB DEFAULT CHARSET=utf8mb4 COLLATE=utf8mb4_0900_ai_ci;
/*!40101 SET character_set_client = @saved_cs_client */;

--
-- Dumping data for table `subject_qualification`
--

LOCK TABLES `subject_qualification` WRITE;
/*!40000 ALTER TABLE `subject_qualification` DISABLE KEYS */;
INSERT INTO `subject_qualification` VALUES ('AD_CST11','3PRB','Underpinning'),('AD_CST11','4CIN','Underpinning'),('AD_CST11','4DBB','Underpinning'),('AD_CST11','4HTML5','Underpinning'),('AD_CST11','4IVM','Underpinning'),('AD_CST11','4JAB','Underpinning'),('AD_CST11','4JSB','Underpinning'),('AD_CST11','4WAP','Underpinning'),('AD_CST11','5CNW','Required'),('AD_CST11','5CRS','Required'),('AD_CST11','5CSN','Required'),('AD_CST11','5DWS','Required'),('AD_CST11','5EWD','Required'),('AD_CST11','5JAM','Required'),('AD_CST11','5JAWB','Required'),('AD_CST11','5MWD','Required'),('AD_CST11','5NIST','Required'),('AD_CST11','6DIS','Required'),('AD_CST11','6EWS','Required'),('AD_CST11','6MITP','Required'),('AD_CST11','6SIMP','Required'),('AD_CST15','3PRB','Underpinning'),('AD_CST15','4CIRS6','Underpinning'),('AD_CST15','4CYBCS','Underpinning'),('AD_CST15','4DBB_GEN','Underpinning'),('AD_CST15','4HTML5_GEN','Underpinning'),('AD_CST15','4IMWS','Underpinning'),('AD_CST15','4JAB','Elective'),('AD_CST15','4JSB','Underpinning'),('AD_CST15','4WAP','Elective'),('AD_CST15','5CCN6','Required'),('AD_CST15','5CNW','Required'),('AD_CST15','5CRS6','Required'),('AD_CST15','5CSN6','Required'),('AD_CST15','5DWS','Elective'),('AD_CST15','5EWD','Required'),('AD_CST15','5ICW','Elective'),('AD_CST15','5JAM','Required'),('AD_CST15','5JSI','Required'),('AD_CST15','5MITP','Underpinning'),('AD_CST15','5MWD','Elective'),('AD_CST15','6DIS','Required'),('AD_CST15','6EWN','Required'),('AD_CST15','6MITP','Required'),('AD_NETSEC11','3ITE','Underpinning'),('AD_NETSEC11','3WNF','Underpinning'),('AD_NETSEC11','3WSF','Underpinning'),('AD_NETSEC11','4AWS','Underpinning'),('AD_NETSEC11','4CIN','Underpinning'),('AD_NETSEC11','4IVM','Underpinning'),('AD_NETSEC11','4LXA','Underpinning'),('AD_NETSEC11','5CCN','Elective'),('AD_NETSEC11','5CNW','Elective'),('AD_NETSEC11','5CRS','Elective'),('AD_NETSEC11','5CSN','Elective'),('AD_NETSEC11','5ECS','Elective'),('AD_NETSEC11','5EVC','Elective'),('AD_NETSEC11','5ICW','Underpinning'),('AD_NETSEC11','5ISV','Elective'),('AD_NETSEC11','5LXN','Elective'),('AD_NETSEC11','6CNS','Required'),('AD_NETSEC11','6DIS','Required'),('AD_NETSEC11','6EWD','Required'),('AD_NETSEC11','6EWS','Required'),('AD_NETSEC11','6SUS','Required'),('AD_NETSEC15','3CIHW','Underpinning'),('AD_NETSEC15','3PRB','Underpinning'),('AD_NETSEC15','3WHS','Underpinning'),('AD_NETSEC15','4BSWN','Underpinning'),('AD_NETSEC15','4CDE','Underpinning'),('AD_NETSEC15','4CEP','Underpinning'),('AD_NETSEC15','4CIRS6','Underpinning'),('AD_NETSEC15','4CMDB','Underpinning'),('AD_NETSEC15','4CNS','Underpinning'),('AD_NETSEC15','4IMWS','Underpinning'),('AD_NETSEC15','4IMWS_INT','Underpinning'),('AD_NETSEC15','4IVM','Underpinning'),('AD_NETSEC15','4LTSF','Underpinning'),('AD_NETSEC15','4PICTS','Underpinning'),('AD_NETSEC15','4SCCM','Underpinning'),('AD_NETSEC15','4SCCM_INT','Underpinning'),('AD_NETSEC15','5CCN6','Underpinning'),('AD_NETSEC15','5CCN6_INT','Underpinning'),('AD_NETSEC15','5CNW','Underpinning'),('AD_NETSEC15','5CRS6','Underpinning'),('AD_NETSEC15','5CRS6_INT','Underpinning'),('AD_NETSEC15','5CSN6','Underpinning'),('AD_NETSEC15','5CSN6_INT','Underpinning'),('AD_NETSEC15','5ECS','Underpinning'),('AD_NETSEC15','5ECS_INT','Underpinning'),('AD_NETSEC15','5EVC','Underpinning'),('AD_NETSEC15','5ICW','Underpinning'),('AD_NETSEC15','5ICW_INT','Underpinning'),('AD_NETSEC15','5ISV','Elective'),('AD_NETSEC15','5IUOS','Underpinning'),('AD_NETSEC15','5LXN','Underpinning'),('AD_NETSEC15','6CNS','Required'),('AD_NETSEC15','6DIS','Required'),('AD_NETSEC15','6EWN','Required'),('AD_NETSEC15','6SUS','Required'),('C1_IDM11','1INE','Required'),('C1_IDM11','1OPC','Required'),('C1_IDM11','1OPP','Elective'),('C1_IDM11','1OSS','Elective'),('C1_IDM11','1OWP','Required'),('C1_IDM11','1PPT','Elective'),('C1_IDM11','1UDD','Required'),('C1_IDM15','1INE','Required'),('C1_IDM15','1OPC','Required'),('C1_IDM15','1OPP','Elective'),('C1_IDM15','1OSS','Elective'),('C1_IDM15','1OWP','Required'),('C1_IDM15','1PPT','Elective'),('C1_IDM15','1UDD','Required'),('C2_IDM11','2APT','Elective'),('C2_IDM11','2CHP','Elective'),('C2_IDM11','2CUH','Elective'),('C2_IDM11','2CWN','Elective'),('C2_IDM11','2DMP','Required'),('C2_IDM11','2DOD','Elective'),('C2_IDM11','2IOS','Required'),('C2_IDM11','2ISA','Elective'),('C2_IDM11','2OAP','Required'),('C2_IDM11','2OPD','Elective'),('C2_IDM11','2OSH','Required'),('C2_IDM11','2PIA','Elective'),('C2_IDM11','2PSI','Elective'),('C2_IDM11','2SDS','Elective'),('C2_IDM11','2SMT','Required'),('C2_IDM11','2SWP','Required'),('C2_IDM11','2UAP','Required'),('C2_IDM11','2WHS','Required'),('C2_IDM11','2WIT','Required'),('C2_IDM11','3DIW','Elective'),('C2_IDM11','3SWP','Elective'),('C2_IDM11','3WHS','Elective'),('C2_IDM15','2APT','Elective'),('C2_IDM15','2CHP','Elective'),('C2_IDM15','2CUH','Elective'),('C2_IDM15','2DMP','Required'),('C2_IDM15','2IOS','Required'),('C2_IDM15','2ISA','Elective'),('C2_IDM15','2OAP','Required'),('C2_IDM15','2OPD','Elective'),('C2_IDM15','2OSH','Required'),('C2_IDM15','2PIA','Elective'),('C2_IDM15','2PSI','Elective'),('C2_IDM15','2SMT','Required'),('C2_IDM15','2SWP','Required'),('C2_IDM15','2UAP','Required'),('C2_IDM15','2WHS','Required'),('C2_IDM15','2WIT','Required'),('C2_IDM15','3DIW','Elective'),('C2_IDM15','3SWP','Elective'),('C2_IDM15','3WHS','Elective'),('C3_APS05','3PITA',NULL),('C3_IDM11_APP','2UAP','Required'),('C3_IDM11_APP','3ACA','Required'),('C3_IDM11_APP','3CSA','Required'),('C3_IDM11_APP','3CUD','Required'),('C3_IDM11_APP','3ITE1','Required'),('C3_IDM11_APP','3PRB','Required'),('C3_IDM11_APP','3SSC','Required'),('C3_IDM11_APP','3SWP','Required'),('C3_IDM11_APP','3WHS','Required'),('C3_IDM11_APP','4HTML5','Required'),('C3_IDM11_APP','4JSB','Required'),('C3_IDM11_DM','2SMT','Required'),('C3_IDM11_DM','3CUD','Required'),('C3_IDM11_DM','3DIW','Required'),('C3_IDM11_DM','3ITE1','Required'),('C3_IDM11_DM','3PRB','Required'),('C3_IDM11_DM','3PVW','Required'),('C3_IDM11_DM','3SWP','Required'),('C3_IDM11_DM','3WHS','Required'),('C3_IDM11_DM','4HTML5','Required'),('C3_IDM11_DM','4JSB','Required'),('C3_IDM11_DM','4MWA','Required'),('C3_IDM11_GEN','3CUD','Required'),('C3_IDM11_GEN','3ITE','Required'),('C3_IDM11_GEN','3PITA','Required'),('C3_IDM11_GEN','3PRB','Required'),('C3_IDM11_GEN','3WHS','Required'),('C3_IDM11_GEN','3WNF','Required'),('C3_IDM11_GEN','4CEP','Required'),('C3_IDM11_GEN','4HTML5','Required'),('C3_IDM11_GEN','4SWP','Required'),('C3_IDM11_NET','3CUD','Required'),('C3_IDM11_NET','3ITE','Required'),('C3_IDM11_NET','3PITA','Required'),('C3_IDM11_NET','3SWP','Required'),('C3_IDM11_NET','3WHS','Required'),('C3_IDM11_NET','3WNF','Required'),('C3_IDM11_NET','3WSF','Required'),('C3_IDM11_NET','4IVM','Required'),('C3_IDM11_PRG','3CUD','Required'),('C3_IDM11_PRG','3ITE1','Required'),('C3_IDM11_PRG','3ITE2','Required'),('C3_IDM11_PRG','3PITA','Required'),('C3_IDM11_PRG','3PRB','Required'),('C3_IDM11_PRG','3SWP','Required'),('C3_IDM11_PRG','3WHS','Required'),('C3_IDM11_PRG','4CEP','Required'),('C3_IDM11_PRG','4HTML5','Required'),('C3_IDM11_PRG','4JSB','Required'),('C3_IDM11_PRG','4MWA','Required'),('C3_IDM11_PRG','4UMLB','Required'),('C3_IDM11_WEB','2SMT','Required'),('C3_IDM11_WEB','3CUD','Required'),('C3_IDM11_WEB','3DIW','Required'),('C3_IDM11_WEB','3ITE1','Required'),('C3_IDM11_WEB','3PRB','Required'),('C3_IDM11_WEB','3PVW','Required'),('C3_IDM11_WEB','3SWP','Required'),('C3_IDM11_WEB','3WHS','Required'),('C3_IDM11_WEB','4HTML5','Required'),('C3_IDM11_WEB','4JSB','Required'),('C3_IDM11_WEB','4MWA','Required'),('C3_IDM15','2UAP','Elective'),('C3_IDM15','2WIT','Required'),('C3_IDM15','3ACA','Elective'),('C3_IDM15','3CFCH','Required'),('C3_IDM15','3CIHW','Required'),('C3_IDM15','3CLD','Elective'),('C3_IDM15','3CUD','Required'),('C3_IDM15','3IOOS','Required'),('C3_IDM15','3MEAS','Required'),('C3_IDM15','3PBSA','Required'),('C3_IDM15','3PITA','Required'),('C3_IDM15','3PRB','Required'),('C3_IDM15','3RSDT','Required'),('C3_IDM15','3WHS','Required'),('C3_IDM15','3WNF','Elective'),('C3_IDM15','4HTML5','Elective'),('C3_IDM15','4IVM','Elective'),('C3_IDM15','4JSB','Elective'),('C3_IDM15','4SWP','Required'),('C3_IDM15_APP','2UAP','Required'),('C3_IDM15_APP','3ACA','Required'),('C3_IDM15_APP','3CSA','Required'),('C3_IDM15_APP','3CUD','Required'),('C3_IDM15_APP','3DMT','Required'),('C3_IDM15_APP','3ITE1','Required'),('C3_IDM15_APP','3PRB','Required'),('C3_IDM15_APP','3SSC','Required'),('C3_IDM15_APP','3SWP','Required'),('C3_IDM15_APP','3WHS','Required'),('C3_IDM15_APP','4HTML5','Required'),('C3_IDM15_APP','4JSB','Required'),('C3_IDM15_DM','2SMT','Required'),('C3_IDM15_DM','3CUD','Required'),('C3_IDM15_DM','3DIW','Required'),('C3_IDM15_DM','3ITE1','Required'),('C3_IDM15_DM','3PRB','Required'),('C3_IDM15_DM','3PVW','Required'),('C3_IDM15_DM','3SWP','Required'),('C3_IDM15_DM','3WHS','Required'),('C3_IDM15_DM','4HTML5','Required'),('C3_IDM15_DM','4JSB','Required'),('C3_IDM15_DM','4MWA','Required'),('C3_IDM15_GEN','3CUD','Required'),('C3_IDM15_GEN','3ITE','Required'),('C3_IDM15_GEN','3PITA','Required'),('C3_IDM15_GEN','3PRB','Required'),('C3_IDM15_GEN','3WHS','Required'),('C3_IDM15_GEN','3WNF','Required'),('C3_IDM15_GEN','4CEP','Required'),('C3_IDM15_GEN','4HTML5','Required'),('C3_IDM15_GEN','4SWP','Required'),('C3_IDM15_NET','3CUD','Required'),('C3_IDM15_NET','3ITE','Required'),('C3_IDM15_NET','3PITA','Required'),('C3_IDM15_NET','3SWP','Required'),('C3_IDM15_NET','3WHS','Required'),('C3_IDM15_NET','3WNF','Required'),('C3_IDM15_NET','3WSF','Required'),('C3_IDM15_NET','4IVM','Required'),('C3_IDM15_PRG','3CUD','Required'),('C3_IDM15_PRG','3ITE1','Required'),('C3_IDM15_PRG','3ITE2','Required'),('C3_IDM15_PRG','3PITA','Required'),('C3_IDM15_PRG','3PRB','Required'),('C3_IDM15_PRG','3SWP','Required'),('C3_IDM15_PRG','3WHS','Required'),('C3_IDM15_PRG','4CEP','Required'),('C3_IDM15_PRG','4HTML5','Required'),('C3_IDM15_PRG','4JSB','Required'),('C3_IDM15_PRG','4MWA','Required'),('C3_IDM15_PRG','4UMLB','Required'),('C3_IDM15_WEB','2SMT','Required'),('C3_IDM15_WEB','3CUD','Required'),('C3_IDM15_WEB','3DIW','Required'),('C3_IDM15_WEB','3ITE1','Required'),('C3_IDM15_WEB','3PRB','Required'),('C3_IDM15_WEB','3PVW','Required'),('C3_IDM15_WEB','3SWP','Required'),('C3_IDM15_WEB','3WHS','Required'),('C3_IDM15_WEB','4HTML5','Required'),('C3_IDM15_WEB','4JSB','Required'),('C3_IDM15_WEB','4MWA','Required'),('C4_CST11','3ITE','Underpinning'),('C4_CST11','3PRB','Underpinning'),('C4_CST11','3SWP','Required'),('C4_CST11','3WHS','Required'),('C4_CST11','3WNF','Required'),('C4_CST11','3WSF','Underpinning'),('C4_CST11','4C#B','Required'),('C4_CST11','4CEP','Required'),('C4_CST11','4CIN','Required'),('C4_CST11','4DTP','Required'),('C4_CST11','4HTML5','Underpinning'),('C4_CST11','4HW','Required'),('C4_CST11','4IVM','Required'),('C4_CST11','4JSB','Underpinning'),('C4_CST11','4LXA','Required'),('C4_CST11','4WAP','Required'),('C4_CST11','5ICW','Required'),('C4_CST15','3ESS','Underpinning'),('C4_CST15','3PRB','Underpinning'),('C4_CST15','3SWP','Required'),('C4_CST15','3WHS','Required'),('C4_CST15','3WNF','Required'),('C4_CST15','3WSF','Underpinning'),('C4_CST15','4C#B','Required'),('C4_CST15','4CEP','Required'),('C4_CST15','4CIN','Required'),('C4_CST15','4DMT','Required'),('C4_CST15','4DTP','Required'),('C4_CST15','4HTML5','Underpinning'),('C4_CST15','4HW','Required'),('C4_CST15','4IVM','Required'),('C4_CST15','4LXA','Required'),('C4_CST15','4WAP','Required'),('C4_CST15','5ICW','Required'),('C4_CySec18','4CEP','Required'),('C4_CySec18','4CYACI','Required'),('C4_CySec18','4CYBCS','Required'),('C4_CySec18','4CYCSF','Required'),('C4_CySec18','4CYDAT','Required'),('C4_CySec18','4CYIRP','Required'),('C4_CySec18','4CYITS','Required'),('C4_CySec18','4CYMAN','Required'),('C4_CySec18','4CYMIR','Required'),('C4_CySec18','4CYNET','Required'),('C4_CySec18','4CYPRO','Required'),('C4_CySec18','4CYSEC','Required'),('C4_CySec18','4CYTST','Required'),('C4_CySec18','4CYWEB','Required'),('C4_CySec18','4CYWHS','Required'),('C4_DM11','3PRB','Underpinning'),('C4_DM11','3WHS','Required'),('C4_DM11','42DA','Required'),('C4_DM11','43DM','Required'),('C4_DM11','4CEP','Required'),('C4_DM11','4DIW','Required'),('C4_DM11','4DVP','Required'),('C4_DM11','4DWL','Required'),('C4_DM11','4HTML5','Required'),('C4_DM11','4JSB','Required'),('C4_DM11','4MWA','Required'),('C4_DM11','4SSP','Required'),('C4_DM11','4VGC','Required'),('C4_DM11','4WDM','Required'),('C4_DM15','3PRB','Elective'),('C4_DM15','3WHS','Required'),('C4_DM15','43DM','Required'),('C4_DM15','4CEP','Required'),('C4_DM15','4CMS','Required'),('C4_DM15','4DVP','Required'),('C4_DM15','4DWL','Required'),('C4_DM15','4HTML5','Required'),('C4_DM15','4JSB','Required'),('C4_DM15','4SSP','Required'),('C4_DM15','4VGC','Required'),('C4_DM15','4WDM','Required'),('C4_DM15','5DIW','Required'),('C4_IT11','3ITE1','Required'),('C4_IT11','3PRB','Required'),('C4_IT11','3SWP','Required'),('C4_IT11','3WHS','Required'),('C4_IT11','3WNF','Required'),('C4_IT11','4CEP','Required'),('C4_IT11','4CIN','Required'),('C4_IT11','4DBB','Required'),('C4_IT11','4HTML5','Required'),('C4_IT11','4IVM','Required'),('C4_IT11','4JAB','Required'),('C4_IT11','4JSB','Required'),('C4_IT11','4UMLB','Required'),('C4_IT11','4WAP','Required'),('C4_IT15','2WIT','Required'),('C4_IT15','3CIHW','Underpinning'),('C4_IT15','3PRB','Underpinning'),('C4_IT15','3WHS','Required'),('C4_IT15','3WNF','Required'),('C4_IT15','4ACN','Required'),('C4_IT15','4ACR','Required'),('C4_IT15','4BSWN','Elective'),('C4_IT15','4BUI','Elective'),('C4_IT15','4C#B','Required'),('C4_IT15','4CDE','Required'),('C4_IT15','4CEP','Required'),('C4_IT15','4CIRS6','Required'),('C4_IT15','4CMS','Required'),('C4_IT15','4CNS','Required'),('C4_IT15','4CYBCS','Elective'),('C4_IT15','4CYCSF','Elective'),('C4_IT15','4DBB','Required'),('C4_IT15','4DMT','Elective'),('C4_IT15','4DWP','Required'),('C4_IT15','4HTML5','Required'),('C4_IT15','4ICI','Required'),('C4_IT15','4IRCP','Required'),('C4_IT15','4JSB','Required'),('C4_IT15','4LTSF','Elective'),('C4_IT15','4PICTS','Elective'),('C4_IT15','4POTO','Required'),('C4_IT15','4PRHS','Required'),('C4_IT15','4SCCM','Required'),('C4_IT15','4STDA','Required'),('C4_IT15','4SWP','Required'),('C4_IT15','5ICW','Required'),('C4_IT15','5TST','Elective'),('C4_NET11','3ITE','Underpinning'),('C4_NET11','3WHS','Required'),('C4_NET11','3WNF','Required'),('C4_NET11','3WSF','Underpinning'),('C4_NET11','4AWS','Required'),('C4_NET11','4CEP','Required'),('C4_NET11','4CIN','Required'),('C4_NET11','4IVM','Required'),('C4_NET11','4LXA','Required'),('C4_NET11','5ICW','Required'),('C4_NET15','3CIHW','Underpinning'),('C4_NET15','3PRB','Underpinning'),('C4_NET15','3WHS','Required'),('C4_NET15','4BSWN','Required'),('C4_NET15','4CDE','Required'),('C4_NET15','4CEP','Required'),('C4_NET15','4CIRS6','Required'),('C4_NET15','4CMDB','Required'),('C4_NET15','4CNS','Required'),('C4_NET15','4IMWS','Required'),('C4_NET15','4IVM','Required'),('C4_NET15','4LTSF','Required'),('C4_NET15','4PICTS','Required'),('C4_NET15','4SCCM','Required'),('C4_NET15','5ICW','Required'),('C4_NET15','5IUOS','Required'),('C4_PRG05','4AP','Required'),('C4_PRG11','3ITE1','Underpinning'),('C4_PRG11','3PRB','Underpinning'),('C4_PRG11','3WHS','Required'),('C4_PRG11','4C#B','Required'),('C4_PRG11','4C#M','Required'),('C4_PRG11','4CEP','Required'),('C4_PRG11','4DBB','Required'),('C4_PRG11','4HTML5','Underpinning'),('C4_PRG11','4JAB','Required'),('C4_PRG11','4JSB','Required'),('C4_PRG11','4SDB','Required'),('C4_PRG11','4SPRJ','Required'),('C4_PRG11','4TST','Required'),('C4_PRG11','4UMLB','Underpinning'),('C4_PRG11','5EWD','Required'),('C4_PRG15','3PRB','Underpinning'),('C4_PRG15','3WHS','Required'),('C4_PRG15','4BUI','Required'),('C4_PRG15','4C#B','Required'),('C4_PRG15','4C#M','Required'),('C4_PRG15','4CEP','Required'),('C4_PRG15','4DBB','Required'),('C4_PRG15','4HTML5','Underpinning'),('C4_PRG15','4JAB','Required'),('C4_PRG15','4JSB','Required'),('C4_PRG15','4SDB','Required'),('C4_PRG15','4SPRJ','Required'),('C4_PRG15','5EWD','Required'),('C4_PRG15','5TST','Required'),('C4_WBT11','3PRB','Underpinning'),('C4_WBT11','3WHS','Required'),('C4_WBT11','42DA','Elective'),('C4_WBT11','4CEP','Required'),('C4_WBT11','4DBB','Required'),('C4_WBT11','4DIW','Elective'),('C4_WBT11','4DWL','Required'),('C4_WBT11','4DWR','Required'),('C4_WBT11','4EHS','Required'),('C4_WBT11','4FTP','Required'),('C4_WBT11','4HTML5','Required'),('C4_WBT11','4JSB','Required'),('C4_WBT11','4MWA','Elective'),('C4_WBT11','4PHP','Required'),('C4_WBT11','4SEO','Required'),('C4_WBT11','4WAP','Required'),('C4_WBT11','4WAU','Required'),('C4_WBT15','3PRB','Underpinning'),('C4_WBT15','3WHS','Required'),('C4_WBT15','4CEP','Required'),('C4_WBT15','4CMS','Required'),('C4_WBT15','4DBB','Required'),('C4_WBT15','4DWL','Required'),('C4_WBT15','4DWR','Required'),('C4_WBT15','4EHS','Required'),('C4_WBT15','4FTP','Required'),('C4_WBT15','4HTML5','Required'),('C4_WBT15','4JSB','Required'),('C4_WBT15','4MWA','Elective'),('C4_WBT15','4PHP','Required'),('C4_WBT15','4SEO','Required'),('C4_WBT15','4SSP','Elective'),('C4_WBT15','4VGC','Required'),('C4_WBT15','4WAP','Required'),('C4_WBT15','4WAU','Required'),('C4_WBT15','5DIW','Elective'),('D_DM11','3PRB','Underpinning'),('D_DM11','3WHS','Underpinning'),('D_DM11','42DA','Underpinning'),('D_DM11','43DM','Underpinning'),('D_DM11','4CEP','Required'),('D_DM11','4DIW','Underpinning'),('D_DM11','4DVP','Underpinning'),('D_DM11','4DWL','Underpinning'),('D_DM11','4HTML5','Required'),('D_DM11','4JSB','Underpinning'),('D_DM11','4MWA','Underpinning'),('D_DM11','4SSP','Underpinning'),('D_DM11','4VGC','Underpinning'),('D_DM11','4WDM','Required'),('D_DM11','52DA','Required'),('D_DM11','53DA','Required'),('D_DM11','5DMP','Required'),('D_DM11','5DVE','Required'),('D_DM11','5EDI','Required'),('D_DM11','5ITPM','Required'),('D_DM11','5MWD','Required'),('D_DM11','5MWP','Required'),('D_DM11','5PHP','Required'),('D_DM11','5PVP','Required'),('D_DM11','5WHSM','Required'),('D_DM15','3PRB','Underpinning'),('D_DM15','3WHS','Underpinning'),('D_DM15','4CEP','Required'),('D_DM15','4CMS','Underpinning'),('D_DM15','4DVP','Underpinning'),('D_DM15','4DWL','Elective'),('D_DM15','4HTML5','Required'),('D_DM15','4JSB','Underpinning'),('D_DM15','4SSP','Underpinning'),('D_DM15','4VGC','Underpinning'),('D_DM15','4WDM','Required'),('D_DM15','53DA','Required'),('D_DM15','5DIW','Elective'),('D_DM15','5DMP','Required'),('D_DM15','5DVE','Required'),('D_DM15','5EDI','Required'),('D_DM15','5JSI','Required'),('D_DM15','5MITP','Required'),('D_DM15','5MWD','Required'),('D_DM15','5MWP','Required'),('D_DM15','5PVP','Required'),('D_DM15','5WHSM','Required'),('D_DM15','5WORK1','Required'),('D_NET11','3ITE','Underpinning'),('D_NET11','3WNF','Underpinning'),('D_NET11','3WSF','Underpinning'),('D_NET11','4AWS','Underpinning'),('D_NET11','4CEP','Required'),('D_NET11','4CIN','Underpinning'),('D_NET11','4IVM','Underpinning'),('D_NET11','4LXA','Underpinning'),('D_NET11','5CCN','Elective'),('D_NET11','5CNW','Required'),('D_NET11','5CRS','Required'),('D_NET11','5CSN','Elective'),('D_NET11','5ECS','Required'),('D_NET11','5EVC','Elective'),('D_NET11','5ICW','Required'),('D_NET11','5ISV','Required'),('D_NET11','5LXN','Elective'),('D_NET15','3CIHW','Underpinning'),('D_NET15','3PRB','Underpinning'),('D_NET15','4BSWN','Underpinning'),('D_NET15','4CDE','Underpinning'),('D_NET15','4CEP','Required'),('D_NET15','4CIRS6','Underpinning'),('D_NET15','4CMDB','Underpinning'),('D_NET15','4CNS','Underpinning'),('D_NET15','4IMWS','Underpinning'),('D_NET15','4IVM','Underpinning'),('D_NET15','4PICTS','Underpinning'),('D_NET15','5CCN6','Required'),('D_NET15','5CNW','Required'),('D_NET15','5CRS6','Required'),('D_NET15','5CSN6','Required'),('D_NET15','5ECS','Required'),('D_NET15','5ICW','Required'),('D_NET15','5ISV','Required'),('D_NET15','5IUOS','Required'),('D_NET15','5LXN','Required'),('D_SD11','3ITE1','Underpinning'),('D_SD11','3PRB','Underpinning'),('D_SD11','4C#B','Underpinning'),('D_SD11','4C#M','Required'),('D_SD11','4CEP','Required'),('D_SD11','4DBB','Underpinning'),('D_SD11','4HTML5','Underpinning'),('D_SD11','4JAB','Underpinning'),('D_SD11','4JSB','Underpinning'),('D_SD11','4SDB','Underpinning'),('D_SD11','4TST','Underpinning'),('D_SD11','4UMLB','Underpinning'),('D_SD11','5C#W','Required'),('D_SD11','5DD','Required'),('D_SD11','5IOSMD','Required'),('D_SD11','5JAM','Required'),('D_SD11','5JAW','Required'),('D_SD11','5SDA','Required'),('D_SD11','5TSD','Required'),('D_SD11','5WORK','Required'),('D_SD11','6CLP','Required'),('D_SD11','6MITP','Required'),('D_SD15','3PRB','Underpinning'),('D_SD15','4BUI','Underpinning'),('D_SD15','4C#B','Underpinning'),('D_SD15','4C#M','Required'),('D_SD15','4CEP','Required'),('D_SD15','4DBB','Underpinning'),('D_SD15','4HTML5','Underpinning'),('D_SD15','4JAB','Underpinning'),('D_SD15','4JSB','Underpinning'),('D_SD15','4SDB','Underpinning'),('D_SD15','5C#W','Required'),('D_SD15','5DD','Required'),('D_SD15','5IOSMD','Required'),('D_SD15','5JAM','Required'),('D_SD15','5JAW','Required'),('D_SD15','5MITP','Required'),('D_SD15','5SDA','Required'),('D_SD15','5TSD','Required'),('D_SD15','5TST','Required'),('D_SD15','5WORK1','Required'),('D_SD15','5WORK2','Required'),('D_SD15','6CLP','Required'),('D_WEB11','3PRB','Underpinning'),('D_WEB11','42DA','Underpinning'),('D_WEB11','4CEP','Required'),('D_WEB11','4DBB','Underpinning'),('D_WEB11','4DIW','Underpinning'),('D_WEB11','4DWR','Underpinning'),('D_WEB11','4HTML5','Underpinning'),('D_WEB11','4JSB','Underpinning'),('D_WEB11','4MWA','Elective'),('D_WEB11','4PHP','Underpinning'),('D_WEB11','4SEO','Required'),('D_WEB11','4WAP','Underpinning'),('D_WEB11','4WAU','Underpinning'),('D_WEB11','52DA','Required'),('D_WEB11','5AWT','Required'),('D_WEB11','5DVE','Required'),('D_WEB11','5DWS','Required'),('D_WEB11','5EWD','Required'),('D_WEB11','5MWD','Required'),('D_WEB11','5WHSM','Required'),('D_WEB15','3PRB','Underpinning'),('D_WEB15','4CEP','Required'),('D_WEB15','4CMS','Underpinning'),('D_WEB15','4DBB','Underpinning'),('D_WEB15','4DWR','Underpinning'),('D_WEB15','4HTML5','Underpinning'),('D_WEB15','4JSB','Underpinning'),('D_WEB15','4PHP','Underpinning'),('D_WEB15','4SEO','Required'),('D_WEB15','4WAP','Required'),('D_WEB15','4WAU','Underpinning'),('D_WEB15','5AWT','Required'),('D_WEB15','5DIW','Required'),('D_WEB15','5DVE','Required'),('D_WEB15','5DWS','Required'),('D_WEB15','5EWD','Required'),('D_WEB15','5JSI','Required'),('D_WEB15','5MITP','Required'),('D_WEB15','5MWD','Required'),('D_WEB15','5WHSM','Required'),('D_WEB15','5WORK1','Required'),('D_WEB15','5WORK2','Required'),('SS_HWTech11','3ITE','Required'),('SS_HWTech11','3PITA','Required'),('SS_HWTech11','3WNF','Required'),('SS_HWTech15','3ESS','Required'),('SS_HWTech15','3PITA','Required'),('SS_HWTech15','3SPT','Required'),('SS_HWTech15','3WNF','Required');
/*!40000 ALTER TABLE `subject_qualification` ENABLE KEYS */;
UNLOCK TABLES;

--
-- Table structure for table `term_datetime`
--

DROP TABLE IF EXISTS `term_datetime`;
/*!40101 SET @saved_cs_client     = @@character_set_client */;
 SET character_set_client = utf8mb4 ;
CREATE TABLE `term_datetime` (
  `TermCode` int(1) NOT NULL,
  `TermYear` int(4) NOT NULL,
  `StartDate` date NOT NULL,
  `EndDate` date NOT NULL,
  `SemesterCode` int(1) NOT NULL,
  PRIMARY KEY (`TermCode`,`TermYear`)
) ENGINE=InnoDB DEFAULT CHARSET=utf8mb4 COLLATE=utf8mb4_0900_ai_ci;
/*!40101 SET character_set_client = @saved_cs_client */;

--
-- Dumping data for table `term_datetime`
--

LOCK TABLES `term_datetime` WRITE;
/*!40000 ALTER TABLE `term_datetime` DISABLE KEYS */;
INSERT INTO `term_datetime` VALUES (1,2016,'2016-02-15','2016-04-10',1),(1,2017,'2017-02-13','2017-04-07',1),(1,2018,'2018-02-12','2018-04-06',1),(1,2019,'2019-02-11','2019-04-05',1),(2,2016,'2016-04-11','2016-06-17',1),(2,2017,'2017-04-10','2017-06-16',1),(2,2018,'2018-04-09','2018-06-15',1),(2,2019,'2019-04-08','2019-06-14',1),(3,2016,'2016-08-01','2016-09-23',2),(3,2017,'2017-07-31','2017-09-22',2),(3,2018,'2018-07-30','2018-09-21',2),(3,2019,'2019-07-29','2019-09-20',2),(4,2016,'2016-10-15','2016-12-09',2),(4,2017,'2017-10-16','2017-12-08',2),(4,2018,'2018-10-15','2018-12-07',2),(4,2019,'2019-10-14','2019-12-06',2),(2016,1,'2016-02-15','2016-04-10',1),(2016,2,'2016-04-11','2016-06-17',1),(2016,3,'2016-08-01','2016-09-23',2),(2016,4,'2016-10-15','2016-12-09',2),(2017,1,'2017-02-13','2017-04-07',1),(2017,2,'2017-04-10','2017-06-16',1),(2017,3,'2017-07-31','2017-09-22',2),(2017,4,'2017-10-16','2017-12-08',2),(2018,1,'2018-02-12','2018-04-06',1),(2018,2,'2018-04-09','2018-06-15',1),(2018,3,'2018-07-30','2018-09-21',2),(2018,4,'2018-10-15','2018-12-07',2),(2019,1,'2018-02-11','2018-04-05',1),(2019,2,'2018-04-08','2018-06-14',1),(2019,3,'2018-07-29','2018-09-20',2),(2019,4,'2018-10-14','2018-12-06',2);
/*!40000 ALTER TABLE `term_datetime` ENABLE KEYS */;
UNLOCK TABLES;
/*!40103 SET TIME_ZONE=@OLD_TIME_ZONE */;

/*!40101 SET SQL_MODE=@OLD_SQL_MODE */;
/*!40014 SET FOREIGN_KEY_CHECKS=@OLD_FOREIGN_KEY_CHECKS */;
/*!40014 SET UNIQUE_CHECKS=@OLD_UNIQUE_CHECKS */;
/*!40101 SET CHARACTER_SET_CLIENT=@OLD_CHARACTER_SET_CLIENT */;
/*!40101 SET CHARACTER_SET_RESULTS=@OLD_CHARACTER_SET_RESULTS */;
/*!40101 SET COLLATION_CONNECTION=@OLD_COLLATION_CONNECTION */;
/*!40111 SET SQL_NOTES=@OLD_SQL_NOTES */;

-- Dump completed on 2019-08-30 15:12:25
